colony_id,name,reg_number,category,boundary_delineated,map_number,satellite_boundary_pdf_url,final_boundary_pdf_url,upload_date,remarks,source_link
1,Sainik Farms,,affluent,0,,,,,Inhabited by affluent section; excluded from PM-UDAY scheme under Regulation 3(1),https://dda.gov.in/sites/default/files/pmuday/2.%20List%20of%2069%20Unauthorized%20Colonies%20Inhabitated%20By%20Affluent%20Section%20of%20Society.pdf
2,Mahendru Enclave,,affluent,0,,,,,Inhabited by affluent section; excluded from PM-UDAY scheme under Regulation 3(1),https://dda.gov.in/sites/default/files/pmuday/2.%20List%20of%2069%20Unauthorized%20Colonies%20Inhabitated%20By%20Affluent%20Section%20of%20Society.pdf
3,Anant Ram Dairy,,affluent,0,,,,,Inhabited by affluent section; excluded from PM-UDAY scheme under Regulation 3(1),https://dda.gov.in/sites/default/files/pmuday/2.%20List%20of%2069%20Unauthorized%20Colonies%20Inhabitated%20By%20Affluent%20Section%20of%20Society.pdf
4,Defence Service Enclave (Sainik Farm),453,affluent,0,,,,,Inhabited by affluent section; excluded from PM-UDAY scheme under Regulation 3(1),https://dda.gov.in/sites/default/files/pmuday/2.%20List%20of%2069%20Unauthorized%20Colonies%20Inhabitated%20By%20Affluent%20Section%20of%20Society.pdf
5,"Anupam Garden, Delhi-68 South Chhatarpur",519,affluent,0,,,,,Inhabited by affluent section; excluded from PM-UDAY scheme under Regulation 3(1),https://dda.gov.in/sites/default/files/pmuday/2.%20List%20of%2069%20Unauthorized%20Colonies%20Inhabitated%20By%20Affluent%20Section%20of%20Society.pdf
6,"KhirkiExtn. Colony Carriappa Marg, M.B. Road, New Delhi-62",738,affluent,0,,,,,Inhabited by affluent section; excluded from PM-UDAY scheme under Regulation 3(1),https://dda.gov.in/sites/default/files/pmuday/2.%20List%20of%2069%20Unauthorized%20Colonies%20Inhabitated%20By%20Affluent%20Section%20of%20Society.pdf
7,"12- Defence Service Enclave, Khanpur, New Delhi62 South SangamVihar (ELD)",,affluent,0,,,,,Inhabited by affluent section; excluded from PM-UDAY scheme under Regulation 3(1),https://dda.gov.in/sites/default/files/pmuday/2.%20List%20of%2069%20Unauthorized%20Colonies%20Inhabitated%20By%20Affluent%20Section%20of%20Society.pdf
8,Sainik Farms Western Avenue N.Delhi,1295,affluent,0,,,,,Inhabited by affluent section; excluded from PM-UDAY scheme under Regulation 3(1),https://dda.gov.in/sites/default/files/pmuday/2.%20List%20of%2069%20Unauthorized%20Colonies%20Inhabitated%20By%20Affluent%20Section%20of%20Society.pdf
9,"Freedom Fighters Enclave, IGNOU Road, Neb Sarai, New Delhi-68 South Chhatarpur",143,affluent,0,,,,,Inhabited by affluent section; excluded from PM-UDAY scheme under Regulation 3(1),https://dda.gov.in/sites/default/files/pmuday/2.%20List%20of%2069%20Unauthorized%20Colonies%20Inhabitated%20By%20Affluent%20Section%20of%20Society.pdf
10,"Freedom Fighters Colony, Neb Sarai South Chhatarpur",165,affluent,0,,,,,Inhabited by affluent section; excluded from PM-UDAY scheme under Regulation 3(1),https://dda.gov.in/sites/default/files/pmuday/2.%20List%20of%2069%20Unauthorized%20Colonies%20Inhabitated%20By%20Affluent%20Section%20of%20Society.pdf
11,"44- Freedom Fighters Comunity Development & Welfare Association, Neb Sarai New Delhi 68 (LOP)",,affluent,0,,,,,Inhabited by affluent section; excluded from PM-UDAY scheme under Regulation 3(1),https://dda.gov.in/sites/default/files/pmuday/2.%20List%20of%2069%20Unauthorized%20Colonies%20Inhabitated%20By%20Affluent%20Section%20of%20Society.pdf
12,FreedomFightersEnclave Delhi-68,1389,affluent,0,,,,,Inhabited by affluent section; excluded from PM-UDAY scheme under Regulation 3(1),https://dda.gov.in/sites/default/files/pmuday/2.%20List%20of%2069%20Unauthorized%20Colonies%20Inhabitated%20By%20Affluent%20Section%20of%20Society.pdf
13,"Freedom Fighters Enclave, Near Neb Sarai, Mehrauli, Delhi-68",1355,affluent,0,,,,,Inhabited by affluent section; excluded from PM-UDAY scheme under Regulation 3(1),https://dda.gov.in/sites/default/files/pmuday/2.%20List%20of%2069%20Unauthorized%20Colonies%20Inhabitated%20By%20Affluent%20Section%20of%20Society.pdf
14,"Freedom Fighters Enclave, Near Neb Sarai, Mehrauli, Delhi-68",1355 B,affluent,0,,,,,Inhabited by affluent section; excluded from PM-UDAY scheme under Regulation 3(1),https://dda.gov.in/sites/default/files/pmuday/2.%20List%20of%2069%20Unauthorized%20Colonies%20Inhabitated%20By%20Affluent%20Section%20of%20Society.pdf
15,Freedam Fighters Enclave Neb Sarai Delhi-68,1031,affluent,0,,,,,Inhabited by affluent section; excluded from PM-UDAY scheme under Regulation 3(1),https://dda.gov.in/sites/default/files/pmuday/2.%20List%20of%2069%20Unauthorized%20Colonies%20Inhabitated%20By%20Affluent%20Section%20of%20Society.pdf
16,"Freedom Fighters Vihar, Nebsarai, New Delhi",294,affluent,0,,,,,Inhabited by affluent section; excluded from PM-UDAY scheme under Regulation 3(1),https://dda.gov.in/sites/default/files/pmuday/2.%20List%20of%2069%20Unauthorized%20Colonies%20Inhabitated%20By%20Affluent%20Section%20of%20Society.pdf
17,Freedom Fighters Enclave Neb Sarai Delhi-68,1120,affluent,0,,,,,Inhabited by affluent section; excluded from PM-UDAY scheme under Regulation 3(1),https://dda.gov.in/sites/default/files/pmuday/2.%20List%20of%2069%20Unauthorized%20Colonies%20Inhabitated%20By%20Affluent%20Section%20of%20Society.pdf
18,"Freedom Fighter Enclave, Nev Sarai, Delhi-68",459,affluent,0,,,,,Inhabited by affluent section; excluded from PM-UDAY scheme under Regulation 3(1),https://dda.gov.in/sites/default/files/pmuday/2.%20List%20of%2069%20Unauthorized%20Colonies%20Inhabitated%20By%20Affluent%20Section%20of%20Society.pdf
19,"FF CC Colony, Neb Sarai, New Delhi South Chhatarpur",1587,affluent,0,,,,,Inhabited by affluent section; excluded from PM-UDAY scheme under Regulation 3(1),https://dda.gov.in/sites/default/files/pmuday/2.%20List%20of%2069%20Unauthorized%20Colonies%20Inhabitated%20By%20Affluent%20Section%20of%20Society.pdf
20,Neb Sarai Extn.Area Delhi-68,978,affluent,0,,,,,Inhabited by affluent section; excluded from PM-UDAY scheme under Regulation 3(1),https://dda.gov.in/sites/default/files/pmuday/2.%20List%20of%2069%20Unauthorized%20Colonies%20Inhabitated%20By%20Affluent%20Section%20of%20Society.pdf
21,"Neb Sarai Extn,.Ph-II IGNOU Road Delhi",1244 A,affluent,0,,,,,Inhabited by affluent section; excluded from PM-UDAY scheme under Regulation 3(1),https://dda.gov.in/sites/default/files/pmuday/2.%20List%20of%2069%20Unauthorized%20Colonies%20Inhabitated%20By%20Affluent%20Section%20of%20Society.pdf
22,"Indira Enclave, Neb Sarai",330,affluent,0,,,,,Inhabited by affluent section; excluded from PM-UDAY scheme under Regulation 3(1),https://dda.gov.in/sites/default/files/pmuday/2.%20List%20of%2069%20Unauthorized%20Colonies%20Inhabitated%20By%20Affluent%20Section%20of%20Society.pdf
23,"Neb Valley IGNOU Road, Neb Sarai, Delhi-68",1119,affluent,0,,,,,Inhabited by affluent section; excluded from PM-UDAY scheme under Regulation 3(1),https://dda.gov.in/sites/default/files/pmuday/2.%20List%20of%2069%20Unauthorized%20Colonies%20Inhabitated%20By%20Affluent%20Section%20of%20Society.pdf
24,"Neb Sarai Extn,.Ph-II IGNOU Road Delhi",1244,affluent,0,,,,,Inhabited by affluent section; excluded from PM-UDAY scheme under Regulation 3(1),https://dda.gov.in/sites/default/files/pmuday/2.%20List%20of%2069%20Unauthorized%20Colonies%20Inhabitated%20By%20Affluent%20Section%20of%20Society.pdf
25,31- Neb Sarai Extn. Area New Delhi 68 South Chhatarpur (LOP),,affluent,0,,,,,Inhabited by affluent section; excluded from PM-UDAY scheme under Regulation 3(1),https://dda.gov.in/sites/default/files/pmuday/2.%20List%20of%2069%20Unauthorized%20Colonies%20Inhabitated%20By%20Affluent%20Section%20of%20Society.pdf
26,108- Neb Sarai New Delhi 68 (ELD),,affluent,0,,,,,Inhabited by affluent section; excluded from PM-UDAY scheme under Regulation 3(1),https://dda.gov.in/sites/default/files/pmuday/2.%20List%20of%2069%20Unauthorized%20Colonies%20Inhabitated%20By%20Affluent%20Section%20of%20Society.pdf
27,"128- Neb Sarai, Saidulajab Market Association New Delhi 68 (ELD)",,affluent,0,,,,,Inhabited by affluent section; excluded from PM-UDAY scheme under Regulation 3(1),https://dda.gov.in/sites/default/files/pmuday/2.%20List%20of%2069%20Unauthorized%20Colonies%20Inhabitated%20By%20Affluent%20Section%20of%20Society.pdf
28,"Dang Complex, IGNOU Road, SaidulajabExtn., New Delh-30 South Chhatarpur",154,affluent,0,,,,,Inhabited by affluent section; excluded from PM-UDAY scheme under Regulation 3(1),https://dda.gov.in/sites/default/files/pmuday/2.%20List%20of%2069%20Unauthorized%20Colonies%20Inhabitated%20By%20Affluent%20Section%20of%20Society.pdf
29,SaidulajabExtn.Paryavaran Complex Delhi-30 South Chhatarpur,1054,affluent,0,,,,,Inhabited by affluent section; excluded from PM-UDAY scheme under Regulation 3(1),https://dda.gov.in/sites/default/files/pmuday/2.%20List%20of%2069%20Unauthorized%20Colonies%20Inhabitated%20By%20Affluent%20Section%20of%20Society.pdf
30,"SaidulatabExtn.J-Block, Paryavaran Complex, Delhi-30",1415,affluent,0,,,,,Inhabited by affluent section; excluded from PM-UDAY scheme under Regulation 3(1),https://dda.gov.in/sites/default/files/pmuday/2.%20List%20of%2069%20Unauthorized%20Colonies%20Inhabitated%20By%20Affluent%20Section%20of%20Society.pdf
31,"SaidulajaibExtn., Kohinoor Enclave, M.B.Road, Opp. CISF Complex",1446,affluent,0,,,,,Inhabited by affluent section; excluded from PM-UDAY scheme under Regulation 3(1),https://dda.gov.in/sites/default/files/pmuday/2.%20List%20of%2069%20Unauthorized%20Colonies%20Inhabitated%20By%20Affluent%20Section%20of%20Society.pdf
32,"SaidulajabExtn. Mehrauli, New Delhi-68",126,affluent,0,,,,,Inhabited by affluent section; excluded from PM-UDAY scheme under Regulation 3(1),https://dda.gov.in/sites/default/files/pmuday/2.%20List%20of%2069%20Unauthorized%20Colonies%20Inhabitated%20By%20Affluent%20Section%20of%20Society.pdf
33,"SaidulajaibExtn., New Delhi-30",1513 A,affluent,0,,,,,Inhabited by affluent section; excluded from PM-UDAY scheme under Regulation 3(1),https://dda.gov.in/sites/default/files/pmuday/2.%20List%20of%2069%20Unauthorized%20Colonies%20Inhabitated%20By%20Affluent%20Section%20of%20Society.pdf
34,"SaidulajaibExtn., New Delhi-30",1513 B,affluent,0,,,,,Inhabited by affluent section; excluded from PM-UDAY scheme under Regulation 3(1),https://dda.gov.in/sites/default/files/pmuday/2.%20List%20of%2069%20Unauthorized%20Colonies%20Inhabitated%20By%20Affluent%20Section%20of%20Society.pdf
35,114- Saidulajaib Village Residance Welfare (ELD) Association New Delhi,,affluent,0,,,,,Inhabited by affluent section; excluded from PM-UDAY scheme under Regulation 3(1),https://dda.gov.in/sites/default/files/pmuday/2.%20List%20of%2069%20Unauthorized%20Colonies%20Inhabitated%20By%20Affluent%20Section%20of%20Society.pdf
36,"Sultan Apartment, Gali No.2, SaidullaJaib, M.B.Road, Delhi-30",374,affluent,0,,,,,Inhabited by affluent section; excluded from PM-UDAY scheme under Regulation 3(1),https://dda.gov.in/sites/default/files/pmuday/2.%20List%20of%2069%20Unauthorized%20Colonies%20Inhabitated%20By%20Affluent%20Section%20of%20Society.pdf
37,"HarcharanBagh, Andheria More, Vasant Kunj Road, Delhi-30 South Mehrauli",129,affluent,0,,,,,Inhabited by affluent section; excluded from PM-UDAY scheme under Regulation 3(1),https://dda.gov.in/sites/default/files/pmuday/2.%20List%20of%2069%20Unauthorized%20Colonies%20Inhabitated%20By%20Affluent%20Section%20of%20Society.pdf
38,Shanti Kunj ( Main) Near Church Vasant Kunj Delhi-70 South Mehrauli,1112,affluent,0,,,,,Inhabited by affluent section; excluded from PM-UDAY scheme under Regulation 3(1),https://dda.gov.in/sites/default/files/pmuday/2.%20List%20of%2069%20Unauthorized%20Colonies%20Inhabitated%20By%20Affluent%20Section%20of%20Society.pdf
39,"Shanti Kunj, Behind Sect.-D, Pocket III & IV, Vasant Kunj South Mehrauli",83,affluent,0,,,,,Inhabited by affluent section; excluded from PM-UDAY scheme under Regulation 3(1),https://dda.gov.in/sites/default/files/pmuday/2.%20List%20of%2069%20Unauthorized%20Colonies%20Inhabitated%20By%20Affluent%20Section%20of%20Society.pdf
40,"Shanti Kunj Behind Deep Public School, Vasant Kunj) Delhi-70 South Mehrauli",1144,affluent,0,,,,,Inhabited by affluent section; excluded from PM-UDAY scheme under Regulation 3(1),https://dda.gov.in/sites/default/files/pmuday/2.%20List%20of%2069%20Unauthorized%20Colonies%20Inhabitated%20By%20Affluent%20Section%20of%20Society.pdf
41,"BhawaniKunj behind Sector D-II, Vasant Kunj, New Delhi-70 South Mehrauli",5,affluent,0,,,,,Inhabited by affluent section; excluded from PM-UDAY scheme under Regulation 3(1),https://dda.gov.in/sites/default/files/pmuday/2.%20List%20of%2069%20Unauthorized%20Colonies%20Inhabitated%20By%20Affluent%20Section%20of%20Society.pdf
42,"BhawaniKunj Near Vasant Kunj, Delhi-70 South Mehrauli",576,affluent,0,,,,,Inhabited by affluent section; excluded from PM-UDAY scheme under Regulation 3(1),https://dda.gov.in/sites/default/files/pmuday/2.%20List%20of%2069%20Unauthorized%20Colonies%20Inhabitated%20By%20Affluent%20Section%20of%20Society.pdf
43,"Shri Sai Kunj, Mehrauli, Delhi-70 South Mehrauli",504,affluent,0,,,,,Inhabited by affluent section; excluded from PM-UDAY scheme under Regulation 3(1),https://dda.gov.in/sites/default/files/pmuday/2.%20List%20of%2069%20Unauthorized%20Colonies%20Inhabitated%20By%20Affluent%20Section%20of%20Society.pdf
44,Asha Kunj Vasant Kunj Delhi-70 South Mehrauli,1343,affluent,0,,,,,Inhabited by affluent section; excluded from PM-UDAY scheme under Regulation 3(1),https://dda.gov.in/sites/default/files/pmuday/2.%20List%20of%2069%20Unauthorized%20Colonies%20Inhabitated%20By%20Affluent%20Section%20of%20Society.pdf
45,"110- The Haven Athene Hospitality Services Pvt. Ltd,Property No. 4-1-14, Ward- I, Kalka Das (ELD) Marg, Mehrauli New Delhi 30",,affluent,0,,,,,Inhabited by affluent section; excluded from PM-UDAY scheme under Regulation 3(1),https://dda.gov.in/sites/default/files/pmuday/2.%20List%20of%2069%20Unauthorized%20Colonies%20Inhabitated%20By%20Affluent%20Section%20of%20Society.pdf
46,"111- The Sunridge, Sunridge India Heritage Pvt. Ltd.Haveli Sarai No. 6, Kalka Das Marg (ELD) Mehrauli, New Delhi 30",,affluent,0,,,,,Inhabited by affluent section; excluded from PM-UDAY scheme under Regulation 3(1),https://dda.gov.in/sites/default/files/pmuday/2.%20List%20of%2069%20Unauthorized%20Colonies%20Inhabitated%20By%20Affluent%20Section%20of%20Society.pdf
47,"112- The Qila, SunridgeQila Resorts Pvt. Ltd. 4A, Ward -I, Kalka Das Marg Mehrauli New (ELD) Delhi",,affluent,0,,,,,Inhabited by affluent section; excluded from PM-UDAY scheme under Regulation 3(1),https://dda.gov.in/sites/default/files/pmuday/2.%20List%20of%2069%20Unauthorized%20Colonies%20Inhabitated%20By%20Affluent%20Section%20of%20Society.pdf
48,"109- The Sunridge, Sunridge India Heritage Pvt. Ltd.Haveli Sarai No. 8, Kalka Das Marg (ELD) Mehrauli, New Delhi 30",,affluent,0,,,,,Inhabited by affluent section; excluded from PM-UDAY scheme under Regulation 3(1),https://dda.gov.in/sites/default/files/pmuday/2.%20List%20of%2069%20Unauthorized%20Colonies%20Inhabitated%20By%20Affluent%20Section%20of%20Society.pdf
49,"Amaltas Avenue (Samalka) Colony, Rajokri, Delhi",556,affluent,0,,,,,Inhabited by affluent section; excluded from PM-UDAY scheme under Regulation 3(1),https://dda.gov.in/sites/default/files/pmuday/2.%20List%20of%2069%20Unauthorized%20Colonies%20Inhabitated%20By%20Affluent%20Section%20of%20Society.pdf
50,"Vasant Kunj Enclave, Delhi-70 New Delhi Bijwasan",425,affluent,0,,,,,Inhabited by affluent section; excluded from PM-UDAY scheme under Regulation 3(1),https://dda.gov.in/sites/default/files/pmuday/2.%20List%20of%2069%20Unauthorized%20Colonies%20Inhabitated%20By%20Affluent%20Section%20of%20Society.pdf
51,"Vasant Kunj Enclave, B-Block, MlikapurKohi, Village Rangpuri New Delhi Bijwasan",62,affluent,0,,,,,Inhabited by affluent section; excluded from PM-UDAY scheme under Regulation 3(1),https://dda.gov.in/sites/default/files/pmuday/2.%20List%20of%2069%20Unauthorized%20Colonies%20Inhabitated%20By%20Affluent%20Section%20of%20Society.pdf
52,"143- RuchiVihar, Rang Puri Abutting Block-B, Delhi 37 South West Bijwasan (ELD)",,affluent,0,,,,,Inhabited by affluent section; excluded from PM-UDAY scheme under Regulation 3(1),https://dda.gov.in/sites/default/files/pmuday/2.%20List%20of%2069%20Unauthorized%20Colonies%20Inhabitated%20By%20Affluent%20Section%20of%20Society.pdf
53,"Defence Enclave, Mahipalpur, Extn.-II, New Delhi-37",321 A,affluent,0,,,,,Inhabited by affluent section; excluded from PM-UDAY scheme under Regulation 3(1),https://dda.gov.in/sites/default/files/pmuday/2.%20List%20of%2069%20Unauthorized%20Colonies%20Inhabitated%20By%20Affluent%20Section%20of%20Society.pdf
54,"Defence Enclave, Mahipalpur, Extn.-II, New Delhi-37",321 B,affluent,0,,,,,Inhabited by affluent section; excluded from PM-UDAY scheme under Regulation 3(1),https://dda.gov.in/sites/default/files/pmuday/2.%20List%20of%2069%20Unauthorized%20Colonies%20Inhabitated%20By%20Affluent%20Section%20of%20Society.pdf
55,"Defence Enclave Development Association , MahipalPurExtn. New Delhi-37",1593,affluent,0,,,,,Inhabited by affluent section; excluded from PM-UDAY scheme under Regulation 3(1),https://dda.gov.in/sites/default/files/pmuday/2.%20List%20of%2069%20Unauthorized%20Colonies%20Inhabitated%20By%20Affluent%20Section%20of%20Society.pdf
56,Chatterpur Mini Farms Chatterpur main Road Mehrauli New Delhi-62 South Chhatarpur,866,affluent,0,,,,,Inhabited by affluent section; excluded from PM-UDAY scheme under Regulation 3(1),https://dda.gov.in/sites/default/files/pmuday/2.%20List%20of%2069%20Unauthorized%20Colonies%20Inhabitated%20By%20Affluent%20Section%20of%20Society.pdf
57,"GadaiPurExtn., 26-A, Club Drive, GadaiPur Extn., Mehrauli, Gurgaon Road, GadaiPur, Delhi-30",2-(ELD),affluent,0,,,,,Inhabited by affluent section; excluded from PM-UDAY scheme under Regulation 3(1),https://dda.gov.in/sites/default/files/pmuday/2.%20List%20of%2069%20Unauthorized%20Colonies%20Inhabitated%20By%20Affluent%20Section%20of%20Society.pdf
58,"Green Medows, SatbariMehrauli, Delhi South Chhatarpur",591,affluent,0,,,,,Inhabited by affluent section; excluded from PM-UDAY scheme under Regulation 3(1),https://dda.gov.in/sites/default/files/pmuday/2.%20List%20of%2069%20Unauthorized%20Colonies%20Inhabitated%20By%20Affluent%20Section%20of%20Society.pdf
59,"31- Silver OAK Enclave, Village JonapurGadaiPur, Mandi Road, New Delhi-47 (ELD)",,affluent,0,,,,,Inhabited by affluent section; excluded from PM-UDAY scheme under Regulation 3(1),https://dda.gov.in/sites/default/files/pmuday/2.%20List%20of%2069%20Unauthorized%20Colonies%20Inhabitated%20By%20Affluent%20Section%20of%20Society.pdf
60,"Club Drive Colony, M.G. Road, Gadaipur (Opp.Ghitorni) South Chhatarpur",37,affluent,0,,,,,Inhabited by affluent section; excluded from PM-UDAY scheme under Regulation 3(1),https://dda.gov.in/sites/default/files/pmuday/2.%20List%20of%2069%20Unauthorized%20Colonies%20Inhabitated%20By%20Affluent%20Section%20of%20Society.pdf
61,68- SanskritikAurVikasSanstha OSHO Drive GadaipurExtn. Of Village GadaipurMehrauli (ELD) New Delhi,,affluent,0,,,,,Inhabited by affluent section; excluded from PM-UDAY scheme under Regulation 3(1),https://dda.gov.in/sites/default/files/pmuday/2.%20List%20of%2069%20Unauthorized%20Colonies%20Inhabitated%20By%20Affluent%20Section%20of%20Society.pdf
62,"47- Silver OAK Enclave, Village JonapurGadaipur (LOP) Mandi Road New Delhi 47",,affluent,0,,,,,Inhabited by affluent section; excluded from PM-UDAY scheme under Regulation 3(1),https://dda.gov.in/sites/default/files/pmuday/2.%20List%20of%2069%20Unauthorized%20Colonies%20Inhabitated%20By%20Affluent%20Section%20of%20Society.pdf
63,ChattarpurExtn.Mehrauli New Delhi-74,916,affluent,0,,,,,Inhabited by affluent section; excluded from PM-UDAY scheme under Regulation 3(1),https://dda.gov.in/sites/default/files/pmuday/2.%20List%20of%2069%20Unauthorized%20Colonies%20Inhabitated%20By%20Affluent%20Section%20of%20Society.pdf
64,ChattarpurExtn.Mehrauli New Delhi-74,735,affluent,0,,,,,Inhabited by affluent section; excluded from PM-UDAY scheme under Regulation 3(1),https://dda.gov.in/sites/default/files/pmuday/2.%20List%20of%2069%20Unauthorized%20Colonies%20Inhabitated%20By%20Affluent%20Section%20of%20Society.pdf
65,"Chattarpur Enclave, MehrauliChattarpur, Road, Delhi-68",480,affluent,0,,,,,Inhabited by affluent section; excluded from PM-UDAY scheme under Regulation 3(1),https://dda.gov.in/sites/default/files/pmuday/2.%20List%20of%2069%20Unauthorized%20Colonies%20Inhabitated%20By%20Affluent%20Section%20of%20Society.pdf
66,"Chattarpur Enclave, MehrauliChattarpur, Road, Delhi-68",480 B,affluent,0,,,,,Inhabited by affluent section; excluded from PM-UDAY scheme under Regulation 3(1),https://dda.gov.in/sites/default/files/pmuday/2.%20List%20of%2069%20Unauthorized%20Colonies%20Inhabitated%20By%20Affluent%20Section%20of%20Society.pdf
67,"Chattarpur Enclave, MehrauliChattarpur, Road, Delhi-68",480 C,affluent,0,,,,,Inhabited by affluent section; excluded from PM-UDAY scheme under Regulation 3(1),https://dda.gov.in/sites/default/files/pmuday/2.%20List%20of%2069%20Unauthorized%20Colonies%20Inhabitated%20By%20Affluent%20Section%20of%20Society.pdf
68,"Chattarpur Extn.,A-1, New Delhi",375,affluent,0,,,,,Inhabited by affluent section; excluded from PM-UDAY scheme under Regulation 3(1),https://dda.gov.in/sites/default/files/pmuday/2.%20List%20of%2069%20Unauthorized%20Colonies%20Inhabitated%20By%20Affluent%20Section%20of%20Society.pdf
69,"Chhatarpur Enclave Ph-I, Block-A, Maidan Garhi, Village Road",56,affluent,0,,,,,Inhabited by affluent section; excluded from PM-UDAY scheme under Regulation 3(1),https://dda.gov.in/sites/default/files/pmuday/2.%20List%20of%2069%20Unauthorized%20Colonies%20Inhabitated%20By%20Affluent%20Section%20of%20Society.pdf
70,Ladakh Budh Vihar Colony,1,regular,1,111,,https://dda.gov.in/sites/default/files/pmuday/111_1.pdf,2020-04-23,,https://dda.gov.in/delineated-boundary
71,"Prem Nagar-II, J- Block, Kirari Suleman Nagar, Nangloi",2,regular,1,1127,,https://dda.gov.in/sites/default/files/pmuday/1127_2.pdf,2020-06-09,,https://dda.gov.in/delineated-boundary
72,"Noor Nagar Extn., Jamia Nagar",3,regular,0,874,,,2020-06-03,,https://dda.gov.in/delineated-boundary
73,"Kotla Vihar Ph-II, Tilangpur",4,regular,1,1438,https://dda.gov.in/sites/default/files/pmuday/1438_4.pdf,,2020-01-06,,https://dda.gov.in/delineated-boundary
74,"Sangam Vihar, A-Block, New Delhi-62",6,regular,1,5,,https://dda.gov.in/sites/default/files/pmuday/05_258.pdf,2020-03-11,,https://dda.gov.in/delineated-boundary
75,"Harijan Basti, Masoodpur near Pocket-B, Sector7,8,9, Vasant Kunj",7,regular,1,19,,https://dda.gov.in/sites/default/files/pmuday/19_7.pdf,2020-03-11,,https://dda.gov.in/delineated-boundary
76,"Inder Prasth Colony Nathu Pura, Burari, Delhi-84",8-A,regular,1,7,https://dda.gov.in/sites/default/files/pmuday/07_501.pdf,,2019-11-16,,https://dda.gov.in/delineated-boundary
77,"Inder Prasth Colony Nathu Pura, Burari, Delhi-84",8-B,regular,0,1617,,,2020-04-27,"BOUNDARY OF COLONY CAN NOT BE DELINEATED AS PER ""SOP"" (""Shapefile"" of the colony is not available)",https://dda.gov.in/delineated-boundary
78,"Krishna Enclave Opp. C.R.P.F. Camp, Dichawn Road, Jharoda Kalan",9,regular,1,1552,https://dda.gov.in/sites/default/files/pmuday/1552_9.pdf,,2020-03-16,,https://dda.gov.in/delineated-boundary
79,"St. John Church Colony, Mehrauli, New Delhi-30",10,regular,1,457,,https://dda.gov.in/sites/default/files/pmuday/457_10.pdf,2020-05-22,,https://dda.gov.in/delineated-boundary
80,"Prem Nagar-II,L.M.P.Q. Block, Kirari,Suleman Nagar, Nangloi, New Delhi",11,regular,1,1159,,https://dda.gov.in/sites/default/files/pmuday/1159_11.pdf,2020-06-10,,https://dda.gov.in/delineated-boundary
81,"Prem Nagar-II, Kirari Suleman Nagar, Nangloi",12,regular,1,105,,https://dda.gov.in/sites/default/files/pmuday/105_12.pdf,2020-04-23,,https://dda.gov.in/delineated-boundary
82,"Prem Nagar-II,N-O, Block, Kirari, Nangloi, Delhi",13,regular,1,1158,,https://dda.gov.in/sites/default/files/pmuday/1158_13.pdf,2020-06-10,"(1) REGD. NO.39_Prem Nagar-II, O-Block, Part-II, Nangloi",https://dda.gov.in/delineated-boundary
83,"Somesh Vihar, Chhawla, Najafgarh",15,regular,1,625,https://dda.gov.in/sites/default/files/pmuday/625_15.pdf,,2019-12-04,,https://dda.gov.in/delineated-boundary
84,"Shastri Park Extn., (Buland Masjid), Delhi-53",16,regular,1,1264,https://dda.gov.in/sites/default/files/pmuday/1264_16.pdf,,2019-12-19,,https://dda.gov.in/delineated-boundary
85,"Balbir Nagar,Kirari Suleman Nagar, Nangloi, Delhi-41",17,regular,1,1115,,https://dda.gov.in/sites/default/files/pmuday/1115_17.pdf,2020-06-08,,https://dda.gov.in/delineated-boundary
86,"Avadh Vihar,V-Block, Prem Nagar-II, Delhi-41",18,regular,1,1132,,https://dda.gov.in/sites/default/files/pmuday/1132_18.pdf,2020-06-09,,https://dda.gov.in/delineated-boundary
87,"Hari Enclave, Part-II, Kirari Suleman Nagar",19,regular,1,1111,,https://dda.gov.in/sites/default/files/pmuday/1111_19.pdf,2020-06-08,"(1) REGD. NO.90_Kirari Extn., R-Block, Karan Vihar Part-6",https://dda.gov.in/delineated-boundary
88,Vashu Vihar Colony Holambi Kalan,20,regular,1,1,,https://dda.gov.in/sites/default/files/pmuday/01_20.pdf,2020-03-11,,https://dda.gov.in/delineated-boundary
89,Ankur Vihar Colony Holambi Kalan,21,regular,1,2,,https://dda.gov.in/sites/default/files/pmuday/02_21.pdf,2020-03-11,,https://dda.gov.in/delineated-boundary
90,"Aruna Asafali Road, Village Kishan Garh",22,regular,0,,,,,Boundary map pending or omitted from DDA portal table,https://dda.gov.in/sites/default/files/pmuday/1731_uc.pdf
91,"Rajendra Park Extension Nangloi, Delhi-41",23,regular,1,1271,,https://dda.gov.in/sites/default/files/pmuday/1271_23.pdf,2020-06-12,,https://dda.gov.in/delineated-boundary
92,"Harijan Colony, Village- Harewali, Delhi-39",25,regular,1,526,,https://dda.gov.in/sites/default/files/pmuday/526_25.pdf,2020-05-23,,https://dda.gov.in/delineated-boundary
93,"Prem Nagar-II, Kirari Suleman Nagar, Nangloi, Delhi-41",26,regular,1,1126,,https://dda.gov.in/sites/default/files/pmuday/1126_26.pdf,2020-06-09,,https://dda.gov.in/delineated-boundary
94,"Mange Ram Park,Pooth Kalan, Sector-23, Rohini",27,regular,1,935,,https://dda.gov.in/sites/default/files/pmuday/935_27.pdf,2020-06-04,,https://dda.gov.in/delineated-boundary
95,"Old Village Jasola Extension, Delhi-44",28,regular,1,1180,https://dda.gov.in/sites/default/files/pmuday/1180_28.pdf,,2019-12-16,,https://dda.gov.in/delineated-boundary
96,"Shivani Enclave Ph-I, II, III, Kakrola, New Delhi-43",29,regular,1,1090,https://dda.gov.in/sites/default/files/pmuday/1090_29.pdf,,2019-12-16,,https://dda.gov.in/delineated-boundary
97,"Upkar Vihar, Sawda Village, Delhi-81",30,regular,0,929,,,2020-06-03,,https://dda.gov.in/delineated-boundary
98,"Najafgarh Park Colony, Block A, B, & C, Dichaon Road, New Delhi-43",31,regular,1,354,,https://dda.gov.in/sites/default/files/pmuday/354_31.pdf,2020-05-20,,https://dda.gov.in/delineated-boundary
99,"Aman Vihar, Kirari, Suleman Nagar",32,regular,1,1113,,https://dda.gov.in/sites/default/files/pmuday/1113_32.pdf,2020-06-08,"(1) REGD. NO.73_Aman Vihar, Kirari, Suleman Nagar",https://dda.gov.in/delineated-boundary
100,"Bhagwan Park,Jharoda Majra, Burari, Delhi-84",33,regular,1,180,,https://dda.gov.in/sites/default/files/pmuday/180_33.pdf,2020-04-23,,https://dda.gov.in/delineated-boundary
101,"Yadav Nagar, F-Block, Delhi-42",34,regular,1,199,,https://dda.gov.in/sites/default/files/pmuday/MAP%20199_34.pdf,2020-04-23,,https://dda.gov.in/delineated-boundary
102,"Bhajanpura,C-Block, (Gali No. 1-5), Delhi-53",36,regular,1,141,,https://dda.gov.in/sites/default/files/pmuday/141_36.pdf,2020-04-23,,https://dda.gov.in/delineated-boundary
103,"Dharam Pura Ph-I, Kakrola Road, Najafgarh",38,regular,1,770,,https://dda.gov.in/sites/default/files/pmuday/770_38.pdf,2020-06-01,"(1) REGD. NO.339_Shri Krishana Colony Harewali, Delhi-39",https://dda.gov.in/delineated-boundary
104,"Prem Nagar-II, O-Block, Part-II, Nangloi",39,regular,1,1546,,https://dda.gov.in/sites/default/files/pmuday/1546_39.pdf,2020-06-17,,https://dda.gov.in/delineated-boundary
105,"Shiv Ram Park (Kamruddin Nagar) Najafgarh Road, Nangloi",40,regular,1,604,,https://dda.gov.in/sites/default/files/pmuday/604_40.pdf,2020-05-26,,https://dda.gov.in/delineated-boundary
106,"New Hira Park, Dichaon Road, Najafgarh, New Delhi-43",41,regular,1,355,,https://dda.gov.in/sites/default/files/pmuday/355_41.pdf,2020-05-20,,https://dda.gov.in/delineated-boundary
107,"Khanpur Extended Abadi, F-Block, Khanpur,New Delhi",42,regular,1,1065,https://dda.gov.in/sites/default/files/pmuday/1065_42.pdf,,2019-12-16,(1) REGD. NO.914_Duggal Housing Complex School Road Khanpur New Delhi-62,https://dda.gov.in/delineated-boundary
108,"Sanjay Mohalla (D-Block Bhajanpura), Delhi-53",43,regular,1,1548,https://dda.gov.in/sites/default/files/pmuday/1548_43.pdf,,2020-03-16,,https://dda.gov.in/delineated-boundary
109,Subhash Mohalla & Subhash Vihar (Gali No.1-10) North Ghonda,44-A,regular,1,1323,,https://dda.gov.in/sites/default/files/pmuday/1323_44_A.pdf,2020-06-15,,https://dda.gov.in/delineated-boundary
110,Subhash Mohalla & Subhash Vihar (Gali No.1-10) North Ghonda,44-B,regular,1,142,,https://dda.gov.in/sites/default/files/pmuday/142_44%20B.pdf,2020-04-23,(1) REGD. NO. 44 A_Subhash Mohalla & Subhash Vihar (Gali No.1-10) North Ghonda,https://dda.gov.in/delineated-boundary
111,"Nangli Poona Extn. G. T. Karnal Road, Delhi-36",45,regular,1,50,,https://dda.gov.in/sites/default/files/pmuday/50_45.pdf,2020-03-11,,https://dda.gov.in/delineated-boundary
112,"Sai Baba Enclave, B-Block (Part-B),Najafgarh",46,regular,1,104,https://dda.gov.in/sites/default/files/pmuday/104_46.pdf,,2019-11-25,,https://dda.gov.in/delineated-boundary
113,"East Vinod Nagar, J-Block, (Part of East Vinod Nagar) Delhi-91",47,regular,1,1165,,https://dda.gov.in/sites/default/files/pmuday/1165_47.pdf,2020-06-10,,https://dda.gov.in/delineated-boundary
114,"Chandan Vihar, Prem Nagar Part-III, Delhi-41",48,regular,1,1020,,https://dda.gov.in/sites/default/files/pmuday/1020_48.pdf,2020-06-05,,https://dda.gov.in/delineated-boundary
115,"Milan Garden,Main Mandawali Road, Delhi-93",49,regular,1,20,,https://dda.gov.in/sites/default/files/pmuday/20_49.pdf,2020-03-11,,https://dda.gov.in/delineated-boundary
116,"Prem Colony, Bawana Road, Narela, Delhi-40",50,regular,1,42,,https://dda.gov.in/sites/default/files/pmuday/42_50%20(LOP).pdf,2020-03-11,,https://dda.gov.in/delineated-boundary
117,"New Yadav Enclave, Prem Nagar Part-III, Nangloi, Delhi-41",51,regular,1,1149,,https://dda.gov.in/sites/default/files/pmuday/1149_51.pdf,2020-06-09,,https://dda.gov.in/delineated-boundary
118,"Ram Nagar, Prem Nagar-III, Kirari Suleman Nagar",52,regular,1,1522,,https://dda.gov.in/sites/default/files/pmuday/1522_52.pdf,2020-06-17,,https://dda.gov.in/delineated-boundary
119,"Sad Nagar Left Out Pocket, Mangla Puri Chowk, Palam Colony",53,regular,1,413,,https://dda.gov.in/sites/default/files/pmuday/413_53.pdf,2020-05-20,,https://dda.gov.in/delineated-boundary
120,"JNU Road Village, Kishangarh, New Delhi-70",54,regular,1,460,https://dda.gov.in/sites/default/files/pmuday/460_54.pdf,,2019-12-03,"(1) 115 Village Pusteni Kishan Garh, Vasant Kunj, New Delhi-10 (2) 81-(ELD) Andheri More Extn. Village Mehrauli New Delhi (3) 965 Pratap Gandas Colony-I Village Kishangarh Delhi-70 (4) 46-(ELD) Kishan Garh Part Village, Mehrauli, Delhi (5) 22 Aruna Asafali Road, Village Kishan Garh (6) 40-(ELD) Village Madan Pur Dabas Extended Abadi, Delhi-81",https://dda.gov.in/delineated-boundary
121,"Baldev Vihar, Karala Extn., Delhi-81",55,regular,0,877,,,2020-06-03,,https://dda.gov.in/delineated-boundary
122,"Hari Enclave -I, Kirari Suleman Nagar, Delhi-41",57,regular,1,1114,,https://dda.gov.in/sites/default/files/pmuday/1114_57.pdf,2020-06-08,,https://dda.gov.in/delineated-boundary
123,"Inder Enclave Ph-II, Mubarak Pur Road, Nangloi, Delhi-41",58,regular,1,1039,,https://dda.gov.in/sites/default/files/pmuday/1039_58.pdf,2020-06-05,"(1) REGD. NO.221_Inder Enclave-II, F-Block, Mubarakpur- Delhi-81, (2) REGD. NO.74_Inder Enclave Ph-II Nangloi, Mubarakpur Road, Delhi-41",https://dda.gov.in/delineated-boundary
124,"Pir Baba Basti, Vill. Jaitpur, Badarpur, New Delhi-44",59,regular,1,1214,,https://dda.gov.in/sites/default/files/pmuday/1214_59.pdf,2020-06-12,,https://dda.gov.in/delineated-boundary
125,"Sangam Vihar, Kakrola Road, Najafgarh,New Delhi- 43",60,regular,1,954,https://dda.gov.in/sites/default/files/pmuday/954_60.pdf,,2019-12-11,,https://dda.gov.in/delineated-boundary
126,"Sangam Vihar, Kakrola Road, Najafgarh,New Delhi- 43",60-A,regular,1,954,https://dda.gov.in/sites/default/files/pmuday/954_60.pdf,,2019-12-11,,https://dda.gov.in/delineated-boundary
127,"Sangam Vihar, Kakrola Road, Najafgarh,New Delhi- 43",60-B,regular,1,954,https://dda.gov.in/sites/default/files/pmuday/954_60.pdf,,2019-12-11,,https://dda.gov.in/delineated-boundary
128,"New Roshan Pura,E-Block, Najafgarh, New Delhi-43",61,regular,1,996,,https://dda.gov.in/sites/default/files/pmuday/996_61.pdf,2020-06-04,,https://dda.gov.in/delineated-boundary
129,"Shiv Enclave, Main Dichaon Road, Najafgarh, New Delhi-43",64,regular,1,352,,https://dda.gov.in/sites/default/files/pmuday/352_64.pdf,2020-05-20,"(1) REGD. NO.790_Risal Vihar Chhawla Extn Najafgarh,Delhi (2) REGD. NO.513_Shiv Enclave Extn., Nangloi Road, Najafgarh, Delhi-43",https://dda.gov.in/delineated-boundary
130,"Rajender Park, Block A-1, Nangloi, Delhi-41",65,regular,1,1547,https://dda.gov.in/sites/default/files/pmuday/1547_65.pdf,,2020-03-16,,https://dda.gov.in/delineated-boundary
131,"Prem Nagar-I, D& F Block, Kirari Suleman Nagar, Delhi-41",66,regular,1,1141,,https://dda.gov.in/sites/default/files/pmuday/1141_66.pdf,2020-06-09,,https://dda.gov.in/delineated-boundary
132,Satya Enclave Prem Nagar-II Delhi -41,67,regular,1,1436,,https://dda.gov.in/sites/default/files/pmuday/1436_67.pdf,2020-06-16,,https://dda.gov.in/delineated-boundary
133,"Niti Vihar, Lal Mandir, Mubarakpur Road, Near Kirari Suleman Village.",68,regular,1,1122,,https://dda.gov.in/sites/default/files/pmuday/1122_68.pdf,2020-06-09,,https://dda.gov.in/delineated-boundary
134,"Janta Vihar, Jharoda Road, Najafgarh",69,regular,1,753,https://dda.gov.in/sites/default/files/pmuday/753_69.pdf,,2019-12-09,,https://dda.gov.in/delineated-boundary
135,Shyam Lok Colony Jharoda Road Najafgarh,69-A,regular,1,753,https://dda.gov.in/sites/default/files/pmuday/753_69.pdf,,2019-12-09,,https://dda.gov.in/delineated-boundary
136,"Hardev Nagar, Jharoda Majra, Burari",70-A,regular,1,179,,https://dda.gov.in/sites/default/files/pmuday/179_70%20A.pdf,2020-04-23,"(1) REGD. NO. 70 B_Hardev Nagar, Jharoda Majra, Burari",https://dda.gov.in/delineated-boundary
137,"Hardev Nagar, Jharoda Majra, Burari",70-B,regular,1,1330,https://dda.gov.in/sites/default/files/pmuday/1330_70_B.pdf,,2020-01-06,,https://dda.gov.in/delineated-boundary
138,"Chhawla Extension, Paharwa Colony Part-I, New Delhi-71",71,regular,1,620,https://dda.gov.in/sites/default/files/pmuday/620_71.pdf,,2019-12-04,,https://dda.gov.in/delineated-boundary
139,"Ekta Vihar (Block A, B & C) near New Grain Market, Jharoda Road, Najafgarh",72,regular,1,376,,https://dda.gov.in/sites/default/files/pmuday/376_72.pdf,2020-05-20,,https://dda.gov.in/delineated-boundary
140,"Aman Vihar, Kirari, Suleman Nagar",73,regular,1,1538,,https://dda.gov.in/sites/default/files/pmuday/1538_73.pdf,2020-06-17,,https://dda.gov.in/delineated-boundary
141,"Inder Enclave Ph-II Nangloi, Mubarakpur Road, Delhi-41",74,regular,1,1397,,https://dda.gov.in/sites/default/files/pmuday/1397_74.pdf,2020-06-16,,https://dda.gov.in/delineated-boundary
142,"Pandav Nagar, S-Block, Delhi-92",75,regular,1,1164,,https://dda.gov.in/sites/default/files/pmuday/1164_75.pdf,2020-06-10,,https://dda.gov.in/delineated-boundary
143,"Munirka Kunj, Deendarpur",77,regular,1,546,https://dda.gov.in/sites/default/files/pmuday/546_77.pdf,,2019-12-04,,https://dda.gov.in/delineated-boundary
144,"Aaya Nagar Extn. Ph-I, New Delhi-47",78,regular,1,452,,https://dda.gov.in/sites/default/files/pmuday/452_78.pdf,2020-05-22,"(1) 29-(ELD) Extended Lal Dora Abadi Area, Village Aya Nagar, New Delhi-47 (2) 1519 Aya Nagar Extn. B-Block, New Delhi-47",https://dda.gov.in/delineated-boundary
145,"Pratap Vihar, Part-II, Kirari Suleman Nagar, New Delhi-41",79,regular,1,1145,,https://dda.gov.in/sites/default/files/pmuday/1145_79.pdf,2020-06-09,,https://dda.gov.in/delineated-boundary
146,"Yadav Park (A & B Block) Rohtak Road,Nangloi",80,regular,1,1267,,https://dda.gov.in/sites/default/files/pmuday/1267_80.pdf,2020-06-12,,https://dda.gov.in/delineated-boundary
147,"Bharat Vihar,Prem Nagar Ph-II,Nangloi",81,regular,1,1131,,https://dda.gov.in/sites/default/files/pmuday/1131_81.pdf,2020-06-09,,https://dda.gov.in/delineated-boundary
148,"Dwarka Vihar, Kakrola Road, Najafgarh, Delhi- 43",82,regular,1,955,https://dda.gov.in/sites/default/files/pmuday/955_82.pdf,,2019-12-11,,https://dda.gov.in/delineated-boundary
149,"Saurabh Vihar,N-Block (Amar Market) Hari Nagar Extn. Badarpur, New Delhi",84,regular,1,1193,,https://dda.gov.in/sites/default/files/pmuday/1193_84.pdf,2020-06-10,,https://dda.gov.in/delineated-boundary
150,"Mandawali, C-Block, Fajalpur, Uncheper",85,regular,1,1013,,https://dda.gov.in/sites/default/files/pmuday/1013_85.pdf,2020-06-05,"(1) REGD. NO.158_Mandawali, C-Block, Faijalpur unchepar, Delhi-92",https://dda.gov.in/delineated-boundary
151,"Ishwar Colony Extn. Ph-I Bawana, New Delhi-39",86,regular,1,1447,https://dda.gov.in/sites/default/files/pmuday/1447_86.pdf,,2020-01-06,,https://dda.gov.in/delineated-boundary
152,"Nehru Gali, Bhagat Colony, Burari, Sant Nagar, Delhi-84",87,regular,1,185,,https://dda.gov.in/sites/default/files/pmuday/185_87.pdf,2020-04-23,,https://dda.gov.in/delineated-boundary
153,"Pratap Vihar, Part-III, Kirari Suleman Nagar, Nangloi",88,regular,1,1103,,https://dda.gov.in/sites/default/files/pmuday/1103_88.pdf,2020-06-08,,https://dda.gov.in/delineated-boundary
154,"Nishat Park, Kakrola Mor, Najafgarh Road, New Delhi",89,regular,1,846,,https://dda.gov.in/sites/default/files/pmuday/846_89.pdf,2020-06-02,,https://dda.gov.in/delineated-boundary
155,"Kirari Extn., R-Block, Karan Vihar Part-6",90,regular,1,1535,,https://dda.gov.in/sites/default/files/pmuday/1535_90.pdf,2020-06-17,,https://dda.gov.in/delineated-boundary
156,"Mohan Baba Nagar,Badarpur, New Delhi-44",91,regular,1,1233,,https://dda.gov.in/sites/default/files/pmuday/1233_91.pdf,2020-06-12,"(1) REGD. NO.91-A_Mohan Baba Nagar,Badarpur, New Delhi-44 (2) REGD. NO.92-B _Dashrath Puri,Dabri, Palam road, Delhi-45",https://dda.gov.in/delineated-boundary
157,"Mohan Baba Nagar,Badarpur, New Delhi-44",91-B,regular,1,1233,,https://dda.gov.in/sites/default/files/pmuday/1233_91.pdf,2020-06-12,"(1) REGD. NO.91-A_Mohan Baba Nagar,Badarpur, New Delhi-44 (2) REGD. NO.92-B _Dashrath Puri,Dabri, Palam road, Delhi-45",https://dda.gov.in/delineated-boundary
158,"Dashrath Puri,Dabri, Palam road, Delhi-45",92,regular,1,422,,https://dda.gov.in/sites/default/files/pmuday/422_92.pdf,2020-05-20,,https://dda.gov.in/delineated-boundary
159,"Jain Nagar Colony Extn., Karala",93,regular,1,1419,,https://dda.gov.in/sites/default/files/pmuday/1419_93.pdf,2020-06-16,,https://dda.gov.in/delineated-boundary
160,"Swaran Park Extn.-I, Mundka, Delhi-41",94,regular,1,1432,,https://dda.gov.in/sites/default/files/pmuday/1432_94.pdf,2020-06-16,,https://dda.gov.in/delineated-boundary
161,"Jaitpur Extn. L-Block, Badarpur, New Delhi-44",95,regular,1,1237,,https://dda.gov.in/sites/default/files/pmuday/1237_95.pdf,2020-06-12,,https://dda.gov.in/delineated-boundary
162,"Sahurpur Extn. Satbari, Mehrauli",96,regular,1,471,https://dda.gov.in/sites/default/files/pmuday/471_96.pdf,,2019-12-03,,https://dda.gov.in/delineated-boundary
163,"Prem Nagar-II, K-Block, Nangloi",97,regular,1,1129,,https://dda.gov.in/sites/default/files/pmuday/1129_97.pdf,2020-06-09,,https://dda.gov.in/delineated-boundary
164,"Dichaon Enclave opp. D. K. Depot, Nangloi Road",98,regular,1,1550,https://dda.gov.in/sites/default/files/pmuday/1550_98.pdf,,2020-03-16,,https://dda.gov.in/delineated-boundary
165,"Yadav Park Block-C, Rohtak Road, Nangloi, Delhi-41",99,regular,1,1551,https://dda.gov.in/sites/default/files/pmuday/1551_99.pdf,,2020-03-16,,https://dda.gov.in/delineated-boundary
166,"Shakti Enclave, Kilokri near Kalindi Colony, New Delhi",100,regular,0,1621,,,2020-04-27,"BOUNDARY OF COLONY CAN NOT BE DELINEATED AS PER ""SOP"" (""Shapefile"" of the colony is not available)",https://dda.gov.in/delineated-boundary
167,"Narayan Vihar, Z-Extn. Block, Prem Nagar-II, Nangloi",101,regular,1,1155,,https://dda.gov.in/sites/default/files/pmuday/1155_101.pdf,2020-06-10,,https://dda.gov.in/delineated-boundary
168,"Meethapur Extn. Block 'D', Part-I, Badarpur, New Delhi-44",102,regular,1,1226,,https://dda.gov.in/sites/default/files/pmuday/1226_102.pdf,2020-06-12,,https://dda.gov.in/delineated-boundary
169,"Shanti Vihar, Deenpur Najafgarh, New Delhi-43.",103,regular,1,542,,https://dda.gov.in/sites/default/files/pmuday/542_103.pdf,2020-05-23,,https://dda.gov.in/delineated-boundary
170,"Agar Nagar, Prem Nagar-3, Nangloi",104,regular,1,1042,,https://dda.gov.in/sites/default/files/pmuday/1042_104.pdf,2020-06-05,,https://dda.gov.in/delineated-boundary
171,"Rajdhani Park P & I Block, Nangloi, New Delhi- 41",105,regular,1,1434,,https://dda.gov.in/sites/default/files/pmuday/1434_105.pdf,2020-06-16,,https://dda.gov.in/delineated-boundary
172,Rama Park Extn. ( C-Block) Uttam Nagar,106,regular,1,1506,,https://dda.gov.in/sites/default/files/pmuday/1506_106.pdf,2020-06-17,,https://dda.gov.in/delineated-boundary
173,"Raja Vihar Colony, Siraspur, Delhi-42",107,regular,1,22,,https://dda.gov.in/sites/default/files/pmuday/22_107.pdf,2020-03-11,,https://dda.gov.in/delineated-boundary
174,"Gopal Nagar, N-Block, M. D. Road, Najafgarh",108,regular,1,701,,https://dda.gov.in/sites/default/files/pmuday/701_108.pdf,2020-05-29,,https://dda.gov.in/delineated-boundary
175,"Tekhand Extn., Okhla Indl. Area Ph-I, New Delhi-20",109,regular,1,872,https://dda.gov.in/sites/default/files/pmuday/872_109.pdf,,2019-12-11,,https://dda.gov.in/delineated-boundary
176,"Shiv Vihar Main Kanjhawala Road, Delhi-81",110,regular,1,876,https://dda.gov.in/sites/default/files/pmuday/876_110.pdf,,2019-12-11,"(1)561 Vardhman Enclave,Shiv Vihar,Karala, Delhi",https://dda.gov.in/delineated-boundary
177,"New Aruna Nagar Colony (Majnu ka tila), Delhi- 54",111,regular,1,23,,https://dda.gov.in/sites/default/files/pmuday/23_111.pdf,2020-03-11,,https://dda.gov.in/delineated-boundary
178,"Shashi Garden, E-Block, Shahdara, Delhi-91",112,regular,1,21,,https://dda.gov.in/sites/default/files/pmuday/21_112.pdf,2020-03-11,,https://dda.gov.in/delineated-boundary
179,"Chanden Vihar, West Sant Nagar, Burari, Delhi-84",113-A,regular,1,186,,https://dda.gov.in/sites/default/files/pmuday/186_113%20A.pdf,2020-04-23,"(1) REGD. NO. 113 B_Chanden Vihar, West Sant Nagar, Burari, Delhi-84",https://dda.gov.in/delineated-boundary
180,"Chanden Vihar, West Sant Nagar, Burari, Delhi-84",113-B,regular,1,1331,,https://dda.gov.in/sites/default/files/pmuday/1331_113-B.pdf,2020-06-15,,https://dda.gov.in/delineated-boundary
181,"Village Pusteni Kishan Garh, Vasant Kunj, New Delhi-10",115,regular,1,1488,https://dda.gov.in/sites/default/files/pmuday/1488_115.pdf,,2020-01-06,,https://dda.gov.in/delineated-boundary
182,"Vinoba Enclave, CRPF, Jharoda Kalan",116-A,regular,1,1403,,https://dda.gov.in/sites/default/files/pmuday/1403_116-A.pdf,2020-06-16,,https://dda.gov.in/delineated-boundary
183,"Vinoba Enclave, CRPF, Jharoda Kalan",116-B,regular,1,369,,https://dda.gov.in/sites/default/files/pmuday/369_116_B.pdf,2020-05-20,,https://dda.gov.in/delineated-boundary
184,"Chander Vihar, Palam Extn., Part-I, New Delhi- 75",117,regular,1,115,,https://dda.gov.in/sites/default/files/pmuday/115_878.pdf,2020-04-23,,https://dda.gov.in/delineated-boundary
185,"Karam Vihar Part-5, Kirari Extn., Nangloi, Delhi- 41",119,regular,1,1109,,https://dda.gov.in/sites/default/files/pmuday/1109_119.pdf,2020-06-08,"(1) REGD. NO.90_Kirari Extn., R-Block, Karan Vihar Part-6",https://dda.gov.in/delineated-boundary
186,Ankur Enclave (Karawal Nagar Extn. North) Delhi-94,120,regular,1,214,,https://dda.gov.in/sites/default/files/pmuday/MAP%20214_120.pdf,2020-05-16,,https://dda.gov.in/delineated-boundary
187,"Shiv Colony, Village Gurhi Ramdhala, Kanjhawala, Delhi-81",121,regular,1,1056,,https://dda.gov.in/sites/default/files/pmuday/1056_121.pdf,2020-06-08,,https://dda.gov.in/delineated-boundary
188,"Indraprastha Colony Part-I, Burari, Delhi-84",122,regular,1,153,,https://dda.gov.in/sites/default/files/pmuday/153_122.pdf,2020-04-23,,https://dda.gov.in/delineated-boundary
189,"Prahlad Vihar, Gupta Colony, Bawana",123,regular,1,24,,https://dda.gov.in/sites/default/files/pmuday/24_123.pdf,2020-03-11,,https://dda.gov.in/delineated-boundary
190,"Saurabh Vihar, S-Block, Hari Nagar Extn. Jaitpur, Badarpur",124,regular,1,1213,,https://dda.gov.in/sites/default/files/pmuday/1213_124.pdf,2020-06-12,,https://dda.gov.in/delineated-boundary
191,"Gauri Shankar Enclave-II, Prem Nagar-III, Delhi-41",125,regular,1,1292,,https://dda.gov.in/sites/default/files/pmuday/1292_125.pdf,2020-06-15,,https://dda.gov.in/delineated-boundary
192,Sharda vatsa Enclave PremNagar-III,127,regular,1,1293,,https://dda.gov.in/sites/default/files/pmuday/1293_127.pdf,2020-06-15,,https://dda.gov.in/delineated-boundary
193,"Mithapur Extn., A-Block, Badarpur, New Delhi-44",128,regular,1,1224,,https://dda.gov.in/sites/default/files/pmuday/1224_128.pdf,2020-06-12,,https://dda.gov.in/delineated-boundary
194,"Nehru Enclave Part-I & II, School Block, Shakarpur, Delhi-92",130,regular,1,1027,,https://dda.gov.in/sites/default/files/pmuday/1027_130.pdf,2020-06-05,,https://dda.gov.in/delineated-boundary
195,"Shiv Vihar, PremNagar-II, U-II, Kirari, Nangloi, Delhi-41",131,regular,1,1545,,https://dda.gov.in/sites/default/files/pmuday/1545_131.pdf,2020-06-17,,https://dda.gov.in/delineated-boundary
196,"Amar Colony, C & N Block, Mundka, Nangloi, Delhi-41",132,regular,1,304,,https://dda.gov.in/sites/default/files/pmuday/304_132.pdf,2020-05-18,"(1) REGD. NO.392_Amar Colony, A-Block, Rohtak Road, Nangloi, Delhi (2) REGD. NO.668_Amar Colony, ABC Block, Mundka, Nangloi, Delhi-41 (3) REGD. NO.915_Amar Colony-(C D E & K Block) Rohtak Road (4) REGD. NO.1380_Amar Colony Ph II& III, Rohtak Road, Nangloi, Delhi (5) REGD. NO.936_Arvind Enclave Nangloi Delhi-41 (6) REGD. NO.136_(ELD)_Village Kamruddin Nagar Nangloi Delhi 41 (7) REGD. NO.520_Amar Colony Ph-II, Mundka Nangloi, Delhi-41",https://dda.gov.in/delineated-boundary
197,"Gauri Shankar Enclave-I, A-Block,Prem Nagar- III, Delhi-41",133,regular,1,1294,,https://dda.gov.in/sites/default/files/pmuday/1294_133.pdf,2020-06-15,,https://dda.gov.in/delineated-boundary
198,"Sambav Bapu Colony, Jaunapur Mandi, Pahari Abadi, Mehrauli",135,regular,1,574,,https://dda.gov.in/sites/default/files/pmuday/574_135.pdf,2020-05-26,,https://dda.gov.in/delineated-boundary
199,"Rama Garden, B-Block, Karawal Nagar, Delhi- 94",137,regular,1,224,,https://dda.gov.in/sites/default/files/pmuday/MAP%20224_137.pdf,2020-05-16,,https://dda.gov.in/delineated-boundary
200,"Mahipalpur Extn., K-II Block,New Delhi-37",138,regular,1,131,,https://dda.gov.in/sites/default/files/pmuday/131_1217.pdf,2020-04-23,,https://dda.gov.in/delineated-boundary
201,"Mohan Baba Nagar,G-Block, Tajpur Extn., Badarpur",139,regular,1,1242,,https://dda.gov.in/sites/default/files/pmuday/1242_139.pdf,2020-06-12,,https://dda.gov.in/delineated-boundary
202,"Saurabh Vihar, R-Block,Hari Nagar E xtn., Part- I, Badarpur",141,regular,1,1196,,https://dda.gov.in/sites/default/files/pmuday/1196_141.pdf,2020-06-10,,https://dda.gov.in/delineated-boundary
203,"Commercial Complex, Z-Block, Mohan Garden,New Delhi-59",142,regular,1,800,,https://dda.gov.in/sites/default/files/pmuday/800_142.pdf,2020-06-01,,https://dda.gov.in/delineated-boundary
204,"Chandan Place, Kali Piau, Jharoda Road, Najafgarh",144,regular,1,378,,https://dda.gov.in/sites/default/files/pmuday/378_144.pdf,2020-05-20,,https://dda.gov.in/delineated-boundary
205,"Pratap Vihar Part-I, Nangloi, Delhi-41",145,regular,1,216,,https://dda.gov.in/sites/default/files/pmuday/MAP%20216_146.pdf,2020-05-16,,https://dda.gov.in/delineated-boundary
206,"Roshan Vihar, East Sadat Pur, Karawal Nagar",146,regular,1,137,,https://dda.gov.in/sites/default/files/pmuday/137_139%20Eld.pdf,2020-04-23,,https://dda.gov.in/delineated-boundary
207,"Nawada Housing Complex, Block 'E' Uttam Nagar, New Delhi-59",147,regular,1,837,,https://dda.gov.in/sites/default/files/pmuday/837_147.pdf,2020-06-02,,https://dda.gov.in/delineated-boundary
208,"Balbir Vihar,Kirari Suleman Nagar, Delhi-41",148,regular,1,1110,,https://dda.gov.in/sites/default/files/pmuday/1110_148.pdf,2020-06-08,"(1) REGD. NO.90_Kirari Extn., R-Block, Karan Vihar Part-6",https://dda.gov.in/delineated-boundary
209,"Mohan Garden 'B' Extn. Village Nawada Majra, Uttam Nagar",149,regular,1,140,,https://dda.gov.in/sites/default/files/pmuday/140_79%20ELD.pdf,2020-04-23,,https://dda.gov.in/delineated-boundary
210,"Geeta Colony, O-Block Extn., Uttam Nagar, New Delhi-59",150,regular,1,498,,https://dda.gov.in/sites/default/files/pmuday/498_150.pdf,2020-05-22,,https://dda.gov.in/delineated-boundary
211,"Himgiri enclave, Burari Road, Delhi-84",151,regular,1,174,,https://dda.gov.in/sites/default/files/pmuday/174_151.pdf,2020-04-23,,https://dda.gov.in/delineated-boundary
212,"Indira Market & Aggarwal Colony, Haibatpura, Najafgarh, New Delhi-43",152,regular,1,714,,https://dda.gov.in/sites/default/files/pmuday/714_152.pdf,2020-05-29,,https://dda.gov.in/delineated-boundary
213,"Mamurpur Krishna Nagar, Singhu Border, Narela",153,regular,1,3,,https://dda.gov.in/sites/default/files/pmuday/03_153.pdf,2020-03-11,,https://dda.gov.in/delineated-boundary
214,"Okhla Vihar, Jamia Nagar, New Delhi-25",155,regular,1,873,https://dda.gov.in/sites/default/files/pmuday/873_155.pdf,,2019-12-11,,https://dda.gov.in/delineated-boundary
215,"Krishna Vihar Colony, Bawana, New Delhi-39",156-A,regular,1,513,https://dda.gov.in/sites/default/files/pmuday/513_156_A.pdf,,2019-12-04,,https://dda.gov.in/delineated-boundary
216,"Krishna Vihar Colony, Bawana, New Delhi-39",156-B,regular,0,1622,,,2020-04-27,"BOUNDARY OF COLONY CAN NOT BE DELINEATED AS PER ""SOP"" (""Shapefile"" of the colony is not available)",https://dda.gov.in/delineated-boundary
217,"Sri Enclave Pansali, Rohini, Delhi-42",157,regular,1,4,,https://dda.gov.in/sites/default/files/pmuday/04_157.pdf,2020-03-11,,https://dda.gov.in/delineated-boundary
218,"Mandawali, C-Block, Faijalpur unchepar, Delhi- 92",158,regular,1,1391,,https://dda.gov.in/sites/default/files/pmuday/1391_158.pdf,2020-06-16,,https://dda.gov.in/delineated-boundary
219,"Naya Gopal Nagar, Surakhpur Road, Najafgarh, New Delhi-43",159,regular,1,715,,https://dda.gov.in/sites/default/files/pmuday/715_159.pdf,2020-05-29,,https://dda.gov.in/delineated-boundary
220,"Roshan Vihar, Gurgaon Road, Najafgarh",160,regular,1,984,https://dda.gov.in/sites/default/files/pmuday/984_160.pdf,,2019-12-11,,https://dda.gov.in/delineated-boundary
221,"Roshan Vihar, Gurgaon Road, Najafgarh",160-A,regular,1,984,https://dda.gov.in/sites/default/files/pmuday/984_160.pdf,,2019-12-11,,https://dda.gov.in/delineated-boundary
222,"Sarika Vihar, Goyla More, Deenpur Ext. Najafgarh",161,regular,1,540,https://dda.gov.in/sites/default/files/pmuday/540_161.pdf,,2019-12-04,,https://dda.gov.in/delineated-boundary
223,"Sangam Vihar, Block M-I, New Delhi-72",162,regular,1,736,,https://dda.gov.in/sites/default/files/pmuday/736_162.pdf,2020-05-29,,https://dda.gov.in/delineated-boundary
224,"New Gopal Nagar Extn. ABCD Block, South of Dhansa Road, Najafgarh",163,regular,1,396,,https://dda.gov.in/sites/default/files/pmuday/396_163.pdf,2020-05-20,"(1) REGD. NO.1606_Gopal Nagar, Block AM & N Block Extn. Najafgarh",https://dda.gov.in/delineated-boundary
225,"Janki Vihar, W-Block, Prem Nagar-II, Delhi-41",164,regular,1,1130,,https://dda.gov.in/sites/default/files/pmuday/1130_164.pdf,2020-06-09,,https://dda.gov.in/delineated-boundary
226,"West Cabin Block (near Railway Station), Prem Nagar, Nangloi, Delhi-41",166,regular,1,1136,,https://dda.gov.in/sites/default/files/pmuday/1136_166.pdf,2020-06-09,,https://dda.gov.in/delineated-boundary
227,Laxmi Vihar Mundka Road Prem Nagar-III,167,regular,1,27,,https://dda.gov.in/sites/default/files/pmuday/27_167.pdf,2020-03-11,,https://dda.gov.in/delineated-boundary
228,"Pandey enclave Prem Nagar-III,delhi-41",168,regular,1,1437,,https://dda.gov.in/sites/default/files/pmuday/1437_168.pdf,2020-06-16,,https://dda.gov.in/delineated-boundary
229,"Inder Enclave, Ph-I, Mubarakpur Road, Nangloi",169,regular,1,1124,,https://dda.gov.in/sites/default/files/pmuday/1124_169.pdf,2020-06-09,,https://dda.gov.in/delineated-boundary
230,"Saraswati Kunj, C.R.P.F. Road, Jharoda Kalan, Najafgarh",170,regular,1,366,,https://dda.gov.in/sites/default/files/pmuday/366_170.pdf,2020-05-20,,https://dda.gov.in/delineated-boundary
231,"Dharam Enclave, U-I, Prem Nagar-II, Kirari, Nangloi, Delhi-41",171,regular,1,1147,,https://dda.gov.in/sites/default/files/pmuday/1147_171.pdf,2020-06-09,,https://dda.gov.in/delineated-boundary
232,"Nathu Ram Park, Tehsil Road, Najafgarh",172,regular,1,961,,https://dda.gov.in/sites/default/files/pmuday/961_172.pdf,2020-06-04,,https://dda.gov.in/delineated-boundary
233,"Sushant Vihar, Ibrahimpur Extn., Delhi-36",173,regular,1,83,,https://dda.gov.in/sites/default/files/pmuday/83_173.pdf,2020-03-12,(1) REGD. NO. 3-(LOP)_Sushant Vihar Delhi 36,https://dda.gov.in/delineated-boundary
234,"Mithapur Extn., A-Block, Badarpur,New Delhi- 44",174,regular,1,1225,,https://dda.gov.in/sites/default/files/pmuday/1225_174.pdf,2020-06-12,,https://dda.gov.in/delineated-boundary
235,"Nangloi Extn.-2, Block-A, Nangloi, Delhi-41",175,regular,1,1555,https://dda.gov.in/sites/default/files/pmuday/1555_175.pdf,,2020-03-16,,https://dda.gov.in/delineated-boundary
236,"Zaildar Enclave, Mohan Garden, Uttam Nagar, Delhi-57",176,regular,1,785,,https://dda.gov.in/sites/default/files/pmuday/785_176.pdf,2020-06-01,,https://dda.gov.in/delineated-boundary
237,"Vinoba Enclave Ext. CRPF Colony, Jahroda Kalan, Najafgarh, New Delhi-72",177,regular,1,370,,https://dda.gov.in/sites/default/files/pmuday/370_177.pdf,2020-05-20,"(1) REGD. NO.116_A_ Vinoba Enclave, CRPF, Jharoda Kalan",https://dda.gov.in/delineated-boundary
238,"West Block, Friends Enclave, Mundka, Delhi-41",178,regular,1,1431,,https://dda.gov.in/sites/default/files/pmuday/1431_178.pdf,2020-06-16,,https://dda.gov.in/delineated-boundary
239,"Shankar Vihar, UA, Prem Nagar-II, Kirari, Nangloi",179,regular,1,1148,,https://dda.gov.in/sites/default/files/pmuday/1148_179.pdf,2020-06-09,,https://dda.gov.in/delineated-boundary
240,"Dr. Ambedkar Colony, Chhatarpur",180,regular,1,464,https://dda.gov.in/sites/default/files/pmuday/464_180.pdf,,2019-12-03,,https://dda.gov.in/delineated-boundary
241,"Karan Vihar Part-III, Kirari, Nangloi, Delhi-41",181,regular,1,1540,,https://dda.gov.in/sites/default/files/pmuday/1540_181.pdf,2020-06-17,,https://dda.gov.in/delineated-boundary
242,"Sitapuri Extn. Part-I, Dabri",182,regular,1,552,,https://dda.gov.in/sites/default/files/pmuday/552_182.pdf,2020-05-23,,https://dda.gov.in/delineated-boundary
243,"Guru Yogi Raj Puran Jain & Aggarwal Colony, Ranikhera",183,regular,1,1051,,https://dda.gov.in/sites/default/files/pmuday/1051_183.pdf,2020-06-08,"(1) REGD. NO.1430_Bhagya Vihar, Jain Colony Rani Khera, Delhi-81",https://dda.gov.in/delineated-boundary
244,"Arpan Vihar, J-Block, Jaitpur Extn. Part-I, Badarpur, New Delhi",184,regular,1,1211,,https://dda.gov.in/sites/default/files/pmuday/1211_184.pdf,2020-06-12,,https://dda.gov.in/delineated-boundary
245,"Ekta Vihar (Block A, B & C) Jaitpur, Badarpur",185,regular,1,1208,,https://dda.gov.in/sites/default/files/pmuday/1208_185.pdf,2020-06-12,,https://dda.gov.in/delineated-boundary
246,"Shakti Vihar Block A, Molar Band Extn., Badarpur",186,regular,1,1198,https://dda.gov.in/sites/default/files/pmuday/1198_186.pdf,,2019-12-16,,https://dda.gov.in/delineated-boundary
247,"Rajendera Park Extn., F-Block, Nangloi",188,regular,1,1556,https://dda.gov.in/sites/default/files/pmuday/1556_188.pdf,,2020-03-16,,https://dda.gov.in/delineated-boundary
248,"Anand Vihar, near Nangli Sakrawati, Najafgarh",189,regular,0,897,,,2020-06-03,"(1)1548 Sai Dham, Nangli Sakrawati, Najafgarh New Delhi - 43",https://dda.gov.in/delineated-boundary
249,"Shiv Puri Part-II, Deenpur, Najafgarh",190,regular,1,535,,https://dda.gov.in/sites/default/files/pmuday/535_190.pdf,2020-05-23,,https://dda.gov.in/delineated-boundary
250,"Harijan Basti, School Block, Shakurpur",191,regular,1,1028,,https://dda.gov.in/sites/default/files/pmuday/1028_191.pdf,2020-06-05,,https://dda.gov.in/delineated-boundary
251,"Tikri Kalan Extn. (Lekh Ram Park), New Delhi- 41",192,regular,1,338,,https://dda.gov.in/sites/default/files/pmuday/338_192.pdf,2020-05-18,,https://dda.gov.in/delineated-boundary
252,"Jagat Puri Extn., Delhi-93",193,regular,1,28,,https://dda.gov.in/sites/default/files/pmuday/28_193.pdf,2020-03-11,,https://dda.gov.in/delineated-boundary
253,Mahindra Park (Pankha Road) Uttam Nagar,194,regular,1,652,,https://dda.gov.in/sites/default/files/pmuday/652_194.pdf,2020-05-27,"(1) REGD. NO.466_Mahindra Park D-Block, , Uttam Nagar,Pankha Road, Delhi",https://dda.gov.in/delineated-boundary
254,"Harijan Basti, Block A B & C, Karawal Nagar",195,regular,1,217,,https://dda.gov.in/sites/default/files/pmuday/MAP%20217_195.pdf,2020-05-16,"(1) REGD. NO. 195 A_Harijan Basti, Block A B & C, Karawal Nagar",https://dda.gov.in/delineated-boundary
255,"Harijan Basti, Block A B & C, Karawal Nagar",195-A,regular,1,217,,https://dda.gov.in/sites/default/files/pmuday/MAP%20217_195.pdf,2020-05-16,"(1) REGD. NO. 195 A_Harijan Basti, Block A B & C, Karawal Nagar",https://dda.gov.in/delineated-boundary
256,"Baba Colony B-Block, Burari, Delhi-84",196,regular,1,165,,https://dda.gov.in/sites/default/files/pmuday/165_196.pdf,2020-04-23,,https://dda.gov.in/delineated-boundary
257,"Swatantra Nagar Ph-II (Left out portion),Narela",197,regular,0,,,,,Boundary map pending or omitted from DDA portal table,https://dda.gov.in/sites/default/files/pmuday/1731_uc.pdf
258,"Swatantra Nagar Ph-II (Left out portion),Narela",197-A,regular,1,1250,https://dda.gov.in/sites/default/files/pmuday/1250_197A.pdf,,2019-12-19,,https://dda.gov.in/delineated-boundary
259,"Swatantra Nagar Ph-II (Left out portion),Narela",197-B,regular,1,295,,https://dda.gov.in/sites/default/files/pmuday/295_197_B.pdf,2020-05-18,"(1) REGD. NO.25-(LOP)_Village Bakner Ambedkar Colony Extn. Part II, Delhi 40 (2) REGD. NO.577_Swatantra Nagar Extn. West Gonda Road, Narela, Delhi-40",https://dda.gov.in/delineated-boundary
260,"Harsukh Block, Prem Nagar-I, Kirari Road, Nangloi",198-A,regular,1,1139,,https://dda.gov.in/sites/default/files/pmuday/1139_198.pdf,2020-06-09,,https://dda.gov.in/delineated-boundary
261,"Harsukh Block, Prem Nagar-I, Kirari Road, Nangloi",198-B,regular,1,1139,,https://dda.gov.in/sites/default/files/pmuday/1139_198.pdf,2020-06-09,,https://dda.gov.in/delineated-boundary
262,"Sri Hans Nagar Colony, Ghumanhera Road, Najafgarh",199,regular,1,548,https://dda.gov.in/sites/default/files/pmuday/548_199.pdf,,2019-12-04,"(1) 412 Hans Nagar, Pandwala Kalan, Najafgarh, Delhi 43",https://dda.gov.in/delineated-boundary
263,"New Colony, Sannot Ghoga More, Narela, Bawana",200,regular,1,503,,https://dda.gov.in/sites/default/files/pmuday/503_200.pdf,2020-05-22,,https://dda.gov.in/delineated-boundary
264,"Swarn Park Extn.-II, Mundka, Delhi-41",201,regular,1,1433,,https://dda.gov.in/sites/default/files/pmuday/1433_201.pdf,2020-06-16,,https://dda.gov.in/delineated-boundary
265,"Hind Vihar, Prem Nagar-III",202,regular,1,310,,https://dda.gov.in/sites/default/files/pmuday/310_202.pdf,2020-05-18,"(1) REGD. NO.67_Satya Enclave Prem Nagar-II Delhi -41 (2) REGD. NO.168_Pandey enclave Prem Nagar-III,delhi-41",https://dda.gov.in/delineated-boundary
266,"Church Colony, L-Block Sangam Vihar, New Delhi-62",203,regular,1,740,,https://dda.gov.in/sites/default/files/pmuday/740_203.pdf,2020-05-29,,https://dda.gov.in/delineated-boundary
267,"Rajiv Nagar, Bhalsawa Dairy, Delhi-42",204,regular,1,81,,https://dda.gov.in/sites/default/files/pmuday/81_204.pdf,2020-03-12,,https://dda.gov.in/delineated-boundary
268,"Kailash Vihar near Aman Vihar, Nangloi, Delhi- 41",205,regular,1,1160,,https://dda.gov.in/sites/default/files/pmuday/1160_205.pdf,2020-06-10,,https://dda.gov.in/delineated-boundary
269,"Gopal Nagar Ph-2, Z-Block, New Delhi-43",206,regular,1,388,https://dda.gov.in/sites/default/files/pmuday/388_206.pdf,,2019-12-02,,https://dda.gov.in/delineated-boundary
270,"Prem Nagar, Nathupura, Delhi-84",207,regular,1,150,,https://dda.gov.in/sites/default/files/pmuday/150_207.pdf,2020-04-23,,https://dda.gov.in/delineated-boundary
271,"Sangam Vihar , J-II, New Delhi-62",208,regular,1,729,,https://dda.gov.in/sites/default/files/pmuday/729_208.pdf,2020-05-29,,https://dda.gov.in/delineated-boundary
272,"Gyan Jyoti Budh Vihar, J-3, Sangam Vihar",210,regular,1,731,https://dda.gov.in/sites/default/files/pmuday/731_210.pdf,,2019-12-07,,https://dda.gov.in/delineated-boundary
273,"Dr. Ambedkar Colony, Andheria Morh, Chhatarpur",211,regular,1,465,https://dda.gov.in/sites/default/files/pmuday/465_211.pdf,,2019-12-03,,https://dda.gov.in/delineated-boundary
274,"Aman Puri, Najafgarh,Nangloi, Delhi-41",212,regular,1,343,,https://dda.gov.in/sites/default/files/pmuday/343_212.pdf,2020-05-18,,https://dda.gov.in/delineated-boundary
275,"Rajasthani Colony, West Patel Nagar, New Delhi",213,regular,0,896,,,2020-06-03,,https://dda.gov.in/delineated-boundary
276,Karkardooma Colony,214,regular,1,106,,https://dda.gov.in/sites/default/files/pmuday/106_214.pdf,2020-04-23,,https://dda.gov.in/delineated-boundary
277,"Kamla Enclave, New Roshan Pura Extn., Najafgarh",215,regular,1,1385,,https://dda.gov.in/sites/default/files/pmuday/1385_215.pdf,2020-06-16,,https://dda.gov.in/delineated-boundary
278,"Saurabh Vihar, O-Block, Hari Nagar Extn.-II, Badarpur",216,regular,1,1191,,https://dda.gov.in/sites/default/files/pmuday/1191_216.pdf,2020-06-10,,https://dda.gov.in/delineated-boundary
279,"Nangloi Extn.-1-B, Delhi-41",217,regular,1,1270,,https://dda.gov.in/sites/default/files/pmuday/1270_217.pdf,2020-06-12,,https://dda.gov.in/delineated-boundary
280,"Shaheed Bhagat Singh Nagar, Majri Karala, Delhi- 81",218-A,regular,1,882,https://dda.gov.in/sites/default/files/pmuday/882_218.pdf,,2019-12-11,,https://dda.gov.in/delineated-boundary
281,"Shaheed Bhagat Singh Nagar, Majri Karala, Delhi- 81",218-B,regular,1,882,https://dda.gov.in/sites/default/files/pmuday/882_218.pdf,,2019-12-11,,https://dda.gov.in/delineated-boundary
282,"Vijay Nagar, Bawana, Delhi-37",219,regular,1,1254,,https://dda.gov.in/sites/default/files/pmuday/1254_219.pdf,2020-06-12,,https://dda.gov.in/delineated-boundary
283,"Vidyapati Nagar, Mubarakpur, Delhi-81",220,regular,1,1038,,https://dda.gov.in/sites/default/files/pmuday/1038_220.pdf,2020-06-05,,https://dda.gov.in/delineated-boundary
284,"Inder Enclave-II, F-Block, Mubarakpur- Delhi-81",221,regular,1,1396,,https://dda.gov.in/sites/default/files/pmuday/1396_221.pdf,2020-06-16,,https://dda.gov.in/delineated-boundary
285,"Raghuvir Vihar, Prem Nagar-III, Nangloi",222,regular,1,1107,,https://dda.gov.in/sites/default/files/pmuday/1107_222.pdf,2020-06-08,,https://dda.gov.in/delineated-boundary
286,"Pankaj Garden near Ambarhai, Sec-19, Dwarka",224,regular,1,406,,https://dda.gov.in/sites/default/files/pmuday/406_224.pdf,2020-05-20,,https://dda.gov.in/delineated-boundary
287,"Hari Nagar Extn., F-Block, Part-II, Badarpur",225,regular,0,887,,,2020-06-03,,https://dda.gov.in/delineated-boundary
288,"Zakir Nagar, H-Block, Okhla",226,regular,1,1557,https://dda.gov.in/sites/default/files/pmuday/1557_226.pdf,,2020-03-16,,https://dda.gov.in/delineated-boundary
289,"Roshan Garden-II, Kakrola road, Najafgarh",227,regular,1,957,,https://dda.gov.in/sites/default/files/pmuday/957_227.pdf,2020-06-04,,https://dda.gov.in/delineated-boundary
290,"Subhash Mohalla, North Ghonda, Delhi-53",228-A,regular,1,556,,https://dda.gov.in/sites/default/files/pmuday/556_288.pdf,2020-05-23,"(1) 1017 Chanakya Place Pt-II Uttam Nagar,Delhi",https://dda.gov.in/delineated-boundary
291,"Subhash Mohalla, North Ghonda, Delhi-53",228-B,regular,1,556,,https://dda.gov.in/sites/default/files/pmuday/556_288.pdf,2020-05-23,"(1) 1017 Chanakya Place Pt-II Uttam Nagar,Delhi",https://dda.gov.in/delineated-boundary
292,"Subhash Mohalla, North Ghonda, Delhi-53",228-C,regular,1,556,,https://dda.gov.in/sites/default/files/pmuday/556_288.pdf,2020-05-23,"(1) 1017 Chanakya Place Pt-II Uttam Nagar,Delhi",https://dda.gov.in/delineated-boundary
293,"Shiv Ram Park,Nangloi, G H Block, New Delhi- 41",229,regular,1,603,,https://dda.gov.in/sites/default/files/pmuday/603_229.pdf,2020-05-26,,https://dda.gov.in/delineated-boundary
294,"Agar Enclave-I, Prem Nagar-III, Mubarak Pur road, Nangloi",231,regular,1,1544,,https://dda.gov.in/sites/default/files/pmuday/1544_231.pdf,2020-06-17,,https://dda.gov.in/delineated-boundary
295,"Gandhi Park Main Gurgaon road, Deenpur, Najafgarh",232,regular,1,537,,https://dda.gov.in/sites/default/files/pmuday/537_232.pdf,2020-05-23,,https://dda.gov.in/delineated-boundary
296,"Uttranchal Enclave, Burari, Delhi",233,regular,1,173,,https://dda.gov.in/sites/default/files/pmuday/173_233.pdf,2020-04-23,,https://dda.gov.in/delineated-boundary
297,"Jaitpur Extn., K-Block, Badarpur, New Delhi",234,regular,1,1212,,https://dda.gov.in/sites/default/files/pmuday/1212_234.pdf,2020-06-12,,https://dda.gov.in/delineated-boundary
298,"Janta Enclave, G-Block, Prem Nagar-III, New Delhi",235,regular,1,1021,,https://dda.gov.in/sites/default/files/pmuday/1021_235.pdf,2020-06-05,,https://dda.gov.in/delineated-boundary
299,"Abul Fazal Enclave, Block-E to N, New Delhi-25",236,regular,1,1076,https://dda.gov.in/sites/default/files/pmuday/1076_236.pdf,,2019-12-16,"(1) REGD. NO.391_Abul Fazal Enclave (Main), Kalindikunj Road Okhla, New Delhi",https://dda.gov.in/delineated-boundary
300,"Sant Nagar Block 'A' Burari Road, Delhi",237,regular,1,169,,https://dda.gov.in/sites/default/files/pmuday/169_237.pdf,2020-04-23,,https://dda.gov.in/delineated-boundary
301,"Aman Vihar, H-Block, Kirari Extn. Nangloi, New Delhi",238,regular,1,1119,,https://dda.gov.in/sites/default/files/pmuday/1119_238.pdf,2020-06-08,,https://dda.gov.in/delineated-boundary
302,"M. S. & New M. S. Mohan Garden, New Delhi- 59",239,regular,1,1343,,https://dda.gov.in/sites/default/files/pmuday/1343_239.pdf,2020-06-15,,https://dda.gov.in/delineated-boundary
303,"Lakhpat Colony, Part-II, Mithapur Extn. New Delhi",240,regular,1,1220,https://dda.gov.in/sites/default/files/pmuday/1220_240.pdf,,2019-12-16,,https://dda.gov.in/delineated-boundary
304,"Jeevan Park, Pankha road, New Delhi, D-1, D- 2, D-3 Block",241,regular,1,479,,https://dda.gov.in/sites/default/files/pmuday/479_241.pdf,2020-05-22,,https://dda.gov.in/delineated-boundary
305,"Dharam Pura, Block A -3, Najafgarh, New Delhi- 43",242,regular,1,952,,https://dda.gov.in/sites/default/files/pmuday/952_242.pdf,2020-06-04,,https://dda.gov.in/delineated-boundary
306,"Sainik Enclave, Sec-II, Sainik Vihar Extn. Mohan Garden, New Delhi",243,regular,1,795,,https://dda.gov.in/sites/default/files/pmuday/795_243.pdf,2020-06-01,,https://dda.gov.in/delineated-boundary
307,"Mohan Garden Phase-I, Uttam Nagar, New Delhi-59",244,regular,1,238,,https://dda.gov.in/sites/default/files/pmuday/MAP%20238_1135.pdf,2020-05-16,,https://dda.gov.in/delineated-boundary
308,"Himgiri Enclave, Mukand Pur (Extn.-II), Burari",245,regular,0,1625,,,2020-04-27,"BOUNDARY OF COLONY CAN NOT BE DELINEATED AS PER ""SOP"" (""Shapefile"" of the colony is not available)",https://dda.gov.in/delineated-boundary
309,"Prem Vihar Colony, Nangli Dairy, Najafgarh, New Delhi",246,regular,0,901,,,2020-06-03,,https://dda.gov.in/delineated-boundary
310,"Mohan Garden, A-II Block, Uttam Nagar, New Delhi",247,regular,1,798,https://dda.gov.in/sites/default/files/pmuday/798_247.pdf,,2019-12-09,,https://dda.gov.in/delineated-boundary
311,"Harsh Vihar, D-Block, Delhi-93",248,regular,1,1311,,https://dda.gov.in/sites/default/files/pmuday/1311_248.pdf,2020-06-15,,https://dda.gov.in/delineated-boundary
312,"Harsh Vihar, D-Block, Delhi-93",248-A,regular,1,1311,,https://dda.gov.in/sites/default/files/pmuday/1311_248.pdf,2020-06-15,,https://dda.gov.in/delineated-boundary
313,"Subhash Park Extn. Raja Puri road, Uttam Nagar",250,regular,1,1445,,https://dda.gov.in/sites/default/files/pmuday/1445_250.pdf,2020-06-16,,https://dda.gov.in/delineated-boundary
314,"Subhash Park Extn. 'B' Block, Uttam Nagar, New Delhi",251,regular,1,449,,https://dda.gov.in/sites/default/files/pmuday/449_251.pdf,2020-05-22,,https://dda.gov.in/delineated-boundary
315,"Raja Puri Colony, Uttam Nagar, New Delhi",252,regular,1,488,,https://dda.gov.in/sites/default/files/pmuday/488_252.pdf,2020-05-22,,https://dda.gov.in/delineated-boundary
316,"Shri Krishna Surakhpur Road, Gopal Nagar, Najafgarh",253,regular,1,718,,https://dda.gov.in/sites/default/files/pmuday/718_253.pdf,2020-05-29,,https://dda.gov.in/delineated-boundary
317,"Prahlad Vihar, Phase-II, Pappu Colony, Block A & B, Bawana, Delhi",254,regular,1,510,,https://dda.gov.in/sites/default/files/pmuday/510_254.pdf,2020-05-22,,https://dda.gov.in/delineated-boundary
318,"Qutabgarh Extn.Colony, Kanjhawla Delhi-39",255-A,regular,1,249,,https://dda.gov.in/sites/default/files/pmuday/MAP%20249_279.pdf,2020-05-16,,https://dda.gov.in/delineated-boundary
319,"Qutabgarh Extn.Colony, Kanjhawla Delhi-39",255-B,regular,0,1626,,,2020-04-27,"BOUNDARY OF COLONY CAN NOT BE DELINEATED AS PER ""SOP"" (""Shapefile"" of the colony is not available)",https://dda.gov.in/delineated-boundary
320,"Qutabgarh Extn.Colony, Kanjhawla Delhi-39",255-C,regular,0,1627,,,2020-04-27,"BOUNDARY OF COLONY CAN NOT BE DELINEATED AS PER ""SOP"" (""Shapefile"" of the colony is not available)",https://dda.gov.in/delineated-boundary
321,"Ranhaula Vihar, Nangloi, New Dehli-41",256,regular,1,333,https://dda.gov.in/sites/default/files/pmuday/333_256.pdf,,2019-12-01,"(1) REGD. NO.1531_Ganga Ram Park, Village Ranhola, Nangloi, New Delhi-41",https://dda.gov.in/delineated-boundary
322,"Jain Colony (Nanesh Enclave) Village Barwala, Bawana Road, Dehli-39",258,regular,1,5,,https://dda.gov.in/sites/default/files/pmuday/05_258.pdf,2020-03-11,,https://dda.gov.in/delineated-boundary
323,"Palam Vihar, Dwarka, Sector-6, New Dehli",260,regular,1,415,,https://dda.gov.in/sites/default/files/pmuday/415_260.pdf,2020-05-20,,https://dda.gov.in/delineated-boundary
324,"Vikas Vihar, Sec.-22, Rohini, Delhi",261,regular,1,1054,https://dda.gov.in/sites/default/files/pmuday/1054_261.pdf,,2019-12-15,,https://dda.gov.in/delineated-boundary
325,"Karan Vihar, Part-IV, Kirari Delhi-86",262,regular,1,1112,,https://dda.gov.in/sites/default/files/pmuday/1112_262.pdf,2020-06-08,,https://dda.gov.in/delineated-boundary
326,"Gopal Vihar Colony, Kanjhawla, Dehli-41",263,regular,1,949,https://dda.gov.in/sites/default/files/pmuday/949_263.pdf,,2019-12-11,,https://dda.gov.in/delineated-boundary
327,"Lakhi Ram Park, Delhi-41",264,regular,1,1055,,https://dda.gov.in/sites/default/files/pmuday/1055_264.pdf,2020-06-08,,https://dda.gov.in/delineated-boundary
328,"Gafar Manzil, Extn.-II, jamia Nagar, Okhla, New Delhi",265,regular,1,1177,,https://dda.gov.in/sites/default/files/pmuday/1177_265.pdf,2020-06-10,,https://dda.gov.in/delineated-boundary
329,"Baljeet Nagar and Punjabi basti, New Delhi-8",266,regular,0,1628,,,2020-04-27,"BOUNDARY OF COLONY CAN NOT BE DELINEATED AS PER ""SOP"" (""Shapefile"" of the colony is not available)",https://dda.gov.in/delineated-boundary
330,"Budh Vihar Colony, Phase-I & II, Delhi",267,regular,1,938,https://dda.gov.in/sites/default/files/pmuday/938_267.pdf,,2019-12-11,,https://dda.gov.in/delineated-boundary
331,"Raja Park, Sultan Puri, Kanjhawla",268,regular,1,1032,https://dda.gov.in/sites/default/files/pmuday/1032_268.pdf,,2019-12-15,"(1) REGD. NO.567_Friends Enclave, East Block, Sultanpur Extn., Nangloi, Delhi",https://dda.gov.in/delineated-boundary
332,"Janta Garden, Leftout Portion, E-Block, Pandav Nagar, Delhi-91",269-A,regular,1,132,,https://dda.gov.in/sites/default/files/pmuday/132_269A.pdf,2020-04-23,"(1) REGD. NO.269 B_Janta Garden, Leftout Portion, E-Block, Pandav Nagar, Delhi-91",https://dda.gov.in/delineated-boundary
333,"Janta Garden, Leftout Portion, E-Block, Pandav Nagar, Delhi-91",269-B,regular,1,1322,,https://dda.gov.in/sites/default/files/pmuday/1322_269_B.pdf,2020-06-15,,https://dda.gov.in/delineated-boundary
334,"Bhagirathi Vihar, Phase-2, 33 Feeta Idgah Road.",270,regular,1,260,,https://dda.gov.in/sites/default/files/pmuday/260_270.pdf,2020-05-16,,https://dda.gov.in/delineated-boundary
335,"Tomar Colony (Kamal Pur) Burari, Delhi-84",271,regular,1,161,,https://dda.gov.in/sites/default/files/pmuday/161_271.pdf,2020-04-23,,https://dda.gov.in/delineated-boundary
336,"Prem Vihar, Purvi Karawal Nagar, New Delhi",272,regular,1,219,,https://dda.gov.in/sites/default/files/pmuday/MAP%20219_272.pdf,2020-05-16,,https://dda.gov.in/delineated-boundary
337,"Sai Nagar, Mithapur, Extn. Badarpur, New Delhi",273,regular,1,1218,,https://dda.gov.in/sites/default/files/pmuday/1218_273.pdf,2020-06-12,,https://dda.gov.in/delineated-boundary
338,"Ambika Vihar, A-Block, East Karawal Nagar",274,regular,1,280,,https://dda.gov.in/sites/default/files/pmuday/280_274.pdf,2020-05-18,,https://dda.gov.in/delineated-boundary
339,"Ekta Vihar, Mithapur Extn. Badarpur, New Delhi",275,regular,1,1221,,https://dda.gov.in/sites/default/files/pmuday/1221_275.pdf,2020-06-12,,https://dda.gov.in/delineated-boundary
340,"Shiv Vihar, U-Block, Karawal Nagar, New Delhi",276,regular,1,1560,https://dda.gov.in/sites/default/files/pmuday/1560_276.pdf,,2020-03-16,,https://dda.gov.in/delineated-boundary
341,"Shanti Nagar, Shiv Vihar, Delhi-94",277,regular,1,250,,https://dda.gov.in/sites/default/files/pmuday/MAP%20250_277.pdf,2020-05-16,,https://dda.gov.in/delineated-boundary
342,"Gautam Colony Ext., Arya Nagar, Safiabad Road, Narela",278,regular,1,290,,https://dda.gov.in/sites/default/files/pmuday/290_278.pdf,2020-05-18,,https://dda.gov.in/delineated-boundary
343,"Shiv Vihar Ph-9, East Ext, Delhi-94",279,regular,1,249,,https://dda.gov.in/sites/default/files/pmuday/MAP%20249_279.pdf,2020-05-16,,https://dda.gov.in/delineated-boundary
344,"Baljeet Vihar, Nithari Extn., Nangloi, New Dehli- 41",280,regular,1,1104,,https://dda.gov.in/sites/default/files/pmuday/1104_280.pdf,2020-06-08,,https://dda.gov.in/delineated-boundary
345,"Shri Ram Colony, Nilothi Extn., Nangloi, Delhi- 41",281,regular,1,922,https://dda.gov.in/sites/default/files/pmuday/922_281.pdf,,2019-12-11,,https://dda.gov.in/delineated-boundary
346,"Parvatiya Anchal, C-Block, Sant Nagar, Burari, Delhi-84",282,regular,1,167,,https://dda.gov.in/sites/default/files/pmuday/167_282.pdf,2020-04-23,,https://dda.gov.in/delineated-boundary
347,"Ramesh Enclave, Kirari Extn., Bawana, New Delhi-41",283,regular,1,1108,,https://dda.gov.in/sites/default/files/pmuday/1108_283.pdf,2020-06-08,,https://dda.gov.in/delineated-boundary
348,"Gagan Vihar (near Molar Bund), Badarpur, New Delhi",284,regular,1,1169,,https://dda.gov.in/sites/default/files/pmuday/1169_284.pdf,2020-06-10,,https://dda.gov.in/delineated-boundary
349,"Teacher Colony Samaipur, Delhi",285,regular,1,60,,https://dda.gov.in/sites/default/files/pmuday/60_285.pdf,2020-03-11,,https://dda.gov.in/delineated-boundary
350,"Yadav Enclave, Vikas Nagar, Ext., Hastsal, New Delhi",286,regular,1,675,,https://dda.gov.in/sites/default/files/pmuday/675_286.pdf,2020-05-27,,https://dda.gov.in/delineated-boundary
351,"Kaushik Enclave, A-Block, Burari Road, Delhi",287,regular,1,1325,,https://dda.gov.in/sites/default/files/pmuday/1325_287.pdf,2020-06-15,,https://dda.gov.in/delineated-boundary
352,"Chanakya Place Part-II, Uttam Nagar, New Delhi",288,regular,1,283,,https://dda.gov.in/sites/default/files/pmuday/283_766.pdf,2020-05-18,,https://dda.gov.in/delineated-boundary
353,"Vijay Enclave & Left out Portion, G-Block, Dabri, Palam Road, New Delhi",289,regular,1,440,,https://dda.gov.in/sites/default/files/pmuday/440_289.pdf,2020-05-20,,https://dda.gov.in/delineated-boundary
354,"Indra Park, Najafgarh, New Delhi",290,regular,1,966,,https://dda.gov.in/sites/default/files/pmuday/966_290.pdf,2020-06-04,,https://dda.gov.in/delineated-boundary
355,"Sangam Vihar, K-II, New Delhi-62",291,regular,1,733,,https://dda.gov.in/sites/default/files/pmuday/733_291.pdf,2020-05-29,,https://dda.gov.in/delineated-boundary
356,"Mahavir Enclave, G-1 Block, Left out Portion, Palam Village, New Delhi-45",292,regular,1,568,,https://dda.gov.in/sites/default/files/pmuday/568_292.pdf,2020-05-26,,https://dda.gov.in/delineated-boundary
357,"Durga Vihar, Ph-III, Najafgarh, New Delhi",293,regular,1,1386,,https://dda.gov.in/sites/default/files/pmuday/1386_293.pdf,2020-06-16,,https://dda.gov.in/delineated-boundary
358,"Tukmir Pur Vistar, Mustfabad, Karawal Nagar, Delhi",295,regular,1,207,,https://dda.gov.in/sites/default/files/pmuday/MAP%20207_295.pdf,2020-05-16,,https://dda.gov.in/delineated-boundary
359,"Prem Nagar-3, K-1, Block, Kirari Nangloi, New Delhi",296,regular,1,1137,,https://dda.gov.in/sites/default/files/pmuday/1137_296.pdf,2020-06-09,,https://dda.gov.in/delineated-boundary
360,"Rama Vihar Colony, Mohmad Pur Majri, Delhi- 81",297,regular,1,884,https://dda.gov.in/sites/default/files/pmuday/884_297.pdf,,2019-12-11,,https://dda.gov.in/delineated-boundary
361,"Brij Vihar Agra Nagar, Prem Nagar-3, New Delhi",298,regular,1,1043,,https://dda.gov.in/sites/default/files/pmuday/1043_298.pdf,2020-06-05,,https://dda.gov.in/delineated-boundary
362,"Rattan Vihar, Kirar,i Sultan Puri Road, Nangloi, Delhi-41",299-A,regular,1,1116,,https://dda.gov.in/sites/default/files/pmuday/1116_299-A.pdf,2020-06-08,"(1) REGD. NO.299_B_Rattan Vihar, Kirar,i Sultan Puri Road, Nangloi, Delhi-41",https://dda.gov.in/delineated-boundary
363,"Rattan Vihar, Kirar,i Sultan Puri Road, Nangloi, Delhi-41",299-B,regular,0,917,,,2020-06-03,,https://dda.gov.in/delineated-boundary
364,"Sheesh Mahal Enclave, Prem Nagar-3, Nangloi, Delhi-41",300,regular,0,1629,,,2020-04-27,"BOUNDARY OF COLONY CAN NOT BE DELINEATED AS PER ""SOP"" (""Shapefile"" of the colony is not available)",https://dda.gov.in/delineated-boundary
365,"Chandan Park, Prem Nagar-3, Nangloi, Delhi- 41",301,regular,1,1152,,https://dda.gov.in/sites/default/files/pmuday/1152_301.pdf,2020-06-10,,https://dda.gov.in/delineated-boundary
366,"Vashisht Enclave, Baba Colony, Burari, Delhi-84",302,regular,1,163,,https://dda.gov.in/sites/default/files/pmuday/163_302.pdf,2020-04-23,,https://dda.gov.in/delineated-boundary
367,"Nand Ram Park, F-Block, Mahavir Enclave-3, New Delhi",303,regular,1,559,,https://dda.gov.in/sites/default/files/pmuday/559_303.pdf,2020-05-23,,https://dda.gov.in/delineated-boundary
368,"Jaitpur Extn., E-1 Block, Badarpur, New Delhi",304,regular,1,1206,,https://dda.gov.in/sites/default/files/pmuday/1206_304.pdf,2020-06-12,,https://dda.gov.in/delineated-boundary
369,"Molar Band Extn., Block No.-E/3, Part-2, Badarpur, New Delhi",305,regular,1,1368,,https://dda.gov.in/sites/default/files/pmuday/1368_305.pdf,2020-06-16,,https://dda.gov.in/delineated-boundary
370,"Joshi Colony, Mandawali, Fajalpur, Extn, Delhi- 92",306,regular,1,1008,,https://dda.gov.in/sites/default/files/pmuday/1008_306.pdf,2020-06-05,,https://dda.gov.in/delineated-boundary
371,"Pradhan Enclave, C&D Block, Mazra Burari, New Delhi-84",307,regular,1,159,,https://dda.gov.in/sites/default/files/pmuday/159_307.pdf,2020-04-23,(1) REGD. NO. 1154_Parsuram Enclave Salupur Majra Burari Delhi,https://dda.gov.in/delineated-boundary
372,"Pradhan Enclave, C&D Block, Mazra Burari, New Delhi-84",307-A,regular,1,159,,https://dda.gov.in/sites/default/files/pmuday/159_307.pdf,2020-04-23,(1) REGD. NO. 1154_Parsuram Enclave Salupur Majra Burari Delhi,https://dda.gov.in/delineated-boundary
373,"Utsav Vihar, A-3, Karala, New Delhi",309,regular,0,878,,,2020-06-03,,https://dda.gov.in/delineated-boundary
374,"Prem Nagar, Karol Bagh (Zone) New Delhi-8",310,regular,0,894,,,2020-06-03,,https://dda.gov.in/delineated-boundary
375,"Astha Vihar, Prem Nagar-3, Kanjhawla, New Delhi",311,regular,1,306,,https://dda.gov.in/sites/default/files/pmuday/306_441.pdf,2020-05-18,,https://dda.gov.in/delineated-boundary
376,"Sangam Vihar, L-1, Pocket-C, New Delhi",312,regular,1,737,,https://dda.gov.in/sites/default/files/pmuday/737_312.pdf,2020-05-29,,https://dda.gov.in/delineated-boundary
377,"Prem Vihar, Z-Block Prem Nagar, 2 Nangloi",313,regular,1,1143,,https://dda.gov.in/sites/default/files/pmuday/1143_313.pdf,2020-06-09,,https://dda.gov.in/delineated-boundary
378,"Vatasta Enclave (Kashmiri Colony)Prem Nagar, Z- Block, Najafgarh",314,regular,1,758,,https://dda.gov.in/sites/default/files/pmuday/758_314.pdf,2020-06-01,,https://dda.gov.in/delineated-boundary
379,"Ram Vihar, Loni Road, Joharipur",315,regular,1,231,,https://dda.gov.in/sites/default/files/pmuday/MAP%20231_315.pdf,2020-05-16,,https://dda.gov.in/delineated-boundary
380,"Bajrang Enclave, Nangloi Road,Najafgarh",317,regular,1,362,,https://dda.gov.in/sites/default/files/pmuday/362_317.pdf,2020-05-20,,https://dda.gov.in/delineated-boundary
381,"Prem Nagar-1, H- Block, (Kirari) Nangloi, Delhi- 41",318,regular,1,1146,,https://dda.gov.in/sites/default/files/pmuday/1146_318.pdf,2020-06-09,,https://dda.gov.in/delineated-boundary
382,"Pochanpur Ext., B-Block, Najafgarh",319,regular,1,402,,https://dda.gov.in/sites/default/files/pmuday/402_319.pdf,2020-05-20,"(1) REGD. NO.4-(ELD)_C-Block, Pochanpur Village, Pochanpur, New Delhi-77",https://dda.gov.in/delineated-boundary
383,"Chhawla Ext., Kangan Heri Road",320-A,regular,1,623,,https://dda.gov.in/sites/default/files/pmuday/623_320.pdf,2020-05-26,,https://dda.gov.in/delineated-boundary
384,"Chhawla Ext., Kangan Heri Road",320-B,regular,1,623,,https://dda.gov.in/sites/default/files/pmuday/623_320.pdf,2020-05-26,,https://dda.gov.in/delineated-boundary
385,"Makki Sarai, GT Road, Shahdara",322,regular,1,95,,https://dda.gov.in/sites/default/files/pmuday/95_322.pdf,2020-03-12,,https://dda.gov.in/delineated-boundary
386,"Shiv Vihar, ABCDE-Block, Nilothi Extn. Nangloi",323,regular,0,925,,,2020-06-03,(1)815 Shiv Ram Park B-1 Block Nangloi (1)Najafgah Nangloi Road Delhi 41,https://dda.gov.in/delineated-boundary
387,"Vijay Laxmi Park, Nilothi, Ext. Delhi-41",324,regular,0,924,,,2020-06-03,,https://dda.gov.in/delineated-boundary
388,"Rithala Ext., Rithala, Delhi-85",325,regular,1,1265,https://dda.gov.in/sites/default/files/pmuday/1265_325.pdf,,2019-12-19,,https://dda.gov.in/delineated-boundary
389,"New Ashok Nagar, E-Extn. Harizan Basti, Delhi- 96",326,regular,1,1266,,https://dda.gov.in/sites/default/files/pmuday/1266_326.pdf,2020-06-12,,https://dda.gov.in/delineated-boundary
390,"Sudarshan Park, Badarpur",327,regular,1,1229,,https://dda.gov.in/sites/default/files/pmuday/1229_327.pdf,2020-06-12,,https://dda.gov.in/delineated-boundary
391,"Prem Nagar Ext. Near Kirari, Nangloi",328,regular,1,1121,,https://dda.gov.in/sites/default/files/pmuday/1121_328.pdf,2020-06-09,,https://dda.gov.in/delineated-boundary
392,"Ajit Vihar Burari Garhi, Delhi-84",329-A,regular,1,158,,https://dda.gov.in/sites/default/files/pmuday/158_329.pdf,2020-04-23,,https://dda.gov.in/delineated-boundary
393,"Ajit Vihar Burari Garhi, Delhi-84",329-B,regular,1,158,,https://dda.gov.in/sites/default/files/pmuday/158_329.pdf,2020-04-23,,https://dda.gov.in/delineated-boundary
394,"Ajit Vihar Burari Garhi, Delhi-84",329-C,regular,1,158,,https://dda.gov.in/sites/default/files/pmuday/158_329.pdf,2020-04-23,,https://dda.gov.in/delineated-boundary
395,"Vinay Enclave & Narayan Enclave, Nangloi, Delhi-41",331,regular,1,26,,https://dda.gov.in/sites/default/files/pmuday/26_331.pdf,2020-03-11,,https://dda.gov.in/delineated-boundary
396,"Ajay Park, Naya Bazar, D-Block, Najafgarh",332,regular,1,381,,https://dda.gov.in/sites/default/files/pmuday/381_332.pdf,2020-05-20,,https://dda.gov.in/delineated-boundary
397,"Adarsh Laxmi Vihar, Prem Nagar-3, Kirari, Delhi 86.",333,regular,1,311,,https://dda.gov.in/sites/default/files/pmuday/311_333.pdf,2020-05-18,,https://dda.gov.in/delineated-boundary
398,"Mithila Vihar, Prem Nagar-2, Mubarakpur Road, Delhi",334,regular,1,1157,,https://dda.gov.in/sites/default/files/pmuday/1157_334.pdf,2020-06-10,,https://dda.gov.in/delineated-boundary
399,"Mandi Pahari Abadi, Shanti Camp-I, Delhi-47",335,regular,1,573,,https://dda.gov.in/sites/default/files/pmuday/573_335.pdf,2020-05-26,,https://dda.gov.in/delineated-boundary
400,"Shivram park, Block-1 Nangloi, Nafajgarh Road",336,regular,1,606,,https://dda.gov.in/sites/default/files/pmuday/606_336.pdf,2020-05-26,,https://dda.gov.in/delineated-boundary
401,"Bhagat Singh Park, Siraspur, Delhi-42",337,regular,1,46,,https://dda.gov.in/sites/default/files/pmuday/46_337.pdf,2020-03-11,,https://dda.gov.in/delineated-boundary
402,"Shri Krishana Colony Harewali, Delhi-39",339,regular,1,1410,,https://dda.gov.in/sites/default/files/pmuday/1410_339.pdf,2020-06-16,,https://dda.gov.in/delineated-boundary
403,"Sangam Vihar Wazirabad, Delhi",340,regular,1,181,,https://dda.gov.in/sites/default/files/pmuday/181_340.pdf,2020-04-23,,https://dda.gov.in/delineated-boundary
404,"Mahipalpur Extn., L-Block, New Delhi",341,regular,1,636,https://dda.gov.in/sites/default/files/pmuday/636_341.pdf,,2019-12-04,,https://dda.gov.in/delineated-boundary
405,"Vikas Nagar, Extn.(Pocket P) Gurudwara Road, Hastsal Uttam Nagar, New Delhi",342,regular,1,1498,,https://dda.gov.in/sites/default/files/pmuday/1498_342.pdf,2020-06-17,,https://dda.gov.in/delineated-boundary
406,"Sapt Rishi Garden, Holambi Kalan, Narela, Delhi-82",343,regular,1,521,,https://dda.gov.in/sites/default/files/pmuday/521_343.pdf,2020-05-23,,https://dda.gov.in/delineated-boundary
407,"Sanjay Enclave, Uttam Nagar, Najafgarh, New Delhi-59",344,regular,1,494,,https://dda.gov.in/sites/default/files/pmuday/494_344.pdf,2020-05-22,"(1) 250 Subhash Park Extn. Raja Puri road, Uttam Nagar",https://dda.gov.in/delineated-boundary
408,"Wazirpur Extn., (Village), Ashok Vihar",346,regular,1,1355,,https://dda.gov.in/sites/default/files/pmuday/1355_346.pdf,2020-06-15,,https://dda.gov.in/delineated-boundary
409,"Vijay Vihar Ph-1, near Rithala",347,regular,1,947,https://dda.gov.in/sites/default/files/pmuday/947_347.pdf,,2019-12-11,,https://dda.gov.in/delineated-boundary
410,"Dallupura Extended Abadi, New Ashok Nagar",348,regular,1,1318,,https://dda.gov.in/sites/default/files/pmuday/1318_348.pdf,2020-06-15,,https://dda.gov.in/delineated-boundary
411,"O&P-Block, Shiv Vihar Karawal Nagar Delhi-94",349,regular,1,279,,https://dda.gov.in/sites/default/files/pmuday/279_349.pdf,2020-05-18,,https://dda.gov.in/delineated-boundary
412,"Sangam Vihar, Block-I & II, New Delhi",350,regular,1,728,,https://dda.gov.in/sites/default/files/pmuday/728_350.pdf,2020-05-29,,https://dda.gov.in/delineated-boundary
413,"Mansa Ram Park, E-Block, Uttam Nagar",351,regular,1,658,,https://dda.gov.in/sites/default/files/pmuday/658_351.pdf,2020-05-27,,https://dda.gov.in/delineated-boundary
414,"Mohan Garden, M-Block, Uttam Nagar, Rama Park Road",353,regular,1,805,,https://dda.gov.in/sites/default/files/pmuday/805_353.pdf,2020-06-01,,https://dda.gov.in/delineated-boundary
415,"Sangam Vihar, L-Block, New Delhi-62",354,regular,1,734,,https://dda.gov.in/sites/default/files/pmuday/734_354.pdf,2020-05-29,,https://dda.gov.in/delineated-boundary
416,"Sangam Vihar, L-Block, New Delhi-62",354-B,regular,1,734,,https://dda.gov.in/sites/default/files/pmuday/734_354.pdf,2020-05-29,,https://dda.gov.in/delineated-boundary
417,"Matiyala Extn, (Guru Harikrishan, Palam Nagar) Uttam Nagar",356,regular,1,657,https://dda.gov.in/sites/default/files/pmuday/657_356.pdf,,2019-12-06,,https://dda.gov.in/delineated-boundary
418,"Janki puri, Uttam Nagar, Hastal",357,regular,1,562,,https://dda.gov.in/sites/default/files/pmuday/562_357.pdf,2020-05-26,,https://dda.gov.in/delineated-boundary
419,"Sangam Vihar, Block M-II,",358,regular,1,735,,https://dda.gov.in/sites/default/files/pmuday/735_358.pdf,2020-05-29,,https://dda.gov.in/delineated-boundary
420,"Sangam Vihar, H-Block",359-A,regular,1,863,,https://dda.gov.in/sites/default/files/pmuday/863_359.pdf,2020-06-02,"(1) 359 B Sangam Vihar, H-Block",https://dda.gov.in/delineated-boundary
421,"Sangam Vihar, H-Block",359-B,regular,1,863,,https://dda.gov.in/sites/default/files/pmuday/863_359.pdf,2020-06-02,"(1) 359 B Sangam Vihar, H-Block",https://dda.gov.in/delineated-boundary
422,"Shiv Ram Park, Block E1, E2 Nangloi, Delhi-41",360,regular,1,601,,https://dda.gov.in/sites/default/files/pmuday/601_360.pdf,2020-05-26,,https://dda.gov.in/delineated-boundary
423,"Nangloi Extn., D-Block West (2-D), Delhi-41",361,regular,1,1272,,https://dda.gov.in/sites/default/files/pmuday/1272_361.pdf,2020-06-12,,https://dda.gov.in/delineated-boundary
424,"Adarsh Nagar and Sarai Pipal Thala Extn., Part- II",362,regular,1,39,,https://dda.gov.in/sites/default/files/pmuday/39_362.pdf,2020-03-11,,https://dda.gov.in/delineated-boundary
425,"Gopal Nagar Extn. Main Surakhpur Road, Najafgarh",363,regular,1,720,,https://dda.gov.in/sites/default/files/pmuday/720_363.pdf,2020-05-29,,https://dda.gov.in/delineated-boundary
426,"Prem Nagar, G-Block, Leftout Portion near Sant Kabir Ashram, Najafgarh",364,regular,1,757,,https://dda.gov.in/sites/default/files/pmuday/757_364.pdf,2020-06-01,,https://dda.gov.in/delineated-boundary
427,"Roop Vihar Village (Block ABC), Mubarakpur Dabas, Delhi-87",365,regular,1,1034,,https://dda.gov.in/sites/default/files/pmuday/1034_365.pdf,2020-06-05,,https://dda.gov.in/delineated-boundary
428,"Suraksha Vihar, Vikas Nagar, Uttam Nagar, New Delhi-59",366,regular,1,685,https://dda.gov.in/sites/default/files/pmuday/685_366.pdf,,2019-12-06,,https://dda.gov.in/delineated-boundary
429,"Ambika Enclave, Kakrola, Delhi-43",367,regular,1,1093,,https://dda.gov.in/sites/default/files/pmuday/1093_367.pdf,2020-06-08,,https://dda.gov.in/delineated-boundary
430,"Jaitpur Extn., Part-1, Badarpur",368,regular,1,1209,,https://dda.gov.in/sites/default/files/pmuday/1209_368.pdf,2020-06-12,,https://dda.gov.in/delineated-boundary
431,"Shiv Vihar, Phase-10, Delhi",369,regular,1,248,,https://dda.gov.in/sites/default/files/pmuday/MAP%20248_369.pdf,2020-05-16,,https://dda.gov.in/delineated-boundary
432,"Gautam Vihar Colony, Narela, Delhi40",371,regular,1,6,,https://dda.gov.in/sites/default/files/pmuday/06_371.pdf,2020-03-11,,https://dda.gov.in/delineated-boundary
433,Vijay Vihar Ph-II,372,regular,1,948,https://dda.gov.in/sites/default/files/pmuday/948_372.pdf,,2019-12-11,,https://dda.gov.in/delineated-boundary
434,"Mukund Vihar, Karawal Nagar, Delhi-94",373,regular,1,213,,https://dda.gov.in/sites/default/files/pmuday/MAP%20213_373.pdf,2020-05-16,,https://dda.gov.in/delineated-boundary
435,"Prem Nagar, Karawal Nagar, Delhi-94",376,regular,1,222,,https://dda.gov.in/sites/default/files/pmuday/MAP%20222_376.pdf,2020-05-16,,https://dda.gov.in/delineated-boundary
436,"Khubram Park, Ph-II (Station Block), Prem Nagar-1, Nangloi",377,regular,0,919,,,2020-06-03,,https://dda.gov.in/delineated-boundary
437,"Garhwal Colony, Mehrauli, New Delhi-30",378,regular,1,459,,https://dda.gov.in/sites/default/files/pmuday/459_378.pdf,2020-05-22,,https://dda.gov.in/delineated-boundary
438,"Hari Nagar Extn., Block D-I, Jaitpur, Badarpur",379,regular,1,1172,https://dda.gov.in/sites/default/files/pmuday/1172_379.pdf,,2019-12-16,,https://dda.gov.in/delineated-boundary
439,"Patel Garden Extn., Najafgarh Road, Kakrola More, Delhi",380,regular,0,905,,,2020-06-03,,https://dda.gov.in/delineated-boundary
440,"Mohan Garden N-N-1, N-2, N-3, N-Extn., Uttam Nagar",381,regular,1,826,,https://dda.gov.in/sites/default/files/pmuday/826_381.pdf,2020-06-02,"(1) REGD. NO.972_Pratap Enclave Mohan garden, Uttam Nagar, New Delhi-59",https://dda.gov.in/delineated-boundary
441,"Mohan Garden L, L-9, L1-A, Uttam Nagar",382,regular,1,783,,https://dda.gov.in/sites/default/files/pmuday/783_382.pdf,2020-06-01,,https://dda.gov.in/delineated-boundary
442,"Roshan Mandi, Najafgarh Road, Najafgarh, Delhi-43",383,regular,1,964,https://dda.gov.in/sites/default/files/pmuday/964_383.pdf,,2019-12-11,,https://dda.gov.in/delineated-boundary
443,"Mohan Garden Extn.,A-Block Uttam Nagar",384,regular,1,825,,https://dda.gov.in/sites/default/files/pmuday/825_384.pdf,2020-06-02,,https://dda.gov.in/delineated-boundary
444,"Krishan Vihar, (Pooth Kala)",385,regular,1,942,,https://dda.gov.in/sites/default/files/pmuday/942_385.pdf,2020-06-04,(1)102-(ELD) Extended Abadi Village Pooth Kalan Delhi 86,https://dda.gov.in/delineated-boundary
445,"Rajori Garden, Extn, Tatar Pur, New Delhi",386,regular,1,609,https://dda.gov.in/sites/default/files/pmuday/609_386.pdf,,2019-12-04,,https://dda.gov.in/delineated-boundary
446,"Chander Mohalla DharM.Purura, Extn., Najafgarh",387,regular,1,953,,https://dda.gov.in/sites/default/files/pmuday/953_387.pdf,2020-06-04,,https://dda.gov.in/delineated-boundary
447,"Jharoda Extn, Pt-1, Majra Burari",388,regular,1,176,,https://dda.gov.in/sites/default/files/pmuday/176_388.pdf,2020-04-23,,https://dda.gov.in/delineated-boundary
448,"Mohan Garden G-Block Extn.,R.K. Block Extn., Bhagwati Garden Extn.",389,regular,1,838,,https://dda.gov.in/sites/default/files/pmuday/838_389.pdf,2020-06-02,"(1) REGD. NO.389 A_Mohan Garden G-Block Extn.,R.K. Block Extn., Bhagwati Garden Extn.",https://dda.gov.in/delineated-boundary
449,"Mohan Garden G-Block Extn.,R.K. Block Extn., Bhagwati Garden Extn.",389-A,regular,1,838,,https://dda.gov.in/sites/default/files/pmuday/838_389.pdf,2020-06-02,"(1) REGD. NO.389 A_Mohan Garden G-Block Extn.,R.K. Block Extn., Bhagwati Garden Extn.",https://dda.gov.in/delineated-boundary
450,"Mohan Garden G-Block Extn.,R.K. Block Extn., Bhagwati Garden Extn.",389-B,regular,1,838,,https://dda.gov.in/sites/default/files/pmuday/838_389.pdf,2020-06-02,"(1) REGD. NO.389 A_Mohan Garden G-Block Extn.,R.K. Block Extn., Bhagwati Garden Extn.",https://dda.gov.in/delineated-boundary
451,"Sangam Vihar, L-1, A-Block, New Delhi",390,regular,1,741,https://dda.gov.in/sites/default/files/pmuday/741_390.pdf,,2019-12-07,,https://dda.gov.in/delineated-boundary
452,"Abul Fazal Enclave (Main), Kalindikunj Road Okhla, New Delhi",391,regular,1,1077,,https://dda.gov.in/sites/default/files/pmuday/1077_391.pdf,2020-06-08,,https://dda.gov.in/delineated-boundary
453,"Abul Fazal Enclave (Main), Kalindikunj Road Okhla, New Delhi",391-A,regular,1,1077,,https://dda.gov.in/sites/default/files/pmuday/1077_391.pdf,2020-06-08,,https://dda.gov.in/delineated-boundary
454,"Abul Fazal Enclave (Main), Kalindikunj Road Okhla, New Delhi",391-B,regular,1,1077,,https://dda.gov.in/sites/default/files/pmuday/1077_391.pdf,2020-06-08,,https://dda.gov.in/delineated-boundary
455,"Amar Colony, A-Block, Rohtak Road, Nangloi, Delhi",392,regular,1,386,,https://dda.gov.in/sites/default/files/pmuday/386_1510.pdf,2020-05-20,,https://dda.gov.in/delineated-boundary
456,"Gopal Nagar Extn., P&R Block, Najafgarh",393,regular,1,702,,https://dda.gov.in/sites/default/files/pmuday/702_393.pdf,2020-05-29,,https://dda.gov.in/delineated-boundary
457,"Rajpur Khurd Extn (South) Rajpur Extn., New Delhi-68",394,regular,1,388,https://dda.gov.in/sites/default/files/pmuday/388_206.pdf,,2019-12-02,,https://dda.gov.in/delineated-boundary
458,"Nand Vihar Kakrola, New Delhi-43",395,regular,1,848,,https://dda.gov.in/sites/default/files/pmuday/848_395.pdf,2020-06-02,,https://dda.gov.in/delineated-boundary
459,"Laxmi Vihar Extn. Prem Nagar-3, Kirari, Delhi- 41",396,regular,1,25,,https://dda.gov.in/sites/default/files/pmuday/25_396.pdf,2020-03-11,,https://dda.gov.in/delineated-boundary
460,"Sangam Vihar, Block-C, Part-1",397,regular,1,744,,https://dda.gov.in/sites/default/files/pmuday/744_397.pdf,2020-05-29,"(1) REGD. NO.873_Sangam Vihar Block C, Part-II Delhi-62",https://dda.gov.in/delineated-boundary
461,"Jai Vihar Phase-II, Dichau Village, Najafgarh, Delhi-49",398,regular,1,358,https://dda.gov.in/sites/default/files/pmuday/358_398.pdf,,2019-12-02,,https://dda.gov.in/delineated-boundary
462,"Anandpur Dham, Karala, Delhi-81",399,regular,1,749,https://dda.gov.in/sites/default/files/pmuday/749_399.pdf,,2019-12-07,,https://dda.gov.in/delineated-boundary
463,"Shakti Vihar, Meethapur, Badarpur, New Delhi- 44",400,regular,1,1167,https://dda.gov.in/sites/default/files/pmuday/1167_400.pdf,,2019-12-16,,https://dda.gov.in/delineated-boundary
464,"Mohan Garden, L-Extn., Uttam Nagar",401,regular,1,845,,https://dda.gov.in/sites/default/files/pmuday/845_401.pdf,2020-06-02,,https://dda.gov.in/delineated-boundary
465,"New Gopal Nagar, A&B Block, Nanak Piou, Dansa Road, Najafgarh, Delhi",403,regular,1,397,,https://dda.gov.in/sites/default/files/pmuday/397_403.pdf,2020-05-20,,https://dda.gov.in/delineated-boundary
466,"Swarn Park & Swarn Park Extn., Part 1&2",404,regular,1,303,,https://dda.gov.in/sites/default/files/pmuday/303_404.pdf,2020-05-18,"(1) REGD. NO.94_Swarn Park Extn.-II, Mundka, Delhi-41 (2) REGD. NO.201_Swarn Park Extn.-II, Mundka, Delhi-42",https://dda.gov.in/delineated-boundary
467,"Nangloi Extn, II-C, Delhi-41",405,regular,1,1561,https://dda.gov.in/sites/default/files/pmuday/1561_405.pdf,,2020-03-16,,https://dda.gov.in/delineated-boundary
468,"Shastri Park, Nathupura More, Burari, Delhi-87",406-A,regular,1,156,,https://dda.gov.in/sites/default/files/pmuday/156_406.pdf,2020-04-23,"(1) REGD. NO. 406 A_Shastri Park, Nathupura More, Burari, Delhi-87",https://dda.gov.in/delineated-boundary
469,"Shastri Park, Nathupura More, Burari, Delhi-87",406,regular,1,156,,https://dda.gov.in/sites/default/files/pmuday/156_406.pdf,2020-04-23,"(1) REGD. NO. 406 A_Shastri Park, Nathupura More, Burari, Delhi-87",https://dda.gov.in/delineated-boundary
470,"Nangloi, Extn., 2-B, Nangloi, Delhi-41",407,regular,1,401,,https://dda.gov.in/sites/default/files/pmuday/401_1068.pdf,2020-05-20,(1) REGD. NO.95-(ELD)_Pochan Pur Extn. 'C' Block New Delhi 77,https://dda.gov.in/delineated-boundary
471,"Nangloi Extn., 1-C, Delhi-41",408,regular,1,1562,https://dda.gov.in/sites/default/files/pmuday/1562_408.pdf,,2020-03-16,,https://dda.gov.in/delineated-boundary
472,"Bhragu Vihar Colony, Majri, Delhi-81",409,regular,0,1615,,,2020-03-19,"BOUNDARY OF COLONY CAN NOT BE DELINEATED AS PER ""SOP""",https://dda.gov.in/delineated-boundary
473,"Mohan Garden, K-3, Block, Uttam Nagar",410,regular,1,692,,https://dda.gov.in/sites/default/files/pmuday/692_410.pdf,2020-05-29,,https://dda.gov.in/delineated-boundary
474,"Sidhatri Enclave, Bhagwati Garden, Delhi-59",411,regular,1,821,,https://dda.gov.in/sites/default/files/pmuday/821_411.pdf,2020-06-02,,https://dda.gov.in/delineated-boundary
475,"Sidhatri Enclave, Bhagwati Garden, Delhi-59",411-A,regular,1,821,,https://dda.gov.in/sites/default/files/pmuday/821_411.pdf,2020-06-02,,https://dda.gov.in/delineated-boundary
476,"Hans Nagar, Pandwala Kalan, Najafgarh, Delhi- 43",412,regular,1,1452,,https://dda.gov.in/sites/default/files/pmuday/1452_412.pdf,2020-06-16,,https://dda.gov.in/delineated-boundary
477,"Naveen Place D-Block Najafgarh, New Delhi",413,regular,1,717,,https://dda.gov.in/sites/default/files/pmuday/717_413.pdf,2020-05-29,,https://dda.gov.in/delineated-boundary
478,"Shiv Puri Mithapur Extn., Badarpur",414,regular,1,1227,https://dda.gov.in/sites/default/files/pmuday/1227_414.pdf,,2019-12-16,,https://dda.gov.in/delineated-boundary
479,Ugrashen Park,415,regular,1,353,,https://dda.gov.in/sites/default/files/pmuday/353_415.pdf,2020-05-20,"(1) REGD. NO.511_Ugarsen Park, Nangloi Road, Delhi-43",https://dda.gov.in/delineated-boundary
480,"Kesho Ram Park Near Binda Pur, Village",416,regular,1,560,,https://dda.gov.in/sites/default/files/pmuday/560_416.pdf,2020-05-23,,https://dda.gov.in/delineated-boundary
481,"Saraswati Enclave, Gopal Nagar Surakhpur Road",417-A,regular,1,716,,https://dda.gov.in/sites/default/files/pmuday/716_417A.pdf,2020-05-29,,https://dda.gov.in/delineated-boundary
482,"Saraswati Enclave, Gopal Nagar Surakhpur Road",417-B,regular,0,1637,,,2020-04-27,"BOUNDARY OF COLONY CAN NOT BE DELINEATED AS PER ""SOP"" (""Shapefile"" of the colony is not available)",https://dda.gov.in/delineated-boundary
483,"Rana Park, Siraspur, Delhi-42",418,regular,1,47,,https://dda.gov.in/sites/default/files/pmuday/47_418.pdf,2020-03-11,,https://dda.gov.in/delineated-boundary
484,"Madanpur Khadar Extn., New Delhi-44",419,regular,1,1184,,https://dda.gov.in/sites/default/files/pmuday/1184_419.pdf,2020-06-10,,https://dda.gov.in/delineated-boundary
485,"Rana Park Extn., Siraspur, Delhi",421,regular,1,1563,https://dda.gov.in/sites/default/files/pmuday/1563_421.pdf,,2020-03-16,,https://dda.gov.in/delineated-boundary
486,"New Ashok Nagar, Delhi-96",422,regular,1,120,https://dda.gov.in/sites/default/files/pmuday/120_422.pdf,,2019-11-25,,https://dda.gov.in/delineated-boundary
487,"Vikash Enclave, A-Block, Agar Nagar, Prem Nagar",423,regular,1,1045,,https://dda.gov.in/sites/default/files/pmuday/1045_423.pdf,2020-06-05,"(1) REGD. NO.52_Ram Nagar, Prem Nagar-III, Kirari Suleman Nagar",https://dda.gov.in/delineated-boundary
488,"Bhagat Enclave, Uttam Nagar, Delhi-70",424,regular,1,499,,https://dda.gov.in/sites/default/files/pmuday/499_424.pdf,2020-05-22,,https://dda.gov.in/delineated-boundary
489,"Prashant Enclave near Baprola Village, Nangloi, Najafgarh Road, Delhi-43",426,regular,1,319,,https://dda.gov.in/sites/default/files/pmuday/319_426.pdf,2020-05-18,,https://dda.gov.in/delineated-boundary
490,Leftout Portion of Lalita Park (Laxmi Nagar),427,regular,1,107,,https://dda.gov.in/sites/default/files/pmuday/107_427.pdf,2020-04-23,,https://dda.gov.in/delineated-boundary
491,"New Ashok Nagar, C-Block,Delhi-96",428,regular,1,422,,https://dda.gov.in/sites/default/files/pmuday/422_92.pdf,2020-05-20,,https://dda.gov.in/delineated-boundary
492,"Sangam Vihar, J&B Block",429,regular,0,1638,,,2020-04-27,"BOUNDARY OF COLONY CAN NOT BE DELINEATED AS PER ""SOP"" (""Shapefile"" of the colony is not available)",https://dda.gov.in/delineated-boundary
493,"Shyam Kunj, Najafgarh, Delhi-71",430,regular,1,528,https://dda.gov.in/sites/default/files/pmuday/528_430.pdf,,2019-12-04,,https://dda.gov.in/delineated-boundary
494,"Shyam Vihar, Deenpur, Najafgarh",432,regular,1,531,https://dda.gov.in/sites/default/files/pmuday/531_432.pdf,,2019-12-04,"(1) 1509 Dindarpur Extn. Chhawala Road, Delhi-43",https://dda.gov.in/delineated-boundary
495,"Sangam Vihar, D-Block, Delhi-62",433,regular,1,859,,https://dda.gov.in/sites/default/files/pmuday/859_433.pdf,2020-06-02,(1)1222 Sangam Vihar L-I Block Delhi,https://dda.gov.in/delineated-boundary
496,"Sadatpur Extn., Pusta Area, K.,L, M, N, Block, Delhi-94",434,regular,1,205,,https://dda.gov.in/sites/default/files/pmuday/MAP%20205_434.pdf,2020-05-16,,https://dda.gov.in/delineated-boundary
497,"Village Dayalpur Extn, Delhi-94",435,regular,1,206,https://dda.gov.in/sites/default/files/pmuday/MAP%20206_435.pdf,,2019-12-01,"(1) REGD. NO. 5-(ELD)_Village Tukhmir Pur, Delhi-94, (2) REGD. NO. 650_Dayal Pur Extn. C-Block, Main Road, Tukmerpur, Delhi-94",https://dda.gov.in/delineated-boundary
498,"Harsh Vihar Hari Nagar, Part-3, Badarpur",436-A,regular,1,1170,https://dda.gov.in/sites/default/files/pmuday/1170_436-A.pdf,,2019-12-16,"(1) REGD. NO.436-B_Harsh Vihar Hari Nagar, Part-3, Badarpur",https://dda.gov.in/delineated-boundary
499,"Harsh Vihar Hari Nagar, Part-3, Badarpur",436-B,regular,1,1357,,https://dda.gov.in/sites/default/files/pmuday/1357_436-B.pdf,2020-06-15,,https://dda.gov.in/delineated-boundary
500,"Harijan Colony B-Block, Harewali, Delhi-39",437,regular,1,525,,https://dda.gov.in/sites/default/files/pmuday/525_437.pdf,2020-05-23,,https://dda.gov.in/delineated-boundary
501,"Shyam Vihar, Kakrola",438,regular,1,847,,https://dda.gov.in/sites/default/files/pmuday/847_438.pdf,2020-06-02,,https://dda.gov.in/delineated-boundary
502,"Bhagya Vihar, Jain Colony Rani Khera, Delhi-81",439,regular,1,1048,,https://dda.gov.in/sites/default/files/pmuday/1048_439.pdf,2020-06-05,(1) REGD. NO.1255_Lui Braill Vihar Rani Khera Delhi,https://dda.gov.in/delineated-boundary
503,"Vani Vihar, R. Extn., Uttam Nagar",440,regular,1,481,,https://dda.gov.in/sites/default/files/pmuday/481_440.pdf,2020-05-22,,https://dda.gov.in/delineated-boundary
504,"Gulshan Park, Nangloi, Rohtak Road, Delhi-41",441,regular,1,306,,https://dda.gov.in/sites/default/files/pmuday/306_441.pdf,2020-05-18,,https://dda.gov.in/delineated-boundary
505,"Hazari Park, Holambi Kalan, Delhi-82",442,regular,1,522,,https://dda.gov.in/sites/default/files/pmuday/522_442.pdf,2020-05-23,,https://dda.gov.in/delineated-boundary
506,"Kanti Nagar Extn., Krishna Nagar, Delhi-59",443,regular,1,100,,https://dda.gov.in/sites/default/files/pmuday/100_443.pdf,2020-04-23,,https://dda.gov.in/delineated-boundary
507,"Sant Nagar,B-Block Burari, Delhi-84",444,regular,1,166,,https://dda.gov.in/sites/default/files/pmuday/166_444.pdf,2020-08-14,,https://dda.gov.in/delineated-boundary
508,"Nai Basti Lampur, Narela, Delhi-40",445,regular,1,294,,https://dda.gov.in/sites/default/files/pmuday/294_445.pdf,2020-05-18,,https://dda.gov.in/delineated-boundary
509,"Khub Ram Park, Prem Nagar near Nangloi Railway Station, Delhi-41",446,regular,1,1138,,https://dda.gov.in/sites/default/files/pmuday/1138_446.pdf,2020-06-09,,https://dda.gov.in/delineated-boundary
510,"Jain Park, Uttam Nagar",447,regular,1,649,https://dda.gov.in/sites/default/files/pmuday/649_447.pdf,,2019-12-04,,https://dda.gov.in/delineated-boundary
511,"Amrit Vihar, Burari",448,regular,1,152,,https://dda.gov.in/sites/default/files/pmuday/152_448.pdf,2020-04-23,,https://dda.gov.in/delineated-boundary
512,"Prem Nagar-I Station Block, Nangloi",449,regular,1,1128,,https://dda.gov.in/sites/default/files/pmuday/1128_449.pdf,2020-06-09,,https://dda.gov.in/delineated-boundary
513,"Pooth Kala Abadi, Delhi-41 {Also Cover 97 (ELD)}",450,regular,1,937,https://dda.gov.in/sites/default/files/pmuday/937_450.pdf,,2019-12-11,(1)97-(ELD) Pooth Kalan Extn. Pooth Kalan Delhi 86,https://dda.gov.in/delineated-boundary
514,"Mahavir Enclave C-2 Block, Dabri",451,regular,1,439,,https://dda.gov.in/sites/default/files/pmuday/439_451.pdf,2020-05-20,,https://dda.gov.in/delineated-boundary
515,"New Ashok Nagar B-1 Block, , Delhi-96",452,regular,1,119,,https://dda.gov.in/sites/default/files/pmuday/119_452.pdf,2020-04-23,,https://dda.gov.in/delineated-boundary
516,"Prem Nagar-I Block A,B,C Kirari Road, Nangloi",455,regular,1,1140,,https://dda.gov.in/sites/default/files/pmuday/1140_455.pdf,2020-06-09,,https://dda.gov.in/delineated-boundary
517,Islam Colony Mehrauli,456,regular,1,456,https://dda.gov.in/sites/default/files/pmuday/456_456.pdf,,2019-12-03,,https://dda.gov.in/delineated-boundary
518,"Rajender Park Extn. No.5 & 6 Nangloi, Delhi-41",457,regular,1,340,,https://dda.gov.in/sites/default/files/pmuday/340_457.pdf,2020-05-18,,https://dda.gov.in/delineated-boundary
519,"Friends Enclave Part-II, Rajender Park, Nangloi, Delhi-41",458,regular,1,1564,https://dda.gov.in/sites/default/files/pmuday/1564_458.pdf,,2020-03-16,,https://dda.gov.in/delineated-boundary
520,Shiv Puri Samay pur,460,regular,1,59,,https://dda.gov.in/sites/default/files/pmuday/59_460.pdf,2020-03-11,,https://dda.gov.in/delineated-boundary
521,"Budh Vihar(Tajpur Pahari) Badarpur,Delhi",462,regular,1,1243,,https://dda.gov.in/sites/default/files/pmuday/1243_462.pdf,2020-06-12,"(1) REGD. NO.1612_Budh Vihar Extension, Badarpur",https://dda.gov.in/delineated-boundary
522,"Pohtash Nagar, Dabri, Delhi",463,regular,1,1454,,https://dda.gov.in/sites/default/files/pmuday/1454_463.pdf,2020-06-16,,https://dda.gov.in/delineated-boundary
523,"Ibrahim Pur Extn. DCM Colony, Burari, Delhi",464,regular,1,82,,https://dda.gov.in/sites/default/files/pmuday/82_464.pdf,2020-03-12,"(1) REGD. NO. 465_A_Ibrahim pur Extn. DCM Colony, Pt-2, Delhi-36, (2) REGD. NO.465_B_Ibrahim pur Extn. DCM Colony, Pt-2, Delhi-36",https://dda.gov.in/delineated-boundary
524,"Ibrahim pur Extn. DCM Colony, Pt-2, Delhi-36",465-A,regular,1,1306,,https://dda.gov.in/sites/default/files/pmuday/1306_465-A.pdf,2020-06-15,,https://dda.gov.in/delineated-boundary
525,"Ibrahim pur Extn. DCM Colony, Pt-2, Delhi-36",465-B,regular,1,1307,,https://dda.gov.in/sites/default/files/pmuday/1307_465-B.pdf,2020-06-15,,https://dda.gov.in/delineated-boundary
526,"Mahindra Park D-Block, , Uttam Nagar,Pankha Road, Delhi",466,regular,1,1509,,https://dda.gov.in/sites/default/files/pmuday/1509_466.pdf,2020-06-17,,https://dda.gov.in/delineated-boundary
527,"Surya Vihar, Village East Sadatpur, Karawal Nagar, Delhi-94",467,regular,1,226,,https://dda.gov.in/sites/default/files/pmuday/MAP%20226_467.pdf,2020-05-16,,https://dda.gov.in/delineated-boundary
528,"Bhagat Vihar, Karawal Nagar, Delhi-94",468,regular,1,227,,https://dda.gov.in/sites/default/files/pmuday/MAP%20227_468.pdf,2020-05-16,,https://dda.gov.in/delineated-boundary
529,"Brij Vihar, Najafgarh, Delhi",469,regular,1,545,,https://dda.gov.in/sites/default/files/pmuday/545_469.pdf,2020-05-23,,https://dda.gov.in/delineated-boundary
530,"Saroop Vihar (Kadipur) Block A B C D, Near Nathu Pura, Delhi-36",470,regular,1,194,,https://dda.gov.in/sites/default/files/pmuday/MAP%20194_470.pdf,2020-04-23,,https://dda.gov.in/delineated-boundary
531,"Jharoda Extn.-II, Part Cross Road, Burari, Delhi- 84",471,regular,1,177,,https://dda.gov.in/sites/default/files/pmuday/177_471.pdf,2020-04-23,,https://dda.gov.in/delineated-boundary
532,"Bhajan Pura C-A Block, Delhi-53",472,regular,1,221,,https://dda.gov.in/sites/default/files/pmuday/MAP%20221_472.pdf,2020-05-16,,https://dda.gov.in/delineated-boundary
533,"Rao Vihar, Nangloi, Delhi-41",474,regular,0,911,,,2020-06-03,,https://dda.gov.in/delineated-boundary
534,"Kirari Extn. Part-II, Kirari Bawana, Delhi-41",475,regular,1,1120,,https://dda.gov.in/sites/default/files/pmuday/1120_475.pdf,2020-06-08,,https://dda.gov.in/delineated-boundary
535,"Gopal Nagar, M-N Block, Najafgarh, Delhi-43",476-A,regular,1,1475,,https://dda.gov.in/sites/default/files/pmuday/1475_476-A.pdf,2020-06-17,,https://dda.gov.in/delineated-boundary
536,"Gopal Nagar, M-N Block, Najafgarh, Delhi-43",476-B,regular,1,1476,,https://dda.gov.in/sites/default/files/pmuday/1476_476_B.pdf,2020-06-17,,https://dda.gov.in/delineated-boundary
537,"Hashthal Colony Narela Road, Bawana, Delhi- 39",477,regular,1,518,https://dda.gov.in/sites/default/files/pmuday/518_477.pdf,,2019-12-04,,https://dda.gov.in/delineated-boundary
538,"Guru Yogiraj Puram Rani, Khera Extn., Rani Khera, Delhi-81",478,regular,1,1050,,https://dda.gov.in/sites/default/files/pmuday/1050_478.pdf,2020-06-05,,https://dda.gov.in/delineated-boundary
539,"Noor Nagar Extn., Ph-1, Jamia Nagar, Okhla, Delhi",479,regular,1,1178,,https://dda.gov.in/sites/default/files/pmuday/1178_479.pdf,2020-06-10,,https://dda.gov.in/delineated-boundary
540,"Vikas Vihar, Vikas Nagar, Uttam Nagar, New Delhi-59",481,regular,1,674,,https://dda.gov.in/sites/default/files/pmuday/674_481.pdf,2020-05-27,,https://dda.gov.in/delineated-boundary
541,"Satyam Vihar Ph-II, Near Baprola Village, Nangloi, Najafgarh Road, Delhi-43",482,regular,1,317,,https://dda.gov.in/sites/default/files/pmuday/317_482.pdf,2020-05-18,,https://dda.gov.in/delineated-boundary
542,"Lado Sarai Extn.,Delhi",483-A,regular,1,577,,https://dda.gov.in/sites/default/files/pmuday/577_483.pdf,2020-05-26,,https://dda.gov.in/delineated-boundary
543,"Lado Sarai Extn.,Delhi",483-B,regular,1,577,,https://dda.gov.in/sites/default/files/pmuday/577_483.pdf,2020-05-26,,https://dda.gov.in/delineated-boundary
544,"Nanhe Park, Uttam Nagar, New Delhi-59",484,regular,0,1640,,,2020-04-27,"BOUNDARY OF COLONY CAN NOT BE DELINEATED AS PER ""SOP"" (""Shapefile"" of the colony is not available)",https://dda.gov.in/delineated-boundary
545,"Prem Nagar-1, F&G Block Kirari Road, Nangloi, Delhi-41",485,regular,1,1142,,https://dda.gov.in/sites/default/files/pmuday/1142_485.pdf,2020-06-09,"(1) REGD. NO.753_Prem Nagar-I F-G Extn.Block, Kirari Road Nangloi Delhi-41",https://dda.gov.in/delineated-boundary
546,"Shiv Kunj,Area No.5 B-Block, Sant Nagar Burari",486,regular,1,171,,https://dda.gov.in/sites/default/files/pmuday/171_486.pdf,2020-04-23,,https://dda.gov.in/delineated-boundary
547,"Christian Colony, Patelchest, Delhi-7",487,regular,1,1576,https://dda.gov.in/sites/default/files/pmuday/1576_487.pdf,,2020-03-16,,https://dda.gov.in/delineated-boundary
548,"Vikas Vihar, R-Extn., Uttam Nagar, New Delhi- 59",488,regular,1,1496,,https://dda.gov.in/sites/default/files/pmuday/1496_488.pdf,2020-06-17,,https://dda.gov.in/delineated-boundary
549,"Vikas Vihar, Q Block, Manaskunj Road, Uttam Nagar, Delhi",489,regular,1,482,,https://dda.gov.in/sites/default/files/pmuday/482_489.pdf,2020-05-22,,https://dda.gov.in/delineated-boundary
550,"Mahavir Vihar, New Delhi-45",490,regular,1,416,,https://dda.gov.in/sites/default/files/pmuday/416_490.pdf,2020-05-20,,https://dda.gov.in/delineated-boundary
551,"Bharat Vihar, A-Block ,Kakrola, New Delhi-43",491,regular,1,1094,https://dda.gov.in/sites/default/files/pmuday/1094_491.pdf,,2020-06-08,"(1) REGD. NO.491 A_Bharat Vihar, A-Block ,Kakrola, New Delhi-43, (2) REGD. NO.624_Raju Extn., Old Palam Road, Kakrola, New Delhi-43",https://dda.gov.in/delineated-boundary
552,"Bharat Vihar, A-Block ,Kakrola, New Delhi-43",491-B,regular,1,1094,https://dda.gov.in/sites/default/files/pmuday/1094_491.pdf,,2020-06-08,"(1) REGD. NO.491 A_Bharat Vihar, A-Block ,Kakrola, New Delhi-43, (2) REGD. NO.624_Raju Extn., Old Palam Road, Kakrola, New Delhi-43",https://dda.gov.in/delineated-boundary
553,"Sangam Vihar, L-Ist Block, New Delhi-62",492,regular,1,742,,https://dda.gov.in/sites/default/files/pmuday/742_492.pdf,2020-05-29,,https://dda.gov.in/delineated-boundary
554,"Prem Nagar-II, Z-Block Kirari Suleman Nagar, Nangloi, New Delhi",493,regular,1,1154,,https://dda.gov.in/sites/default/files/pmuday/1154_493.pdf,2020-06-10,"(1) REGD. NO.231_Prem Nagar-II, Z-Block Kirari Suleman Nagar, Nangloi, New Delhi",https://dda.gov.in/delineated-boundary
555,"Ziauddinpur, Near Brijpuri Pulia",494,regular,1,262,,https://dda.gov.in/sites/default/files/pmuday/262_494.pdf,2020-05-18,,https://dda.gov.in/delineated-boundary
556,"Sainik Enclave, CRPF Colony, Jharodakalan, New Delhi-72",495,regular,1,721,https://dda.gov.in/sites/default/files/pmuday/721_495.pdf,,2019-12-07,,https://dda.gov.in/delineated-boundary
557,"Nangloi Extn., IV Block-ABC, Nangloi,Delhi-41",496,regular,1,341,,https://dda.gov.in/sites/default/files/pmuday/341_496.pdf,2020-05-18,,https://dda.gov.in/delineated-boundary
558,"Prem Nagar-3,Part-II, Shani Bazar Road, Kirari Suleman Nagar, Nangloi, Delhi",497,regular,1,1542,,https://dda.gov.in/sites/default/files/pmuday/1542_497.pdf,2020-06-17,,https://dda.gov.in/delineated-boundary
559,"Deep Enclave, Vikas Nagar Hastsal, Uttam Nagar, New Delhi-59",498,regular,1,1510,,https://dda.gov.in/sites/default/files/pmuday/1510_498.pdf,2020-06-17,,https://dda.gov.in/delineated-boundary
560,"Laxmi Vihar, Uttam Nagar, New Delhi-59",499,regular,1,843,,https://dda.gov.in/sites/default/files/pmuday/843_499.pdf,2020-06-02,"(1) REGD. NO.634 A _Mohan Garden P-Block, P Extn., I & II, Uttam Nagar,Delhi, (2) REGD. NO.1146 _Mohan Garden D Block Extn.Uttam Nagar Delhi-",https://dda.gov.in/delineated-boundary
561,"Yawantika Colony Salapur, Khera, Bijwasan, New Delhi-61",500,regular,1,1273,,https://dda.gov.in/sites/default/files/pmuday/1273_500.pdf,2020-06-12,,https://dda.gov.in/delineated-boundary
562,"Ambedkar Colony Extn., Vill Bankner, Narela",501,regular,1,7,https://dda.gov.in/sites/default/files/pmuday/07_501.pdf,,2019-11-16,,https://dda.gov.in/delineated-boundary
563,"Bankner Basti (Firani Road), Narela",502-A,regular,1,291,,https://dda.gov.in/sites/default/files/pmuday/291_502_A.pdf,2020-05-18,,https://dda.gov.in/delineated-boundary
564,"Bankner Basti (Firani Road), Narela",502-B,regular,0,1641,,,2020-04-27,"BOUNDARY OF COLONY CAN NOT BE DELINEATED AS PER ""SOP"" (""Shapefile"" of the colony is not available)",https://dda.gov.in/delineated-boundary
565,"Shivram Park, Block-E3, Nangloi, Delhi-41",503,regular,1,602,,https://dda.gov.in/sites/default/files/pmuday/602_503.pdf,2020-05-26,,https://dda.gov.in/delineated-boundary
566,"Mahalaxmi Vihar, East Karawal Nagar, Delhi",505,regular,1,218,,https://dda.gov.in/sites/default/files/pmuday/MAP%20218_505.pdf,2020-05-16,,https://dda.gov.in/delineated-boundary
567,"Jaitpur Vistar Part-1, Block E F G H",506,regular,1,1204,,https://dda.gov.in/sites/default/files/pmuday/1204_506.pdf,2020-06-12,,https://dda.gov.in/delineated-boundary
568,"Vijay Colony, Salempur Mazara, Burari Extn., Delhi",507,regular,1,160,,https://dda.gov.in/sites/default/files/pmuday/160_507.pdf,2020-04-23,,https://dda.gov.in/delineated-boundary
569,"Jharoda Part-3, Surender Colony,Burari, Delhi- 84",508,regular,1,175,,https://dda.gov.in/sites/default/files/pmuday/175_508.pdf,2020-04-23,,https://dda.gov.in/delineated-boundary
570,"Moonga Nagar, Karawal Nagar Road, Delhi",509,regular,1,1274,,https://dda.gov.in/sites/default/files/pmuday/1274_509.pdf,2020-06-12,,https://dda.gov.in/delineated-boundary
571,"Kishan Vihar, Roop Vihar, Delhi-43",510,regular,1,1035,,https://dda.gov.in/sites/default/files/pmuday/1035_510.pdf,2020-06-05,,https://dda.gov.in/delineated-boundary
572,"Ugarsen Park, Nangloi Road, Delhi-43",511,regular,1,1406,,https://dda.gov.in/sites/default/files/pmuday/1406_511.pdf,2020-06-16,,https://dda.gov.in/delineated-boundary
573,"Baprola Extn., Baprola Village, Delhi-43",512,regular,1,324,,https://dda.gov.in/sites/default/files/pmuday/324_512.pdf,2020-05-18,,https://dda.gov.in/delineated-boundary
574,"Shiv Enclave Extn., Nangloi Road, Najafgarh, Delhi- 43",513-A,regular,1,1443,,https://dda.gov.in/sites/default/files/pmuday/1443_513A.pdf,2020-06-16,,https://dda.gov.in/delineated-boundary
575,"Shiv Enclave Extn., Nangloi Road, Najafgarh, Delhi- 43",513-B,regular,1,1444,,https://dda.gov.in/sites/default/files/pmuday/1444_513B.pdf,2020-06-16,,https://dda.gov.in/delineated-boundary
576,"Prem Nagar-II, R.S.T. Block, Nangloi, Delhi-43",514,regular,1,1156,,https://dda.gov.in/sites/default/files/pmuday/1156_514.pdf,2020-06-10,"(1) REGD. NO.131_Shiv Vihar, PremNagar-II, U-II, Kirari, Nangloi, Delhi-41",https://dda.gov.in/delineated-boundary
577,"Mahipalpur K-Block, West Vasant Kunj, New Delhi",515,regular,1,637,https://dda.gov.in/sites/default/files/pmuday/637_515.pdf,,2019-12-04,,https://dda.gov.in/delineated-boundary
578,"Jaitpur Extn,A-Block, Badarpur",516,regular,1,1210,,https://dda.gov.in/sites/default/files/pmuday/1210_516.pdf,2020-06-12,,https://dda.gov.in/delineated-boundary
579,"Amar Colony Ph-II, Mundka Nangloi, Delhi-41",520,regular,1,510,,https://dda.gov.in/sites/default/files/pmuday/510_254.pdf,2020-05-22,,https://dda.gov.in/delineated-boundary
580,"Yadav Nagar,Prem Nagr-2, Near Sani Bazar, Delhi-41",521,regular,1,1151,,https://dda.gov.in/sites/default/files/pmuday/1151_521.pdf,2020-06-10,,https://dda.gov.in/delineated-boundary
581,"Ganesh Nagar-II Ext., Shakarpur, Delhi-92",522,regular,1,1030,,https://dda.gov.in/sites/default/files/pmuday/1030_522.pdf,2020-06-05,,https://dda.gov.in/delineated-boundary
582,"Suraj Park Colony, Samaipur, Sector-18, Rohini, Delhi-42",523,regular,1,193,,https://dda.gov.in/sites/default/files/pmuday/MAP%20193_523.pdf,2020-04-23,"(1) REGD. NO. 1306_Suraj Park Samai Pur Near Sect-18 Rohini, Delhi",https://dda.gov.in/delineated-boundary
583,"Tajpur Pahari, Badarpur, New Delhi-44",524,regular,1,1070,,https://dda.gov.in/sites/default/files/pmuday/1070_524.pdf,2020-06-08,,https://dda.gov.in/delineated-boundary
584,"Mohan Garden M.S. Extn., Rama Park, Uttam Nagar-59",525,regular,1,842,,https://dda.gov.in/sites/default/files/pmuday/842_525.pdf,2020-06-02,,https://dda.gov.in/delineated-boundary
585,"Kotla Vihar Ph-II, (Vidyapati Nagar), Nangloi, Delhi",527,regular,1,316,,https://dda.gov.in/sites/default/files/pmuday/316_527.pdf,2020-05-18,"(1) REGD. NO.4_Kotla Vihar Ph-II, Tilangpur",https://dda.gov.in/delineated-boundary
586,"Kamla Kunj, Najafgarh, Delhi-30",528,regular,0,1643,,,2020-04-27,"BOUNDARY OF COLONY CAN NOT BE DELINEATED AS PER ""SOP"" (""Shapefile"" of the colony is not available)",https://dda.gov.in/delineated-boundary
587,"Basti Banker South, Lampur Road, Delhi-40",529,regular,1,1275,,https://dda.gov.in/sites/default/files/pmuday/1275_529.pdf,2020-06-12,,https://dda.gov.in/delineated-boundary
588,"Mukundpur Extn., Part-1, Delhi-42",530,regular,1,191,,https://dda.gov.in/sites/default/files/pmuday/191_530.pdf,2020-04-23,,https://dda.gov.in/delineated-boundary
589,"West Sagarpur,Mohan Block Delhi-81",531-A,regular,1,425,,https://dda.gov.in/sites/default/files/pmuday/425_531_A.pdf,2020-05-20,"(1) REGD. NO.531_B_ West Sagarpur,Mohan Block Delhi-81",https://dda.gov.in/delineated-boundary
590,"West Sagarpur,Mohan Block Delhi-81",531-B,regular,1,1484,,https://dda.gov.in/sites/default/files/pmuday/1484_531_B.pdf,2020-06-17,,https://dda.gov.in/delineated-boundary
591,"Khushi Ram Park, Om Vihar, Uttam Nagar, Delhi-59",532,regular,1,483,,https://dda.gov.in/sites/default/files/pmuday/483_532.pdf,2020-05-22,,https://dda.gov.in/delineated-boundary
592,"Nanda Block,Mahavir Enclave, Dabri, Delhi",533,regular,1,523,,https://dda.gov.in/sites/default/files/pmuday/523_45-(ELD).pdf,2020-05-23,,https://dda.gov.in/delineated-boundary
593,"Naveen Place, Jharoda Road, Najafgarh",534,regular,1,722,,https://dda.gov.in/sites/default/files/pmuday/722_534.pdf,2020-05-29,,https://dda.gov.in/delineated-boundary
594,"Saroop Nagar, J&K Block, Samaipur, Badli, Delhi",535,regular,1,277,https://dda.gov.in/sites/default/files/pmuday/277_535.pdf,,2019-12-01,,https://dda.gov.in/delineated-boundary
595,"Roshan Vihar, Ph-II Paprawat Road,Najafgarh, Delhi-41",536,regular,1,981,,https://dda.gov.in/sites/default/files/pmuday/981_536.pdf,2020-06-04,,https://dda.gov.in/delineated-boundary
596,"Rajpur Khurd Colony, North Extn., Maidan Garhi, New Delhi-68",537,regular,1,470,https://dda.gov.in/sites/default/files/pmuday/470_537.pdf,,2019-12-03,,https://dda.gov.in/delineated-boundary
597,"Deepak Vihar, Najafgarh, Delhi",538,regular,1,380,,https://dda.gov.in/sites/default/files/pmuday/380_538.pdf,2020-05-20,,https://dda.gov.in/delineated-boundary
598,"Press Enclave, Vikas Nagar,New Delhi-59",539,regular,1,819,,https://dda.gov.in/sites/default/files/pmuday/819_539.pdf,2020-06-02,,https://dda.gov.in/delineated-boundary
599,"Badli Extn., Village Badli, Delhi-42",541,regular,1,52,,https://dda.gov.in/sites/default/files/pmuday/52_541.pdf,2020-03-11,,https://dda.gov.in/delineated-boundary
600,"Badli Extn., Village Badli, Delhi-42",541-A,regular,1,52,,https://dda.gov.in/sites/default/files/pmuday/52_541.pdf,2020-03-11,,https://dda.gov.in/delineated-boundary
601,"Badli Extn., Village Badli, Delhi-42",541-B,regular,1,52,,https://dda.gov.in/sites/default/files/pmuday/52_541.pdf,2020-03-11,,https://dda.gov.in/delineated-boundary
602,"Vishwas Park F-Block, Uttam Nagar, Delhi",543,regular,1,486,,https://dda.gov.in/sites/default/files/pmuday/486_543.pdf,2020-05-22,,https://dda.gov.in/delineated-boundary
603,"Hari Nagar Extn, Jaitpur Road, Badarpur, Delhi",544,regular,1,1205,,https://dda.gov.in/sites/default/files/pmuday/1205_544.pdf,2020-06-12,,https://dda.gov.in/delineated-boundary
604,"Ganesh Nagar, Pandav Nagar Complex, Delhi- 92",545,regular,1,1025,,https://dda.gov.in/sites/default/files/pmuday/1025_545.pdf,2020-06-05,,https://dda.gov.in/delineated-boundary
605,"Village Gharoli Extn., A-Block Harijan Basti, Delhi",546,regular,1,112,,https://dda.gov.in/sites/default/files/pmuday/112_546.pdf,2020-04-23,,https://dda.gov.in/delineated-boundary
606,"New Ashok Nagar, D-Block Shahdara,Delhi",547,regular,1,122,,https://dda.gov.in/sites/default/files/pmuday/122_547.pdf,2020-04-23,,https://dda.gov.in/delineated-boundary
607,"Shiv Vihar Ph-V, East Karawal Nagar,Delhi",548,regular,1,246,,https://dda.gov.in/sites/default/files/pmuday/MAP%20246_548.pdf,2020-05-16,,https://dda.gov.in/delineated-boundary
608,"Shiv Vihar Ph-6, Gokulpuri, Karawal Nagar,Delhi",549,regular,1,245,,https://dda.gov.in/sites/default/files/pmuday/MAP%20245_549.pdf,2020-05-16,,https://dda.gov.in/delineated-boundary
609,"Shiv Vihar Ph-7, Karawal Nagar,Delhi",550,regular,1,244,,https://dda.gov.in/sites/default/files/pmuday/MAP%20244_550.pdf,2020-05-16,,https://dda.gov.in/delineated-boundary
610,"Paul Colony, North Rithala, Rohini, Delhi",552,regular,1,1144,https://dda.gov.in/sites/default/files/pmuday/1144_552.pdf,,2019-12-16,,https://dda.gov.in/delineated-boundary
611,"Karawal Nagar Extn.,Delhi-94",553,regular,1,225,,https://dda.gov.in/sites/default/files/pmuday/MAP%20225_553.pdf,2020-05-16,,https://dda.gov.in/delineated-boundary
612,"Vikas Nagar, A-Block Extn., Hastsal,Delhi",554,regular,1,688,,https://dda.gov.in/sites/default/files/pmuday/688_554.pdf,2020-05-27,,https://dda.gov.in/delineated-boundary
613,"Sewak Park Extn., Near Rama Park Bus Stop, Uttam Nagar",555,regular,1,830,,https://dda.gov.in/sites/default/files/pmuday/830_555.pdf,2020-06-02,,https://dda.gov.in/delineated-boundary
614,"New Ashok Nagar,C-Extn., Block, Delhi-96",557,regular,1,117,,https://dda.gov.in/sites/default/files/pmuday/117_557.pdf,2020-04-23,,https://dda.gov.in/delineated-boundary
615,"Baprola Vihar, Nangloi, Delhi",559,regular,1,318,,https://dda.gov.in/sites/default/files/pmuday/318_559.pdf,2020-05-18,,https://dda.gov.in/delineated-boundary
616,"Vijay Enclave, C&D Block, Vinod Puri, Palam, Delhi",560,regular,1,432,,https://dda.gov.in/sites/default/files/pmuday/432_560.pdf,2020-05-20,,https://dda.gov.in/delineated-boundary
617,"Vardhman Enclave,Shiv Vihar,Karala, Delhi",561,regular,1,1353,,https://dda.gov.in/sites/default/files/pmuday/1353_561.pdf,2020-06-15,,https://dda.gov.in/delineated-boundary
618,Rajpuri Viswas Park Extn. Uttam Nagar Delhi (LOP),562,regular,1,489,,https://dda.gov.in/sites/default/files/pmuday/489_562.pdf,2020-05-22,,https://dda.gov.in/delineated-boundary
619,"Sangam Vihar, J-Ist ,New Delhi-62",563,regular,1,730,,https://dda.gov.in/sites/default/files/pmuday/730_563.pdf,2020-05-29,,https://dda.gov.in/delineated-boundary
620,"Bihari pur Extn., Near C R P Campus, Khajuri Khas,Delhi-94",564,regular,1,208,,https://dda.gov.in/sites/default/files/pmuday/MAP%20208_564.pdf,2020-05-16,,https://dda.gov.in/delineated-boundary
621,"Parkash Vihar, Karawal Nagar, Delhi-94",565,regular,1,212,,https://dda.gov.in/sites/default/files/pmuday/MAP%20212_565.pdf,2020-05-16,,https://dda.gov.in/delineated-boundary
622,"Veena Enclave, Nangloi, Delhi-41",566,regular,1,1134,,https://dda.gov.in/sites/default/files/pmuday/1134_566.pdf,2020-06-09,,https://dda.gov.in/delineated-boundary
623,"Friends Enclave, East Block, Sultanpur Extn., Nangloi, Delhi",567,regular,1,1033,,https://dda.gov.in/sites/default/files/pmuday/1033_567_A.pdf,2020-06-05,,https://dda.gov.in/delineated-boundary
624,"Friends Enclave, West Sector 5-6, Nangloi, Delhi",567-A,regular,1,1033,,https://dda.gov.in/sites/default/files/pmuday/1033_567_A.pdf,2020-06-05,,https://dda.gov.in/delineated-boundary
625,"Friends Enclave, East Block, Part-I pooth kalan road Sultanpur Extn., Nangloi, Delhi",567-B,regular,1,1033,,https://dda.gov.in/sites/default/files/pmuday/1033_567_A.pdf,2020-06-05,,https://dda.gov.in/delineated-boundary
626,"Jagatpur,Village.Jagatpur (Extended Purani Abadi) Delhi-84",568,regular,0,1644,,,2020-04-27,"BOUNDARY OF COLONY CAN NOT BE DELINEATED AS PER ""SOP"" (""Shapefile"" of the colony is not available)",https://dda.gov.in/delineated-boundary
627,"Shiv Colony, Katewada, Delhi-39",570,regular,1,520,,https://dda.gov.in/sites/default/files/pmuday/520_570.pdf,2020-05-23,,https://dda.gov.in/delineated-boundary
628,"Aali Extn., Block A&B, Badarpur, Delhi",571,regular,1,1188,https://dda.gov.in/sites/default/files/pmuday/1188_571.pdf,,2019-12-16,,https://dda.gov.in/delineated-boundary
629,"Kuwar Singh Nagar H-1 Block, Nangloi",572,regular,0,1645,,,2020-04-27,"BOUNDARY OF COLONY CAN NOT BE DELINEATED AS PER ""SOP"" (""Shapefile"" of the colony is not available)",https://dda.gov.in/delineated-boundary
630,"Mahavir Enclave, F-1, F-2 Block Palam, Delhi",573,regular,1,590,,https://dda.gov.in/sites/default/files/pmuday/590_573.pdf,2020-05-26,"(1) 35-(LOP) F2, Block Mahavir Enclave New Delhi 4",https://dda.gov.in/delineated-boundary
631,"Shiv Mandir Colony,Safiabad Border Narela, Delhi-40",574,regular,1,296,,https://dda.gov.in/sites/default/files/pmuday/296_574.pdf,2020-05-18,,https://dda.gov.in/delineated-boundary
632,"Ambedkar Nagar Extn., Haiderpur, Delhi-87",575,regular,1,1061,,https://dda.gov.in/sites/default/files/pmuday/1061_575.pdf,2020-06-08,(1) REGD. NO.894_Dr.Ambedkar Nagar Extn.Haiderpur Delhi-88,https://dda.gov.in/delineated-boundary
633,"Swatantra Nagar Extn. West Gonda Road, Narela, Delhi-40",577,regular,1,1428,,https://dda.gov.in/sites/default/files/pmuday/1428_577.pdf,2020-06-16,,https://dda.gov.in/delineated-boundary
634,"Om Vihar Colony, Akbarpur, Mazra, Near Alipur Palla Road,Delhi-36",578,regular,1,8,,https://dda.gov.in/sites/default/files/pmuday/08_578.pdf,2020-03-11,,https://dda.gov.in/delineated-boundary
635,"Mohan Garden, K1, K2, & K4 Block, Uttam Nagar New Delhi-59",579,regular,1,807,,https://dda.gov.in/sites/default/files/pmuday/807_579.pdf,2020-06-02,"(1) REGD. NO.1200_Mohan Garden Block R Extn. K- 5,K-6, Delhi, (2) REGD. NO.342_Vikas Nagar, Extn.(Pocket P) Gurudwara Road, Hastsal Uttam Nagar, New Delhi",https://dda.gov.in/delineated-boundary
636,"Kirari Extn,.(Karan Vihar) Near Village, Kirari, Delhi-40",580,regular,1,1118,,https://dda.gov.in/sites/default/files/pmuday/1118_580.pdf,2020-06-08,"(1) REGD. NO.181_Karan Vihar Part-III, Kirari, Nangloi, Delhi-41",https://dda.gov.in/delineated-boundary
637,"Bank Colony, Mandoli, Delhi-93",581,regular,1,29,,https://dda.gov.in/sites/default/files/pmuday/29_581.pdf,2020-03-11,,https://dda.gov.in/delineated-boundary
638,"Jaitpur Extn, Part-1, Block-1, Delhi",582,regular,1,1207,,https://dda.gov.in/sites/default/files/pmuday/1207_582.pdf,2020-06-12,,https://dda.gov.in/delineated-boundary
639,"Rajiv Nagar Extn., Dhiraj Vihar ,Sultan Puri, New Delhi",583,regular,1,1354,,https://dda.gov.in/sites/default/files/pmuday/1354_583.pdf,2020-06-15,,https://dda.gov.in/delineated-boundary
640,"Badarpur Extn., D-1, Block, New Delhi",585,regular,1,1234,,https://dda.gov.in/sites/default/files/pmuday/1234_585.pdf,2020-06-12,,https://dda.gov.in/delineated-boundary
641,"Jai Vihar, Nangloi Road, Najafgarh, new Delhi",586,regular,1,359,,https://dda.gov.in/sites/default/files/pmuday/359_586.pdf,2020-05-20,"(1) REGD. NO.120-(ELD)_Gram Baprola Najafgarh New Delhi 43 (2) REGD. NO.513_Baprola Extn., Baprola Village, Delhi-43",https://dda.gov.in/delineated-boundary
642,"Balaji Enclave, Punjab Kho, Delhi-81",587,regular,0,889,,,2020-06-03,,https://dda.gov.in/delineated-boundary
643,"Badarpur Extn., Block C&D, Badarpur, New Delhi To be Checked",588,regular,1,1236,,https://dda.gov.in/sites/default/files/pmuday/1236_588.pdf,2020-06-12,,https://dda.gov.in/delineated-boundary
644,"Jonapur Bhim Basti Pahari, Delhi-42",589,regular,1,575,,https://dda.gov.in/sites/default/files/pmuday/575_589.pdf,2020-05-26,,https://dda.gov.in/delineated-boundary
645,"Rajeev Nagar, Begampur, Ph-3, Main Kanjhawala Road,Delhi-41",590,regular,1,1422,,https://dda.gov.in/sites/default/files/pmuday/1422_590.pdf,2020-06-16,,https://dda.gov.in/delineated-boundary
646,"Vivek Nagar, E-Block, Roshan Vihar , Ph-2, Najafgarh, Delhi",592,regular,1,980,,https://dda.gov.in/sites/default/files/pmuday/980_592.pdf,2020-06-04,"(1)215 Kamla Enclave, New Roshan Pura Extn., Najafgarh",https://dda.gov.in/delineated-boundary
647,"Rajeev Colony Extn., Narela, Delhi-40",593,regular,1,278,,https://dda.gov.in/sites/default/files/pmuday/278_593.pdf,2020-05-18,,https://dda.gov.in/delineated-boundary
648,"Soniya Vihar, Sahadra, Delhi-94",594,regular,1,202,https://dda.gov.in/sites/default/files/pmuday/MAP%20202_594.pdf,,2019-12-01,,https://dda.gov.in/delineated-boundary
649,"Ishwar Colony Ext.,III, Bawana, Delhi-39",595,regular,1,514,,https://dda.gov.in/sites/default/files/pmuday/514_595.pdf,2020-05-23,,https://dda.gov.in/delineated-boundary
650,"Prince Colony,Hari Nagar Ext.Pt-III, Block D, E & F, Delhi-44",596-A,regular,1,1171,https://dda.gov.in/sites/default/files/pmuday/1171_596-A.pdf,,2019-12-16,"(1) REGD. NO.596-B_Prince Colony,Hari Nagar Ext.Pt-III, Block D, E & F, Delhi-44",https://dda.gov.in/delineated-boundary
651,"Prince Colony,Hari Nagar Ext.Pt-III, Block D, E & F, Delhi-44",596-B,regular,1,1358,,https://dda.gov.in/sites/default/files/pmuday/1358_596-B.pdf,2020-06-15,,https://dda.gov.in/delineated-boundary
652,"Meetha Pur Colony-B Block, Badarpur, Delhi-44",598,regular,1,1219,,https://dda.gov.in/sites/default/files/pmuday/1219_598.pdf,2020-06-12,,https://dda.gov.in/delineated-boundary
653,"Gagan Vihar Extn., Delhi-51",599,regular,1,1163,,https://dda.gov.in/sites/default/files/pmuday/1163_599.pdf,2020-06-10,,https://dda.gov.in/delineated-boundary
654,"Vijay Nagar Mohan Garden Extn., Uttam Nagar, Delhi-5",600,regular,1,782,,https://dda.gov.in/sites/default/files/pmuday/782_600.pdf,2020-06-01,,https://dda.gov.in/delineated-boundary
655,"Qutab Vihar Ph-II, New Delhi-71",601,regular,1,550,https://dda.gov.in/sites/default/files/pmuday/550_601.pdf,,2019-12-04,,https://dda.gov.in/delineated-boundary
656,"Adhyapak Nagar G,H, I, J, K block, Nangloi, Delhi-41",602,regular,1,344,,https://dda.gov.in/sites/default/files/pmuday/344_602.pdf,2020-05-18,,https://dda.gov.in/delineated-boundary
657,"Sangam Vihar Colony, New Delhi",603,regular,1,1565,https://dda.gov.in/sites/default/files/pmuday/1565_603.pdf,,2020-03-16,,https://dda.gov.in/delineated-boundary
658,"Hari Vihar, Main Najafgarh Road, Kakraula, New Delhi-43",604,regular,0,904,,,2020-06-03,,https://dda.gov.in/delineated-boundary
659,"Mahipalpur Ext., K-II Block, New Delhi-7",605,regular,1,635,https://dda.gov.in/sites/default/files/pmuday/635_605.pdf,,2019-12-04,"(1) 138 Mahipalpur Extn., K-II Block,New Delhi-37",https://dda.gov.in/delineated-boundary
660,"Swami Sardhanand Park, Bhalswa Dairy, Delhi-42",606,regular,1,61,,https://dda.gov.in/sites/default/files/pmuday/61_606.pdf,2020-03-11,"(1) REGD. NO.697_Saroop Nagar Extn. (South),Delhi, (2) REGD. NO.1404_Swaroop Nagar,South Part-II, G.T. Karnal Rd & Burari Rd., N.Delhi",https://dda.gov.in/delineated-boundary
661,"Sanjay Colony,Narela, Delhi-40",607,regular,1,289,,https://dda.gov.in/sites/default/files/pmuday/289_607.pdf,2020-05-18,"(1) REGD. NO.1495_Gautam Vihar Colony, Narela, Delhi-40",https://dda.gov.in/delineated-boundary
662,"Naveen Vihar, Begampur, Delhi-41",608,regular,1,931,,https://dda.gov.in/sites/default/files/pmuday/931_608.pdf,2020-06-04,,https://dda.gov.in/delineated-boundary
663,"Dev Kunj, Sec-9, Dwarka, Delhi-45",609,regular,1,410,https://dda.gov.in/sites/default/files/pmuday/410_609.pdf,,2019-12-02,,https://dda.gov.in/delineated-boundary
664,"West Vinod Vihar,E-Block Delhi-92",610,regular,1,1566,https://dda.gov.in/sites/default/files/pmuday/1566_610.pdf,,2020-03-16,,https://dda.gov.in/delineated-boundary
665,"Sai Baba Enclave Najafgarh, Delhi-43",611,regular,1,962,,https://dda.gov.in/sites/default/files/pmuday/962_611.pdf,2020-06-04,,https://dda.gov.in/delineated-boundary
666,"Kadipur Extn., Nangli Road, Delhi-36",612,regular,1,85,,https://dda.gov.in/sites/default/files/pmuday/85_612.pdf,2020-03-12,"(1) REGD. NO.54-(LOP)_Kadi Pur Extn., 'C' Block, Delhi-36",https://dda.gov.in/delineated-boundary
667,"Shri Ram Colony, Rajeev Nagar, Delhi-94",614,regular,1,146,,https://dda.gov.in/sites/default/files/pmuday/146_614.pdf,2020-04-23,,https://dda.gov.in/delineated-boundary
668,"Agar Nagar, Prem Nagar-3, Nangloi, Delhi-41",616,regular,1,1105,,https://dda.gov.in/sites/default/files/pmuday/1105_616.pdf,2020-06-08,,https://dda.gov.in/delineated-boundary
669,"Gokulpuri Extn., Ziauddinpur, Delhi-94",618,regular,1,263,,https://dda.gov.in/sites/default/files/pmuday/263_618.pdf,2020-05-18,,https://dda.gov.in/delineated-boundary
670,"Mohan Garden, R-3 A Block,Uttam Nagar, New Delhi",619,regular,1,601,,https://dda.gov.in/sites/default/files/pmuday/601_360.pdf,2020-05-26,,https://dda.gov.in/delineated-boundary
671,"Agar Nagar, D-Block, Prem Nagar-3, Nangloi",620,regular,1,1106,,https://dda.gov.in/sites/default/files/pmuday/1106_620.pdf,2020-06-08,,https://dda.gov.in/delineated-boundary
672,"Jawahar Park,Khanpur, Deoli Road, A, B, C, D & E Block, New Delhi",621-A,regular,1,1075,,https://dda.gov.in/sites/default/files/pmuday/1075_621.pdf,2019-12-16,"(1) REGD. NO.621 B_Jawahar Park,Khanpur, Deoli Road, A, B, C, D & E Block, New Delhi, (2) REGD. NO.1137_Jawahar Park F- Block New Delhi-62",https://dda.gov.in/delineated-boundary
673,"Jawahar Park,Khanpur, Deoli Road, A, B, C, D & E Block, New Delhi",621-B,regular,1,1075,,https://dda.gov.in/sites/default/files/pmuday/1075_621.pdf,2019-12-16,"(1) REGD. NO.621 B_Jawahar Park,Khanpur, Deoli Road, A, B, C, D & E Block, New Delhi, (2) REGD. NO.1137_Jawahar Park F- Block New Delhi-62",https://dda.gov.in/delineated-boundary
674,"Harijan Basti Jharoda, Mazra, Delhi-84",622,regular,1,178,,https://dda.gov.in/sites/default/files/pmuday/178_622.pdf,2020-04-23,,https://dda.gov.in/delineated-boundary
675,"Kunwar Singh Nagar, Najafgarh Road, Nangloi",623-A,regular,1,326,,https://dda.gov.in/sites/default/files/pmuday/326_623A.pdf,2020-05-18,,https://dda.gov.in/delineated-boundary
676,"Kunwar Singh Nagar, Najafgarh Road, Nangloi",623-B,regular,0,1646,,,2020-04-27,"BOUNDARY OF COLONY CAN NOT BE DELINEATED AS PER ""SOP"" (""Shapefile"" of the colony is not available)",https://dda.gov.in/delineated-boundary
677,"Raju Extn., Old Palam Road, Kakrola, New Delhi-43",624,regular,1,1534,,https://dda.gov.in/sites/default/files/pmuday/1534_624.pdf,2020-06-17,,https://dda.gov.in/delineated-boundary
678,"Amar Enclave, Prem Nagar-3, Kirari Nangloi, New Delhi",625,regular,1,1161,,https://dda.gov.in/sites/default/files/pmuday/1161_625.pdf,2020-06-10,,https://dda.gov.in/delineated-boundary
679,"Vikash Enclave, Agra Nagar, B-Block, Nangloi, Prem Nagar-3",626,regular,1,1044,,https://dda.gov.in/sites/default/files/pmuday/1044_626.pdf,2020-06-05,,https://dda.gov.in/delineated-boundary
680,"Nai Basti Kureni, Narela, Delhi",627,regular,1,1253,,https://dda.gov.in/sites/default/files/pmuday/1253_627.pdf,2020-06-12,,https://dda.gov.in/delineated-boundary
681,"Madanpur Khadar Extn., Part-1, 2, 3 , Badarpur, New Delhi",628-A,regular,1,1183,https://dda.gov.in/sites/default/files/pmuday/1183_628.pdf,,2019-12-16,,https://dda.gov.in/delineated-boundary
682,"Madanpur Khadar Extn., Part-1, 2, 3 , Badarpur, New Delhi",628-B,regular,1,1183,https://dda.gov.in/sites/default/files/pmuday/1183_628.pdf,,2019-12-16,,https://dda.gov.in/delineated-boundary
683,"Rupali Enclave, Karala, Delhi-81",629,regular,1,1519,,https://dda.gov.in/sites/default/files/pmuday/1519_629.pdf,2020-06-17,,https://dda.gov.in/delineated-boundary
684,"Sultanpur Mazra Extn,. (East), Nangloi, Delhi-41",630,regular,1,1577,https://dda.gov.in/sites/default/files/pmuday/1577_630.pdf,,2020-03-16,,https://dda.gov.in/delineated-boundary
685,"Sainik Nagar,Uttam Nagar,New Delhi",632,regular,1,659,https://dda.gov.in/sites/default/files/pmuday/659_632.pdf,,2019-12-06,,https://dda.gov.in/delineated-boundary
686,"Pashchimi Karawal Nagar, Block A &B",633,regular,1,1335,,https://dda.gov.in/sites/default/files/pmuday/1335_633.pdf,2020-06-15,,https://dda.gov.in/delineated-boundary
687,"Mohan Garden P-Block, P Extn., I & II, Uttam Nagar,Delhi",634,regular,1,803,,https://dda.gov.in/sites/default/files/pmuday/803_634.pdf,2020-06-01,,https://dda.gov.in/delineated-boundary
688,"Mohan Garden P-Block, P Extn., I & II, Uttam Nagar,Delhi",634-A,regular,1,803,,https://dda.gov.in/sites/default/files/pmuday/803_634.pdf,2020-06-01,,https://dda.gov.in/delineated-boundary
689,"Brahm Puri Colony, Ph-1, Ranhaoula Extn., Nangloi, Najafgarh, Road",635,regular,1,1276,,https://dda.gov.in/sites/default/files/pmuday/1276_635.pdf,2020-06-12,,https://dda.gov.in/delineated-boundary
690,"New Ashok Nagar, Chilla Block-A, Delhi-96",636,regular,1,124,,https://dda.gov.in/sites/default/files/pmuday/124_636.pdf,2020-04-23,"(1) REGD. NO.636 B_New Ashok Nagar, Chilla Block-A, Delhi-96",https://dda.gov.in/delineated-boundary
691,"New Ashok Nagar, Chilla Block-A, Delhi-96",636-B,regular,1,124,,https://dda.gov.in/sites/default/files/pmuday/124_636.pdf,2020-04-23,"(1) REGD. NO.636 B_New Ashok Nagar, Chilla Block-A, Delhi-96",https://dda.gov.in/delineated-boundary
692,"New Roshan Pura Extn., Block P, P-1, P-2, N-1, B-1, & N Block Najafgarh",637,regular,1,999,,https://dda.gov.in/sites/default/files/pmuday/999_637.pdf,2020-06-04,,https://dda.gov.in/delineated-boundary
693,"Surya Vihar, Deendarpur, Gurgaon Road,Najafgarh",638,regular,1,536,https://dda.gov.in/sites/default/files/pmuday/536_638.pdf,,2019-12-04,,https://dda.gov.in/delineated-boundary
694,"Chander Park, G.T.Karnal Road, Siraspur, Delhi- 42",639,regular,1,48,,https://dda.gov.in/sites/default/files/pmuday/48_639.pdf,2020-03-11,,https://dda.gov.in/delineated-boundary
695,"Sainik Enclave, Jharoda Kalan Road, Najafgarh",640,regular,1,364,,https://dda.gov.in/sites/default/files/pmuday/364_640.pdf,2020-05-20,,https://dda.gov.in/delineated-boundary
696,"Major Bhola Ram Enclave Sec.-23, Dwarka,Pochanpur Extn, Delhi",641,regular,1,403,,https://dda.gov.in/sites/default/files/pmuday/403_641.pdf,2020-05-20,,https://dda.gov.in/delineated-boundary
697,"Harijan Basti,Siraspur, Samaipur Badli, Delhi-42",642,regular,0,1647,,,2020-04-27,"BOUNDARY OF COLONY CAN NOT BE DELINEATED AS PER ""SOP"" (""Shapefile"" of the colony is not available)",https://dda.gov.in/delineated-boundary
698,"Shiv Ram Extn., Pt-II, Najafgarh Road, Nangloi",643,regular,1,327,,https://dda.gov.in/sites/default/files/pmuday/327_643.pdf,2020-05-18,,https://dda.gov.in/delineated-boundary
699,"Sainik Enclave, Part-II, Jharoda Kala, Najafgarh,Delhi",645,regular,1,365,,https://dda.gov.in/sites/default/files/pmuday/365_645.pdf,2020-05-20,,https://dda.gov.in/delineated-boundary
700,"Baba A-Block, Burari, Delhi-94",646,regular,1,164,,https://dda.gov.in/sites/default/files/pmuday/164_646.pdf,2020-04-23,,https://dda.gov.in/delineated-boundary
701,"Karawal Nagar Purvi Extn., Pushkar Vihar, Ph-4 Shiv Vihar, Delhi-94",647,regular,1,247,,https://dda.gov.in/sites/default/files/pmuday/MAP%20247_647.pdf,2020-05-16,,https://dda.gov.in/delineated-boundary
702,"Najafgarh Extn. (Maksudabad), Nangloi Road, Delhi",648-A,regular,1,379,,https://dda.gov.in/sites/default/files/pmuday/379_648_A.pdf,2020-05-20,"(1) REGD. NO.648_B_Najafgarh Extn. (Maksudabad), Nangloi Road, Delhi",https://dda.gov.in/delineated-boundary
703,"Najafgarh Extn. (Maksudabad), Nangloi Road, Delhi",648-B,regular,1,1402,,https://dda.gov.in/sites/default/files/pmuday/1402_648_B.pdf,2020-06-16,,https://dda.gov.in/delineated-boundary
704,"Najafgarh Extn. (Maksudabad), Nangloi Road, Delhi",648-C,regular,1,363,,https://dda.gov.in/sites/default/files/pmuday/363_648.pdf,2020-05-20,,https://dda.gov.in/delineated-boundary
705,"Sangam Vihar,B-Block, New Delhi-62",649,regular,1,746,,https://dda.gov.in/sites/default/files/pmuday/746_649.pdf,2020-06-01,,https://dda.gov.in/delineated-boundary
706,"Dayal Pur Extn. C-Block, Main Road, Tukmerpur, Delhi-94",650,regular,1,1338,,https://dda.gov.in/sites/default/files/pmuday/1338_650.pdf,2020-06-15,,https://dda.gov.in/delineated-boundary
707,"Ambika Vihar B & C Block, Purvi Karawal Nagar, Delhi-94",651,regular,1,281,,https://dda.gov.in/sites/default/files/pmuday/281_651.pdf,2020-05-18,,https://dda.gov.in/delineated-boundary
708,"Rana Ji Enclave, Najafgarh, New Delhi",652,regular,1,1258,https://dda.gov.in/sites/default/files/pmuday/1258_652.pdf,,2019-12-19,"(1) REGD. NO.1463_Rana Ji Enclave, Block-1A, Main Najafgarh Road,Najafgarh, Delhi-43",https://dda.gov.in/delineated-boundary
709,"Goyala Vihar, Najafgarh,Delhi",654,regular,1,529,https://dda.gov.in/sites/default/files/pmuday/529_654.pdf,,2019-12-04,,https://dda.gov.in/delineated-boundary
710,"Shakti Vihar, East Dayal Pur, Delhi-94",655,regular,1,215,,https://dda.gov.in/sites/default/files/pmuday/MAP%20215_655.pdf,2020-05-16,,https://dda.gov.in/delineated-boundary
711,"Sangam Vihar,C-Block, New Delhi-62",656,regular,1,745,,https://dda.gov.in/sites/default/files/pmuday/745_656.pdf,2020-05-29,,https://dda.gov.in/delineated-boundary
712,"Tyagi Vihar Near Nangloi Extn., Rohtak Road, Delhi-41",657,regular,1,1268,,https://dda.gov.in/sites/default/files/pmuday/1268_657.pdf,2020-06-12,,https://dda.gov.in/delineated-boundary
713,"Indraj Colony (Bawana Extn) Kanjhawala Road, Bawana, Delhi-39",658,regular,1,516,https://dda.gov.in/sites/default/files/pmuday/516_658.pdf,,2019-12-04,,https://dda.gov.in/delineated-boundary
714,"Ishwar Colony Extn. (Phase-II) Bawana, Delhi- 39",659,regular,1,1448,,https://dda.gov.in/sites/default/files/pmuday/1448_659.pdf,2020-06-16,,https://dda.gov.in/delineated-boundary
715,"Sainik Enclave,Vikas Nagar, Uttam Nagar, Hastal, New Delhi-59",660,regular,1,1512,,https://dda.gov.in/sites/default/files/pmuday/1512_660.pdf,2020-06-17,,https://dda.gov.in/delineated-boundary
716,"Sainik Enclave,Vikas Nagar, Uttam Nagar, Hastal, New Delhi-59",660-A,regular,1,1512,,https://dda.gov.in/sites/default/files/pmuday/1512_660.pdf,2020-06-17,,https://dda.gov.in/delineated-boundary
717,"Sainik Enclave,Vikas Nagar, Uttam Nagar, Hastal, New Delhi-59",660-B,regular,1,1512,,https://dda.gov.in/sites/default/files/pmuday/1512_660.pdf,2020-06-17,,https://dda.gov.in/delineated-boundary
718,"Shiv Park, Jwala Puri Road, Nangloi, Delhi-41",661,regular,0,913,,,2020-06-03,,https://dda.gov.in/delineated-boundary
719,"Raju Park C-II Block, South Delhi-Deoli Village,Delhi-62",662,regular,1,1073,,https://dda.gov.in/sites/default/files/pmuday/1073_662.pdf,2020-06-08,(1) REGD. NO.787_Raju Park C-1 Block Khanpur New Delhi-62,https://dda.gov.in/delineated-boundary
720,"Pochan Pur Extn. A Block, Najafgarh",663,regular,1,404,,https://dda.gov.in/sites/default/files/pmuday/404_663.pdf,2020-08-14,,https://dda.gov.in/delineated-boundary
721,Vinod Nagar (North A Block) Mandawali,664,regular,1,1015,,https://dda.gov.in/sites/default/files/pmuday/1015_664.pdf,2020-06-05,"(1) REGD. NO.1541_West Vinod Nagar, F-Block, Delhi-92, (2) REGD. NO.922_West Vinod Nagar D- Block Delhi-92, (3) REGD. NO.664-A_Vinod Nagar (North A Block) Mandawali",https://dda.gov.in/delineated-boundary
722,Vinod Nagar (North A Block) Mandawali,664-A,regular,1,1015,,https://dda.gov.in/sites/default/files/pmuday/1015_664.pdf,2020-06-05,"(1) REGD. NO.1541_West Vinod Nagar, F-Block, Delhi-92, (2) REGD. NO.922_West Vinod Nagar D- Block Delhi-92, (3) REGD. NO.664-A_Vinod Nagar (North A Block) Mandawali",https://dda.gov.in/delineated-boundary
723,"Rajiv Nagar Extn. Near Bhalsawa Dairy, Delhi- 42",666,regular,1,62,,https://dda.gov.in/sites/default/files/pmuday/62_666.pdf,2020-03-11,,https://dda.gov.in/delineated-boundary
724,"Prem Nagar-II,ABCD Block, Nangloi, Delhi-41",667,regular,1,1133,,https://dda.gov.in/sites/default/files/pmuday/1133_667.pdf,2020-06-09,,https://dda.gov.in/delineated-boundary
725,"Amar Colony, ABC Block, Mundka, Nangloi, Delhi-41",668,regular,1,656,,https://dda.gov.in/sites/default/files/pmuday/656_1425.pdf,2020-05-27,,https://dda.gov.in/delineated-boundary
726,"Mahavir Enclave Extn. C 3 & I Block, Palam, New Delhi-45",669,regular,1,436,,https://dda.gov.in/sites/default/files/pmuday/436_669.pdf,2020-05-20,,https://dda.gov.in/delineated-boundary
727,"Maa Ramabai Ambedkar Mohalla, Paschchimi Johri Pur, Delhi-94",670,regular,1,234,,https://dda.gov.in/sites/default/files/pmuday/MAP%20234_670.pdf,2020-05-16,,https://dda.gov.in/delineated-boundary
728,Tripathi Enclave Prem Nagar nangloi-II,671,regular,1,309,,https://dda.gov.in/sites/default/files/pmuday/309_671.pdf,2020-05-18,,https://dda.gov.in/delineated-boundary
729,"Gourav Nagar-2 (Prem Nagar) -3, Sultan Puri, Kanjhawala, Delhi-41",672,regular,1,1125,,https://dda.gov.in/sites/default/files/pmuday/1125_672.pdf,2020-06-09,"(1) REGD. NO.497_Prem Nagar-3,Part-II, Shani Bazar Road, Kirari Suleman Nagar, Nangloi, Delhi",https://dda.gov.in/delineated-boundary
730,"Om Nagar, Badarpur, New Delhi-44",673,regular,1,1168,,https://dda.gov.in/sites/default/files/pmuday/1168_673.pdf,2020-06-10,,https://dda.gov.in/delineated-boundary
731,"Navyuvak Nanda Block, Mahavir Enclave, Najafgarh-45",674,regular,1,438,,https://dda.gov.in/sites/default/files/pmuday/438_674.pdf,2020-05-20,,https://dda.gov.in/delineated-boundary
732,"East Vinod Nagar, 'G' Block, Delhi-91",675,regular,1,9,,https://dda.gov.in/sites/default/files/pmuday/09_675.pdf,2020-03-11,,https://dda.gov.in/delineated-boundary
733,Uttam Nagar Q-Extn. Uttam Nagar Delhi-59,676,regular,1,497,,https://dda.gov.in/sites/default/files/pmuday/497_676.pdf,2020-05-22,,https://dda.gov.in/delineated-boundary
734,"Nangli Vihar Extn. Part-I, Najafgarh, Delhi-43",678,regular,1,849,,https://dda.gov.in/sites/default/files/pmuday/849_678.pdf,2020-06-02,"(1) REGD. NO.757_Nangli Vihar Ext. RZ-44, Murti Bhawan, Najafgarh, New Delhi-43",https://dda.gov.in/delineated-boundary
735,"New Ashok Nagar, Chilla Saroda, Bangar, Delhi- 96",679,regular,1,123,,https://dda.gov.in/sites/default/files/pmuday/123_679.pdf,2020-04-23,,https://dda.gov.in/delineated-boundary
736,"Sanjay Enclave,C-1 Block, Uttam Nagar, Delhi-59",680,regular,0,1648,,,2020-04-27,"BOUNDARY OF COLONY CAN NOT BE DELINEATED AS PER ""SOP"" (""Shapefile"" of the colony is not available)",https://dda.gov.in/delineated-boundary
737,"Duggal Colony, Khanpur Extn. Part-II, New Delhi-62",681,regular,1,1064,,https://dda.gov.in/sites/default/files/pmuday/1064_681.pdf,2020-06-08,,https://dda.gov.in/delineated-boundary
738,"Mohan Baba Nagar, Tajpur Extn. Badarpur, Delhi-44",682,regular,1,1241,,https://dda.gov.in/sites/default/files/pmuday/1241_682.pdf,2020-06-12,,https://dda.gov.in/delineated-boundary
739,"West Sant Nagar Colony,A 2 Block, Burari, Delhi-84",683,regular,1,187,,https://dda.gov.in/sites/default/files/pmuday/187_683.pdf,2020-04-23,,https://dda.gov.in/delineated-boundary
740,"Vikas Enclave, Vikas Nagar Phase-III-B, Uttam Nagar, Delhi-59",684,regular,1,690,,https://dda.gov.in/sites/default/files/pmuday/690_684.pdf,2020-05-27,,https://dda.gov.in/delineated-boundary
741,"Krishna Enclave Part-II, Dhichaon Kalan Road, New Delhi-72",685,regular,0,,,,,Boundary map pending or omitted from DDA portal table,https://dda.gov.in/sites/default/files/pmuday/1731_uc.pdf
742,"Shiv Vihar Phase-II, Karawal Nagar, Delhi-94",686,regular,1,285,,https://dda.gov.in/sites/default/files/pmuday/285_686.pdf,2020-05-18,,https://dda.gov.in/delineated-boundary
743,"Nathu Colony, Nathupura, Delhi-84",688,regular,1,151,,https://dda.gov.in/sites/default/files/pmuday/151_688.pdf,2020-04-23,,https://dda.gov.in/delineated-boundary
744,"Shyam Enclave (Z-Block), Gopal Nagar Extn. Najafgarh",689,regular,1,393,,https://dda.gov.in/sites/default/files/pmuday/393_689.pdf,2020-05-20,,https://dda.gov.in/delineated-boundary
745,"Mitraon Extn. Main Dhansa Road, Najafgarh, New D elhi-43",690-A,regular,1,391,,https://dda.gov.in/sites/default/files/pmuday/391_690_A.pdf,2020-05-20,,https://dda.gov.in/delineated-boundary
746,"Mitraon Extn. Main Dhansa Road, Najafgarh, New D elhi-43",690-B,regular,0,1649,,,2020-04-27,"BOUNDARY OF COLONY CAN NOT BE DELINEATED AS PER ""SOP"" (""Shapefile"" of the colony is not available)",https://dda.gov.in/delineated-boundary
747,"Mitraon Extn. Main Dhansa Road, Najafgarh, New D elhi-43",690-C,regular,0,1650,,,2020-04-27,"BOUNDARY OF COLONY CAN NOT BE DELINEATED AS PER ""SOP"" (""Shapefile"" of the colony is not available)",https://dda.gov.in/delineated-boundary
748,"Mitraon Extn. Main Dhansa Road, Najafgarh, New D elhi-43",690-D,regular,0,1651,,,2020-04-27,"BOUNDARY OF COLONY CAN NOT BE DELINEATED AS PER ""SOP"" (""Shapefile"" of the colony is not available)",https://dda.gov.in/delineated-boundary
749,"South Ganesh Nagar, Delhi-92",691,regular,1,1026,,https://dda.gov.in/sites/default/files/pmuday/1026_691.pdf,2020-06-05,,https://dda.gov.in/delineated-boundary
750,"Gouri Shankar Enclave, Prem Nagar-III, Nangloi, Delhi-41",692,regular,1,36,,https://dda.gov.in/sites/default/files/pmuday/36_692.pdf,2020-03-11,"(1) REGD. NO. 125_GAURI SHANKAR ENCLAVE -II, PREM NAGAR -III, DELHI-41, (2) REGD. NO. 127_SHARDA VATS ENCLAVE PREM NAGAR -III, (3) REGD. NO. 133_GAURI SHANKAR ENCLAVE -I A BLOCK PREM NAGAR -III, DELHI-41, (4) REGD. NO.702_SINGH ADARSH ENCLAVE PREM NAGAR -III, DELHI-41",https://dda.gov.in/delineated-boundary
751,"New Ashok Nagar, C-Block, Delhi-96",693,regular,1,118,,https://dda.gov.in/sites/default/files/pmuday/118_693.pdf,2020-04-23,,https://dda.gov.in/delineated-boundary
752,Vikas Vihar near Kakrola,694,regular,1,1092,https://dda.gov.in/sites/default/files/pmuday/1092_694.pdf,,2020-06-08,,https://dda.gov.in/delineated-boundary
753,"Mandawali Fazalpur B-Block,Delhi",695,regular,1,684,,https://dda.gov.in/sites/default/files/pmuday/684_1165.pdf,2020-05-27,,https://dda.gov.in/delineated-boundary
754,"Kaushik Enclave (B) Block, Part-II, Burari, Nathupura Road, Delhi-84",696,regular,1,1324,,https://dda.gov.in/sites/default/files/pmuday/1324_696.pdf,2020-06-15,,https://dda.gov.in/delineated-boundary
755,"Saroop Nagar Extn. (South),Delhi",697,regular,1,1299,,https://dda.gov.in/sites/default/files/pmuday/1299_697.pdf,2020-06-15,,https://dda.gov.in/delineated-boundary
756,"Mohan Park (M-Block, Model Town-III) Delhi-09",698,regular,1,1567,https://dda.gov.in/sites/default/files/pmuday/1567_698.pdf,,2020-03-16,,https://dda.gov.in/delineated-boundary
757,"Gaurav Nagar, Anand Nagar, Mubarakpur Rd, Prem Ngr.-II, Nangloi, Delhi-41",699,regular,1,1123,,https://dda.gov.in/sites/default/files/pmuday/1123_699.pdf,2020-06-09,,https://dda.gov.in/delineated-boundary
758,"Netaji Subhash Vihar Colony, Tikri Kalan, New Delhi-41",701,regular,1,689,,https://dda.gov.in/sites/default/files/pmuday/689_913.pdf,2020-05-27,,https://dda.gov.in/delineated-boundary
759,"Singh Adarsh Enclave, Prem Nagar-III, Delhi-41",702,regular,1,1295,,https://dda.gov.in/sites/default/files/pmuday/1295_702.pdf,2020-06-15,,https://dda.gov.in/delineated-boundary
760,"Madhu Vihar Near Dwarka Sector-III, Delhi",703,regular,1,563,,https://dda.gov.in/sites/default/files/pmuday/563_703.pdf,2020-05-26,,https://dda.gov.in/delineated-boundary
761,"Adarsh Enclave (Y-Block) Prem Nagar-II, Kirari, Nangloi, Delhi-41",704,regular,1,308,,https://dda.gov.in/sites/default/files/pmuday/308_704.pdf,2020-05-18,,https://dda.gov.in/delineated-boundary
762,"New Roshanpura Extn. 'Y' Block, Paprawat Road, Najafgarh, New Delhi-43",705,regular,1,977,https://dda.gov.in/sites/default/files/pmuday/977_705.pdf,,2019-12-11,"(1)1461 Prem Nagar, B-Block, Najafgarh, New Delhi-43",https://dda.gov.in/delineated-boundary
763,"Sangam Vihar, B-I, Block, Sangam Vihar, New Delhi-62",706,regular,1,1518,,https://dda.gov.in/sites/default/files/pmuday/1518_706.pdf,2020-06-17,,https://dda.gov.in/delineated-boundary
764,"Chaman Park Near Johripur, Delhi",707,regular,1,243,,https://dda.gov.in/sites/default/files/pmuday/MAP%20243_707.pdf,2020-05-16,,https://dda.gov.in/delineated-boundary
765,"Bhagwati Garden, Najafgarh Road, Uttam Nagar",708,regular,1,1568,https://dda.gov.in/sites/default/files/pmuday/1568_708.pdf,,2020-03-16,,https://dda.gov.in/delineated-boundary
766,"Tamilar Enclave, Dabri,Delhi",709,regular,1,427,,https://dda.gov.in/sites/default/files/pmuday/427_709.pdf,2020-05-20,,https://dda.gov.in/delineated-boundary
767,Kanhaiya Mohalla (Village Johripur) Delhi-94,711,regular,1,239,,https://dda.gov.in/sites/default/files/pmuday/MAP%20239_711.pdf,2020-05-16,,https://dda.gov.in/delineated-boundary
768,"Mahesh Garden ,Main Bahadur Garh Road,Najafgarh, New Delhi-43",712,regular,1,752,,https://dda.gov.in/sites/default/files/pmuday/752_712.pdf,2020-06-01,,https://dda.gov.in/delineated-boundary
769,"Mahesh Garden ,Main Bahadur Garh Road,Najafgarh, New Delhi-43",712-A,regular,1,752,,https://dda.gov.in/sites/default/files/pmuday/752_712.pdf,2020-06-01,,https://dda.gov.in/delineated-boundary
770,"Gaffar Manzil Extension, Jamia Nagar, Okhla,Delhi",713,regular,0,875,,,2020-06-03,,https://dda.gov.in/delineated-boundary
771,"Sangam Vihar, L-Block, New Delhi-62",714,regular,1,743,,https://dda.gov.in/sites/default/files/pmuday/743_714.pdf,2020-05-29,,https://dda.gov.in/delineated-boundary
772,"Janaki Panchal Vihar, Poorvi Karawal Nagar, Delhi-94",715,regular,1,284,,https://dda.gov.in/sites/default/files/pmuday/284_715.pdf,2020-05-18,,https://dda.gov.in/delineated-boundary
773,"Sewak Park, D, E, & F Block, Najafgarh Road, Uttam Nagar, New Delhi-59",716,regular,1,662,,https://dda.gov.in/sites/default/files/pmuday/662_716.pdf,2020-05-27,,https://dda.gov.in/delineated-boundary
774,"Risal Garden, Nangloi, Najafgarh Road,Delhi",717,regular,1,328,,https://dda.gov.in/sites/default/files/pmuday/328_717.pdf,2020-05-18,,https://dda.gov.in/delineated-boundary
775,"Mohan Baba Nagar, Tajpur Extn. Badarpur, Delhi-44",719,regular,1,1240,,https://dda.gov.in/sites/default/files/pmuday/1240_719.pdf,2020-06-12,(1) REGD. NO.1109_Molar band Extn.Block F-Delhi-4,https://dda.gov.in/delineated-boundary
776,"Begumpur Extn. Rajiv Nagar, Delhi-41",721,regular,1,933,,https://dda.gov.in/sites/default/files/pmuday/933_721.pdf,2020-06-04,(1)1308 Begam Pur Extn.Delhi-41,https://dda.gov.in/delineated-boundary
777,"Baba Hari Dass Nagar, Najafgarh,Bahadurgarh Road, Delhi",722-A,regular,1,377,,https://dda.gov.in/sites/default/files/pmuday/377_722_A.pdf,2020-05-20,,https://dda.gov.in/delineated-boundary
778,"Baba Hari Dass (Geetanjali Enclave) Nagar, Najafgarh,Bahadurgarh Road, Delhi -72",722-B,regular,1,709,,https://dda.gov.in/sites/default/files/pmuday/709_1155.pdf,2020-05-29,"(1) REGD. NO.931_Madhav Enclave Khaira Road, Najafgarh, New Delhi-43",https://dda.gov.in/delineated-boundary
779,"Dhruv Enclave, Rohini, Sec-22, Nithari,New Delhi",723,regular,1,1053,,https://dda.gov.in/sites/default/files/pmuday/1053_723.pdf,2020-06-08,,https://dda.gov.in/delineated-boundary
780,"Vishwas Nagar, Block 28-29, Shahdara, Delhi- 32",724,regular,1,1257,,https://dda.gov.in/sites/default/files/pmuday/1257_724.pdf,2020-06-12,,https://dda.gov.in/delineated-boundary
781,"Kaushik Enclave, Burari Extn. Delhi-84",725,regular,1,155,,https://dda.gov.in/sites/default/files/pmuday/155_725.pdf,2020-04-23,"(1) REGD. NO. 696_Kaushik Enclave (B) Block, Part-II, Burari, Nathupura Road, Delhi-84, (2) REGD. NO.287_Kaushik Enclave, A-Block, Burari Road, Delhi",https://dda.gov.in/delineated-boundary
782,"Shiv Vihar, Shahbad-Daulatpur, Bawana,Delhi-42",726-A,regular,1,713,,https://dda.gov.in/sites/default/files/pmuday/713_648_C.pdf,2020-05-29,,https://dda.gov.in/delineated-boundary
783,"Shiv Vihar, Shahbad-Daulatpur, Bawana,Delhi-42",726-B,regular,0,1653,,,2020-04-27,"BOUNDARY OF COLONY CAN NOT BE DELINEATED AS PER ""SOP"" (""Shapefile"" of the colony is not available)",https://dda.gov.in/delineated-boundary
784,Molar Band Ext. New Delhi-44,727,regular,0,1654,,,2020-04-27,"BOUNDARY OF COLONY CAN NOT BE DELINEATED AS PER ""SOP"" (""Shapefile"" of the colony is not available)",https://dda.gov.in/delineated-boundary
785,"Kushak No.2, Extn., Delhi-36",728,regular,1,10,,https://dda.gov.in/sites/default/files/pmuday/10_728.pdf,2020-03-11,,https://dda.gov.in/delineated-boundary
786,"Kushak No.1, Extn., Delhi-36",729,regular,1,84,,https://dda.gov.in/sites/default/files/pmuday/84_729.pdf,2020-03-12,,https://dda.gov.in/delineated-boundary
787,"West Karawal Nagar, Delhi-94",730,regular,1,1336,,https://dda.gov.in/sites/default/files/pmuday/1336_730.pdf,2020-06-15,,https://dda.gov.in/delineated-boundary
788,"Old Roshan Pura, J-Block, Najafgarh, New Delhi-43",732-A,regular,1,1002,,https://dda.gov.in/sites/default/files/pmuday/1002_732_A.pdf,2020-06-05,,https://dda.gov.in/delineated-boundary
789,"Old Roshan Pura, J-Block, Najafgarh, New Delhi-43",732-B,regular,1,1001,,https://dda.gov.in/sites/default/files/pmuday/1001_732_B.pdf,2020-06-05,,https://dda.gov.in/delineated-boundary
790,"Kashmere Enclave, Kishan Chand Enclave, Bosco Colony, Arya Nagar, Gopal Nagar Extn. Najafgarh",733,regular,1,392,,https://dda.gov.in/sites/default/files/pmuday/392_733.pdf,2020-05-20,,https://dda.gov.in/delineated-boundary
791,"Vijay Enclave, L-Block, Dabri Palam Road, New Delhi-45",734,regular,1,569,,https://dda.gov.in/sites/default/files/pmuday/569_734.pdf,2020-05-26,,https://dda.gov.in/delineated-boundary
792,"Brijpuri, Wazirabad road, Delhi-94",736,regular,1,264,,https://dda.gov.in/sites/default/files/pmuday/264_736.pdf,2020-05-18,,https://dda.gov.in/delineated-boundary
793,"Rajapuri (GKLMS Block) Som Bazar road, Madhu Vihar, Palam, New Delhi-59",737,regular,1,487,,https://dda.gov.in/sites/default/files/pmuday/487_737.pdf,2020-05-22,,https://dda.gov.in/delineated-boundary
794,"Durga Vihar, Phase-I, Gurgaon Road,Najafgarh, New Delhi-43",739,regular,1,983,,https://dda.gov.in/sites/default/files/pmuday/983_739.pdf,2020-06-04,"(1)293 Durga Vihar, Ph-III, Najafgarh, New Delhi (2)1592 Durga Vihar Extension, Najafgarh, New Delhi",https://dda.gov.in/delineated-boundary
795,"Raj Nagar-II Extn. Palam Colony, New Delhi-45",740,regular,1,407,,https://dda.gov.in/sites/default/files/pmuday/407_740.pdf,2020-05-20,,https://dda.gov.in/delineated-boundary
796,"Laxmi Nagar, Prem Nagar-III D1-Block, Kanjhawala, Delhi-41",741,regular,1,1150,,https://dda.gov.in/sites/default/files/pmuday/1150_741.pdf,2020-06-09,,https://dda.gov.in/delineated-boundary
797,"Hari Nagar Extn.,Block-D, Jaitpur, Badarpur, New Delhi",742,regular,1,1173,,https://dda.gov.in/sites/default/files/pmuday/1173_742.pdf,2020-06-10,,https://dda.gov.in/delineated-boundary
798,"Rajiv Colony, Harijan Basti, Narela, Delhi-40",743,regular,1,11,,https://dda.gov.in/sites/default/files/pmuday/11_743.pdf,2020-03-11,,https://dda.gov.in/delineated-boundary
799,"New Roshanpura A2,B1,A2,N1&P3 Block Najafgarh New Delhi",744,regular,1,995,,https://dda.gov.in/sites/default/files/pmuday/995_744.pdf,2020-06-04,,https://dda.gov.in/delineated-boundary
800,Mahavir Enclave D&F Block Delhi-45,746,regular,1,1277,,https://dda.gov.in/sites/default/files/pmuday/1277_746.pdf,2020-06-12,,https://dda.gov.in/delineated-boundary
801,"Sewak Park B-1 Extn., New Delhi-59",747,regular,1,663,,https://dda.gov.in/sites/default/files/pmuday/663_747.pdf,2020-05-27,,https://dda.gov.in/delineated-boundary
802,Uttam Nagar TA Block New Delhi-59,748,regular,1,648,,https://dda.gov.in/sites/default/files/pmuday/648_748.pdf,2020-05-27,,https://dda.gov.in/delineated-boundary
803,Sadatpur Extn.Block C-5 & C-6 Karawal Nagar Delhi-94,749,regular,1,210,,https://dda.gov.in/sites/default/files/pmuday/MAP%20210_749.pdf,2020-05-16,,https://dda.gov.in/delineated-boundary
804,Uttam Nagar TA Block (Lop) New Delhi-59,750,regular,1,484,,https://dda.gov.in/sites/default/files/pmuday/484_750.pdf,2020-05-22,,https://dda.gov.in/delineated-boundary
805,Singh Nagar-II Ranholla Delhi-41,751,regular,1,325,,https://dda.gov.in/sites/default/files/pmuday/325_751.pdf,2020-05-18,,https://dda.gov.in/delineated-boundary
806,Raghu Nagar Pankha Road New Delhi-45,752,regular,1,419,,https://dda.gov.in/sites/default/files/pmuday/419_752.pdf,2020-05-20,(1) REGD. NO.1050_Syndicate Enclave & Raghu Nagar Delhi-45,https://dda.gov.in/delineated-boundary
807,"Prem Nagar-I F-G Extn.Block, Kirari Road Nangloi Delhi-41",753,regular,1,1543,,https://dda.gov.in/sites/default/files/pmuday/1543_753.pdf,2020-06-17,,https://dda.gov.in/delineated-boundary
808,"Vishwas Nagar Block No.17,Shahdara Delhi-32",754,regular,1,96,,https://dda.gov.in/sites/default/files/pmuday/96_754.pdf,2020-03-12,"(1) REGD. NO.1356_Vishwas Nagar Block No.17,Shahdara Delhi-32",https://dda.gov.in/delineated-boundary
809,"Om Vihar Park-IA , Shiv Shankar Road Uttam Nagar New Delhi-59",756-A,regular,1,778,,https://dda.gov.in/sites/default/files/pmuday/778_756.pdf,2020-06-01,,https://dda.gov.in/delineated-boundary
810,"Om Vihar Park-IA , Shiv Shankar Road Uttam Nagar New Delhi-59",756-B,regular,1,778,,https://dda.gov.in/sites/default/files/pmuday/778_756.pdf,2020-06-01,,https://dda.gov.in/delineated-boundary
811,"Nangli Vihar Ext. RZ-44, Murti Bhawan, Najafgarh, New Delhi-43",757,regular,1,1346,,https://dda.gov.in/sites/default/files/pmuday/1346_757.pdf,2020-06-15,,https://dda.gov.in/delineated-boundary
812,Jeewan Park Siraspur Delhi-42,758,regular,1,49,,https://dda.gov.in/sites/default/files/pmuday/49_758.pdf,2020-03-11,,https://dda.gov.in/delineated-boundary
813,West Karawal Nagar Shahdara Delhi-94,759,regular,1,203,,https://dda.gov.in/sites/default/files/pmuday/MAP%20203_759.pdf,2020-05-16,"(1) REGD. NO. 633 Pashchimi Karawal Nagar, Block A &B, (2) REGD. NO. 730 West Karawal Nagar, Delhi-94",https://dda.gov.in/delineated-boundary
814,Shiv Vihar Phase-I Karawal Nagar Delhi-94,760,regular,1,287,,https://dda.gov.in/sites/default/files/pmuday/287_760.pdf,2020-05-18,,https://dda.gov.in/delineated-boundary
815,Kailash Vihar Pansali Post Parhladpur Bangar Delhi-42,761,regular,1,30,,https://dda.gov.in/sites/default/files/pmuday/30_761.pdf,2020-03-11,,https://dda.gov.in/delineated-boundary
816,Yadav Park Extn Najafgarh Road Nangloi Delhi- 41,762,regular,1,1441,,https://dda.gov.in/sites/default/files/pmuday/1441_762.pdf,2020-06-16,,https://dda.gov.in/delineated-boundary
817,Chanchal Park Part I & II Nangloi Delhi-41,763,regular,1,314,,https://dda.gov.in/sites/default/files/pmuday/314_763.pdf,2020-05-18,,https://dda.gov.in/delineated-boundary
818,Rajdhani Park Nangloi Delhi-41,764,regular,1,305,,https://dda.gov.in/sites/default/files/pmuday/305_764.pdf,2020-05-18,"(1) REGD. NO.105_Rajdhani Park P & I Block, Nangloi, New Delhi-41 (2) REGD. NO.861_Rajdhani Park S- Block, Rohtak Road Nangloi Delhi-41",https://dda.gov.in/delineated-boundary
819,Pehladpur (Banger) Extn.Village Pehladpur Delhi-42,765-A,regular,1,507,,https://dda.gov.in/sites/default/files/pmuday/507_765.pdf,2020-05-22,"(1) 9-(ELD) Extended Abadi of Village, Pehlad Pur Bangar Lal Dora, Delhi-42",https://dda.gov.in/delineated-boundary
820,Pehladpur (Banger) Extn.Village Pehladpur Delhi-42,765-B,regular,1,507,,https://dda.gov.in/sites/default/files/pmuday/507_765.pdf,2020-05-22,"(1) 9-(ELD) Extended Abadi of Village, Pehlad Pur Bangar Lal Dora, Delhi-42",https://dda.gov.in/delineated-boundary
821,Pehladpur (Banger) Extn.Village Pehladpur Delhi-42,765-C,regular,1,507,,https://dda.gov.in/sites/default/files/pmuday/507_765.pdf,2020-05-22,"(1) 9-(ELD) Extended Abadi of Village, Pehlad Pur Bangar Lal Dora, Delhi-42",https://dda.gov.in/delineated-boundary
822,Pehladpur (Banger) Extn.Village Pehladpur Delhi-42,765-D,regular,1,507,,https://dda.gov.in/sites/default/files/pmuday/507_765.pdf,2020-05-22,"(1) 9-(ELD) Extended Abadi of Village, Pehlad Pur Bangar Lal Dora, Delhi-42",https://dda.gov.in/delineated-boundary
823,Shiv Vihar Ph-III Karawal Nagar Delhi-94,766,regular,1,283,,https://dda.gov.in/sites/default/files/pmuday/283_766.pdf,2020-05-18,,https://dda.gov.in/delineated-boundary
824,Taimoor Nagar Extn.Near Kizrabad Delhi-65,767,regular,1,1088,,https://dda.gov.in/sites/default/files/pmuday/1088_767.pdf,2020-06-08,,https://dda.gov.in/delineated-boundary
825,Bhagwati Garden Extn.Uttam Nagar New Delhi- 59,769,regular,1,756,,https://dda.gov.in/sites/default/files/pmuday/756_1526.pdf,2020-06-01,(1) REGD. NO.140- (ELD)_Jerman Nagar Kashmiri Colony Revenu EstateOf Village Khera On Old Khaira Road Najafgarh New Delhi,https://dda.gov.in/delineated-boundary
826,Shiva Encalve Vikas Nagar Hastsal Uttam Nagar New Delhi-59,770,regular,1,683,,https://dda.gov.in/sites/default/files/pmuday/683_770.pdf,2020-05-27,,https://dda.gov.in/delineated-boundary
827,Milan Vihar Near Jagat Pur Bandh Sant Nagar(Burari) Delhi-84,771,regular,1,168,https://dda.gov.in/sites/default/files/pmuday/168_771.pdf,,2019-11-27,,https://dda.gov.in/delineated-boundary
828,Mukand Pur Vistar Delhi-42,772-A,regular,1,190,,https://dda.gov.in/sites/default/files/pmuday/190_772%20A.pdf,2020-04-23,(1) REGD. NO. 772 B_Mukand Pur Vistar Delhi-42,https://dda.gov.in/delineated-boundary
829,Mukand Pur Vistar Delhi-42,772-B,regular,1,190,,https://dda.gov.in/sites/default/files/pmuday/190_772%20A.pdf,2020-04-23,(1) REGD. NO. 772 B_Mukand Pur Vistar Delhi-42,https://dda.gov.in/delineated-boundary
830,Pradeep Vihar Nathupura Mode Delhi-36,773,regular,1,12,,https://dda.gov.in/sites/default/files/pmuday/12_773.pdf,2020-03-11,,https://dda.gov.in/delineated-boundary
831,Mahalaxmi Enclave Karawal Nagar New Delhi- 94,774,regular,1,228,,https://dda.gov.in/sites/default/files/pmuday/MAP%20228_774.pdf,2020-05-16,,https://dda.gov.in/delineated-boundary
832,Baba haridas Nagar Tikri Border Delhi-41,775,regular,1,337,,https://dda.gov.in/sites/default/files/pmuday/337_775.pdf,2020-05-18,,https://dda.gov.in/delineated-boundary
833,Mandawali East Block Fajalpur Delhi-92,776,regular,1,1390,,https://dda.gov.in/sites/default/files/pmuday/1390_776.pdf,2020-06-16,,https://dda.gov.in/delineated-boundary
834,"Sainik Vihar Phase - II, New Delhi",777,regular,1,788,,https://dda.gov.in/sites/default/files/pmuday/788_777.pdf,2020-06-01,,https://dda.gov.in/delineated-boundary
835,Guru Nanak Dev Colony Bhalswa Dairy Delhi- 42,778,regular,1,37,,https://dda.gov.in/sites/default/files/pmuday/37_778.pdf,2020-03-11,,https://dda.gov.in/delineated-boundary
836,Ishwar Nagar Extn.Sarup Nagar Delhi-42,779,regular,1,1569,https://dda.gov.in/sites/default/files/pmuday/1569_779.pdf,,2020-03-16,,https://dda.gov.in/delineated-boundary
837,"Raksha Enclave Sainik Enclave Sec 1) Mohan Garden Uttam Nagar, N.D-59",780,regular,0,1657,,,2020-04-27,"BOUNDARY OF COLONY CAN NOT BE DELINEATED AS PER ""SOP"" (""Shapefile"" of the colony is not available)",https://dda.gov.in/delineated-boundary
838,Raksha Enclave Extn.Mohan garden Uttam Nagar New Delhi-59,781,regular,1,793,https://dda.gov.in/sites/default/files/pmuday/793_781.pdf,,2019-12-09,,https://dda.gov.in/delineated-boundary
839,Sainik Enclave Mohan Garden Uttam Nagar,782,regular,1,787,,https://dda.gov.in/sites/default/files/pmuday/787_782.pdf,2020-06-01,,https://dda.gov.in/delineated-boundary
840,Sainik Enclave Sector-III Mohan garden Uttam Nagar,783,regular,1,792,,https://dda.gov.in/sites/default/files/pmuday/792_783.pdf,2020-06-01,,https://dda.gov.in/delineated-boundary
841,Sainik Enclave (Raksha Enclave) Sect-1 Mohan Garden New Delhi,784,regular,0,1658,,,2020-04-27,"BOUNDARY OF COLONY CAN NOT BE DELINEATED AS PER ""SOP"" (""Shapefile"" of the colony is not available)",https://dda.gov.in/delineated-boundary
842,"Data Ram Park Near Deendarpur Najafgarh,Delhi",785,regular,1,547,,https://dda.gov.in/sites/default/files/pmuday/547_785.pdf,2020-05-23,,https://dda.gov.in/delineated-boundary
843,Ganapati Enclave Extn.Najafgarh New Delhi,786,regular,1,988,,https://dda.gov.in/sites/default/files/pmuday/988_786.pdf,2020-06-04,,https://dda.gov.in/delineated-boundary
844,Raju Park C-1 Block Khanpur New Delhi-62,787,regular,1,1529,,https://dda.gov.in/sites/default/files/pmuday/1529_787.pdf,2020-06-17,,https://dda.gov.in/delineated-boundary
845,"Risal Vihar Chhawla Extn Najafgarh,Delhi",790,regular,1,1442,https://dda.gov.in/sites/default/files/pmuday/1442_790.pdf,,2020-01-06,,https://dda.gov.in/delineated-boundary
846,East Mandoli Extn.Harijan Basti D- Block Delhi- 93,791,regular,1,89,,https://dda.gov.in/sites/default/files/pmuday/89_791.pdf,2020-03-12,,https://dda.gov.in/delineated-boundary
847,"Suraj Vihar and Bajaj Enclave Extn. N G Road, Uttam Nagar",793,regular,0,906,,,2020-06-03,,https://dda.gov.in/delineated-boundary
848,Vijay Park -(Left Out Portion) Maujpur Delhi-53,794,regular,1,54,,https://dda.gov.in/sites/default/files/pmuday/54_794.pdf,2020-03-11,,https://dda.gov.in/delineated-boundary
849,Parwana Lane Under Hill Road Delhi-54,795,regular,1,700,,https://dda.gov.in/sites/default/files/pmuday/700_795.pdf,2020-05-29,,https://dda.gov.in/delineated-boundary
850,Vishu Vihar V-Block Sect-A Uttam Nagar,797,regular,1,448,,https://dda.gov.in/sites/default/files/pmuday/448_797.pdf,2020-05-22,,https://dda.gov.in/delineated-boundary
851,Panchseel Colony F- Block Mahavir Enclave -III New Delhi-59,798,regular,1,1511,,https://dda.gov.in/sites/default/files/pmuday/1511_798.pdf,2020-06-17,,https://dda.gov.in/delineated-boundary
852,Surat Vihar Block A B C Mubarakpur Dabas Delhi-81,799,regular,1,1037,,https://dda.gov.in/sites/default/files/pmuday/1037_799.pdf,2020-06-05,,https://dda.gov.in/delineated-boundary
853,Madhu ViharDelhi-92,800,regular,1,1007,,https://dda.gov.in/sites/default/files/pmuday/1007_800.pdf,2020-06-05,,https://dda.gov.in/delineated-boundary
854,Pratap Vihar Part-3 Nangloi Delhi-41,801,regular,1,1102,,https://dda.gov.in/sites/default/files/pmuday/1102_801.pdf,2020-06-08,,https://dda.gov.in/delineated-boundary
855,Mahavir Vihar Kanjhawala Delhi-81,802,regular,1,1059,https://dda.gov.in/sites/default/files/pmuday/1059_802.pdf,,2019-12-15,,https://dda.gov.in/delineated-boundary
856,Hari Nagar Extn. N_ Block Jaitpur Badarpur New Delhi,803,regular,1,1174,,https://dda.gov.in/sites/default/files/pmuday/1174_803.pdf,2020-06-10,,https://dda.gov.in/delineated-boundary
857,Surya Kunj Bahadurgarh Road Najafgarh Delhi- 43,804,regular,1,367,,https://dda.gov.in/sites/default/files/pmuday/367_804.pdf,2020-05-20,,https://dda.gov.in/delineated-boundary
858,Hari Nagar colony Pt-II D- Block Badarpur New Delhi,805,regular,1,1362,,https://dda.gov.in/sites/default/files/pmuday/1362_805.pdf,2020-06-16,,https://dda.gov.in/delineated-boundary
859,Sangam vihar L-Block ( Pkt-1) New Delhi-62,806-A,regular,1,738,,https://dda.gov.in/sites/default/files/pmuday/738_806_A.pdf,2020-05-29,,https://dda.gov.in/delineated-boundary
860,"Sangam vihar L-Block ( Pkt-1, 2 ,3, 4,) New Delhi- 62",806-B,regular,1,739,https://dda.gov.in/sites/default/files/pmuday/739_806_B.pdf,,2019-12-07,,https://dda.gov.in/delineated-boundary
861,Shiv Puri West Sagarpur New Delhi-46,807,regular,1,597,https://dda.gov.in/sites/default/files/pmuday/597_807.pdf,,2019-12-04,,https://dda.gov.in/delineated-boundary
862,Shastri Park Extn.Nathu Pura More Burari Delhi-84,808-A,regular,1,157,,https://dda.gov.in/sites/default/files/pmuday/157_808%20A.pdf,2020-04-23,"(1) REGD. NO.1487_Shastri Park Extn., Nathupura More, Burari, Delhi-84",https://dda.gov.in/delineated-boundary
863,Shastri Park Extn.Nathu Pura More Burari Delhi-84,808-B,regular,0,1659,,,2020-04-27,"BOUNDARY OF COLONY CAN NOT BE DELINEATED AS PER ""SOP"" (""Shapefile"" of the colony is not available)",https://dda.gov.in/delineated-boundary
864,Kamal Vihar Kamal Pur Burari Delhi-84,809,regular,1,184,,https://dda.gov.in/sites/default/files/pmuday/184_809.pdf,2020-04-23,,https://dda.gov.in/delineated-boundary
865,"Dr. Ambedkar Colony (A& B-Block) Johri Pu8r Extn.,Delhi-94",810,regular,1,236,,https://dda.gov.in/sites/default/files/pmuday/MAP%20236_810.pdf,2020-05-16,(1) REGD. NO. 997 B_Dagarpur Mohalla (B-4) Jauhripur Delhi-94,https://dda.gov.in/delineated-boundary
866,Bharat Vihar C- Block Kakrola Extn.Kakrola,811,regular,1,1097,,https://dda.gov.in/sites/default/files/pmuday/1097_811.pdf,2020-06-08,,https://dda.gov.in/delineated-boundary
867,Vardhman Vihar U & F Block New Roshan Pura Extn Najafgarh,812,regular,1,994,,https://dda.gov.in/sites/default/files/pmuday/994_812.pdf,2020-06-04,,https://dda.gov.in/delineated-boundary
868,Sangam Vihar F-3 Block New Delhi-62,813,regular,1,1260,,https://dda.gov.in/sites/default/files/pmuday/1260_813.pdf,2020-06-12,,https://dda.gov.in/delineated-boundary
869,Tilak Enclave A- Block Mohan Garden New Delhi-59,814,regular,1,791,,https://dda.gov.in/sites/default/files/pmuday/791_814.pdf,2020-06-01,,https://dda.gov.in/delineated-boundary
870,Shiv Ram Park B-1 Block Nangloi Najafgah Nangloi Road Delhi-41,815,regular,1,1377,,https://dda.gov.in/sites/default/files/pmuday/1377_815.pdf,2020-06-16,,https://dda.gov.in/delineated-boundary
871,"Arjun park Colony Near Nangli Dairy Najafgarh Road, New Delhi",816,regular,1,1347,,https://dda.gov.in/sites/default/files/pmuday/1347_816.pdf,2020-06-15,,https://dda.gov.in/delineated-boundary
872,"Mohan Garden Block,A-1,Q1 Q J K & Bhagwati Garden Extn Block E Delhi-57",817,regular,1,801,,https://dda.gov.in/sites/default/files/pmuday/801_817.pdf,2020-06-01,,https://dda.gov.in/delineated-boundary
873,"Nehru Garden Colony, New Roshan Pura, Najafgarh, Delhi (LOP)",818,regular,1,993,,https://dda.gov.in/sites/default/files/pmuday/993_818.pdf,2020-06-04,,https://dda.gov.in/delineated-boundary
874,Mahavir Colony Alipur Road Bhorgarh Narela Delhi- 40,819-A,regular,1,502,,https://dda.gov.in/sites/default/files/pmuday/502_819_A.pdf,2020-05-22,,https://dda.gov.in/delineated-boundary
875,Jagjeevan Ram Colony,819-B,regular,1,300,,https://dda.gov.in/sites/default/files/pmuday/300_819_B.pdf,2020-05-18,,https://dda.gov.in/delineated-boundary
876,"Molar Band Extn.E-I Block Badarpur,Delhi",820,regular,1,1370,,https://dda.gov.in/sites/default/files/pmuday/1370_820.pdf,2020-06-16,,https://dda.gov.in/delineated-boundary
877,Kadi Vihar Near Nathupura Delhi-36,821-A,regular,1,128,,https://dda.gov.in/sites/default/files/pmuday/128_821.pdf,2020-04-23,(1) REGD. NO.27-(LOP)_Kadi Vihar Extn. Delhi 36,https://dda.gov.in/delineated-boundary
878,Kadi Vihar Near Nathupura Delhi-36,821-B,regular,1,128,,https://dda.gov.in/sites/default/files/pmuday/128_821.pdf,2020-04-23,(1) REGD. NO.27-(LOP)_Kadi Vihar Extn. Delhi 36,https://dda.gov.in/delineated-boundary
879,Agar Nagar F- Block Prem Nagar -III Delhi-41,822,regular,1,1041,,https://dda.gov.in/sites/default/files/pmuday/1041_822.pdf,2020-06-05,,https://dda.gov.in/delineated-boundary
880,Mohan garden S- Extn. Uttam Nagar Delhi-59,823,regular,1,799,,https://dda.gov.in/sites/default/files/pmuday/799_823.pdf,2020-06-01,,https://dda.gov.in/delineated-boundary
881,Left out Portion of School Block Shakarpur Delhi 92,824,regular,1,1029,,https://dda.gov.in/sites/default/files/pmuday/1029_824.pdf,2020-06-05,,https://dda.gov.in/delineated-boundary
882,Shiv Ram park Ext.Nangloi Najafgarh Road Delhi-41,825,regular,1,608,,https://dda.gov.in/sites/default/files/pmuday/608_825.pdf,2020-05-26,,https://dda.gov.in/delineated-boundary
883,New Roshanpura Colony S- Block Najafgarh New Delhi-43,826,regular,1,997,,https://dda.gov.in/sites/default/files/pmuday/997_826.pdf,2020-06-04,,https://dda.gov.in/delineated-boundary
884,"Chilla Saroda Extn. Near Mayur Vihar, Ph- I,Delhi-110091",827,regular,0,1660,,,2020-04-27,"BOUNDARY OF COLONY CAN NOT BE DELINEATED AS PER ""SOP"" (""Shapefile"" of the colony is not available)",https://dda.gov.in/delineated-boundary
885,"Chetan Vihar (Gopal Nagar Extn.) Dhansa Road Najafgarh,Delhi",828,regular,1,395,,https://dda.gov.in/sites/default/files/pmuday/395_828.pdf,2020-05-20,,https://dda.gov.in/delineated-boundary
886,Rajni Vihar Begum Pur Extn. Barwala Road Delhi- 41,829-A,regular,1,932,,https://dda.gov.in/sites/default/files/pmuday/932_829.pdf,2020-06-04,,https://dda.gov.in/delineated-boundary
887,Rajni Vihar Begum Pur Extn. Barwala Road Delhi- 41,829-B,regular,1,932,,https://dda.gov.in/sites/default/files/pmuday/932_829.pdf,2020-06-04,,https://dda.gov.in/delineated-boundary
888,"Amar Colony C- Block, East Gokal Pur Delhi-94",830,regular,1,265,https://dda.gov.in/sites/default/files/pmuday/265_830.pdf,,2019-12-01,,https://dda.gov.in/delineated-boundary
889,"Molar Band Extn.Block ABC D ( Gali No.1-25) Badarpur,Delhi",831,regular,1,1232,,https://dda.gov.in/sites/default/files/pmuday/1232_831.pdf,2020-06-12,,https://dda.gov.in/delineated-boundary
890,Shiv Park Khanpur Extn.New Delhi-62,832,regular,1,1100,,https://dda.gov.in/sites/default/files/pmuday/1100_832.pdf,2020-06-08,,https://dda.gov.in/delineated-boundary
891,"Shyam Vihar Phase-II, (Behind Pooja Pipe Factory) Najafgarh Delhi-43",833,regular,1,822,,https://dda.gov.in/sites/default/files/pmuday/822_1283.pdf,2020-06-02,"(1) REGD. NO.1599_Tilak Enclave, Mohan Garden, Uttam Nagar",https://dda.gov.in/delineated-boundary
892,Vijay Enclave A B Block Dabri Palam Road New Delhi-45,834,regular,1,430,,https://dda.gov.in/sites/default/files/pmuday/430_834.pdf,2020-05-20,,https://dda.gov.in/delineated-boundary
893,Rani Garden ( Ambedkar Park) Sastri Nagar Delhi-31,835,regular,1,1019,,https://dda.gov.in/sites/default/files/pmuday/1019_835.pdf,2020-06-05,,https://dda.gov.in/delineated-boundary
894,"Mohan Garden R-3 B Block Uttam Nagar,New Delhi",836,regular,1,825,,https://dda.gov.in/sites/default/files/pmuday/825_384.pdf,2020-06-02,,https://dda.gov.in/delineated-boundary
895,"Awtar Vihar Mohan Garden, S- Block Uttam Nagar,New Delhi",837,regular,1,802,,https://dda.gov.in/sites/default/files/pmuday/802_837.pdf,2020-06-01,,https://dda.gov.in/delineated-boundary
896,Parvesh Nagar Mubarakpur Dabas Delhi-81,838,regular,1,1040,,https://dda.gov.in/sites/default/files/pmuday/1040_838.pdf,2020-06-05,,https://dda.gov.in/delineated-boundary
897,"Samalka Extn.(East) Telephone Exchange Road Samalka,New Delhi",839,regular,1,1465,,https://dda.gov.in/sites/default/files/pmuday/1465_839.pdf,2020-06-17,,https://dda.gov.in/delineated-boundary
898,"Hari Nagar Part-II E- Block, Badarpur,New Delhi",841,regular,1,1194,,https://dda.gov.in/sites/default/files/pmuday/1194_841.pdf,2020-06-10,,https://dda.gov.in/delineated-boundary
899,Harit Vihar Kamalpur Burari Delhi-84,843,regular,1,188,,https://dda.gov.in/sites/default/files/pmuday/188_843.pdf,2020-04-23,,https://dda.gov.in/delineated-boundary
900,Harit Vihar Kamalpur Burari Delhi-84,843-A,regular,1,188,,https://dda.gov.in/sites/default/files/pmuday/188_843.pdf,2020-04-23,,https://dda.gov.in/delineated-boundary
901,Harit Vihar Kamalpur Burari Delhi-84,843-B,regular,1,188,,https://dda.gov.in/sites/default/files/pmuday/188_843.pdf,2020-04-23,,https://dda.gov.in/delineated-boundary
902,Satya Vihar( Kamal Pur) Burari Delhi-84,845,regular,1,162,,https://dda.gov.in/sites/default/files/pmuday/162_845.pdf,2020-04-23,(1) REGD. NO. 845A_Satya Vihar( Kamal Pur) Burari Delhi-84,https://dda.gov.in/delineated-boundary
903,Satya Vihar( Kamal Pur) Burari Delhi-84,845-A,regular,1,162,,https://dda.gov.in/sites/default/files/pmuday/162_845.pdf,2020-04-23,(1) REGD. NO. 845A_Satya Vihar( Kamal Pur) Burari Delhi-84,https://dda.gov.in/delineated-boundary
904,Mithapur Extn.Part-III New Delhi-44,847,regular,1,1228,,https://dda.gov.in/sites/default/files/pmuday/1228_847.pdf,2020-06-12,,https://dda.gov.in/delineated-boundary
905,Sangam Vihar Block K-I New Delhi-62,848,regular,1,862,,https://dda.gov.in/sites/default/files/pmuday/862_848.pdf,2020-06-02,,https://dda.gov.in/delineated-boundary
906,"New Roshanpura Extn.Part-II(Prem Nagar 'G' Block) Najafgarh,Delhi",849,regular,1,978,,https://dda.gov.in/sites/default/files/pmuday/978_849.pdf,2020-06-04,"(1)1277 Prem nagar Najafgarh G- Block & G-1,Delhi",https://dda.gov.in/delineated-boundary
907,"Mahavir Enclave D-1A Block D & F Block Part-I, New Delhi",850,regular,1,838,,https://dda.gov.in/sites/default/files/pmuday/838_389.pdf,2020-06-02,"(1) REGD. NO.389 A_Mohan Garden G-Block Extn.,R.K. Block Extn., Bhagwati Garden Extn.",https://dda.gov.in/delineated-boundary
908,"Vijay Enclave B-1/B-2 Block, Palam Dabri Road New Delhi-45",852,regular,1,429,,https://dda.gov.in/sites/default/files/pmuday/429_852.pdf,2020-05-20,,https://dda.gov.in/delineated-boundary
909,Old Roshanpura Extn.C- Block Najafgarh,853,regular,1,987,,https://dda.gov.in/sites/default/files/pmuday/987_853.pdf,2020-06-04,,https://dda.gov.in/delineated-boundary
910,Uzala Harijan Colony Santi Road Qutab Garh Delhi-39,854,regular,0,886,,,2020-06-03,,https://dda.gov.in/delineated-boundary
911,"Hari Nagar Extn. M- Block, Saurabh Vihar Badarpur, New Delhi",855,regular,1,1203,,https://dda.gov.in/sites/default/files/pmuday/1203_855.pdf,2020-06-12,,https://dda.gov.in/delineated-boundary
912,Shyam Kunj Colony Tikri Khurd Delhi-40,856,regular,1,298,,https://dda.gov.in/sites/default/files/pmuday/298_856.pdf,2020-05-18,,https://dda.gov.in/delineated-boundary
913,Indra Puri -(Harijan Basti) Kakardooma Delhi-92,857,regular,1,103,https://dda.gov.in/sites/default/files/pmuday/103_857.pdf,,2019-11-25,,https://dda.gov.in/delineated-boundary
914,"Ramesh Nagar Bawana ,Near Harijan Basti, Delhi-39",858,regular,0,1664,,,2020-04-27,"BOUNDARY OF COLONY CAN NOT BE DELINEATED AS PER ""SOP"" (""Shapefile"" of the colony is not available)",https://dda.gov.in/delineated-boundary
915,"Palam Apt.Bijwasan,Najafgarh Delhi-61",859,regular,1,846,,https://dda.gov.in/sites/default/files/pmuday/846_89.pdf,2020-06-02,,https://dda.gov.in/delineated-boundary
916,Adarsh Enclave Aya Nagar Extn. New Delhi,860,regular,1,455,,https://dda.gov.in/sites/default/files/pmuday/455_860.pdf,2020-08-14,"(1) 29-(LOP) B-1, Block Bandh Road Village, Aya Nagar New Delhi",https://dda.gov.in/delineated-boundary
917,"Rajdhani Park S- Block, Rohtak Road Nangloi Delhi-41",861,regular,1,1435,,https://dda.gov.in/sites/default/files/pmuday/1435_861.pdf,2020-06-16,,https://dda.gov.in/delineated-boundary
918,Kushak No-I B- Block Kadipur Village Delhi-36,862,regular,1,127,,https://dda.gov.in/sites/default/files/pmuday/127_862.pdf,2020-04-23,"(1) REGD. NO.17-(ELD)_Extended Abadi of Kushak No-1, Village KadiPur, Delhi-36",https://dda.gov.in/delineated-boundary
919,Sushila Garden Mandoli Delhi-93,863-A,regular,1,1310,,https://dda.gov.in/sites/default/files/pmuday/1310_863.pdf,2020-06-15,,https://dda.gov.in/delineated-boundary
920,Sushila Garden Mandoli Delhi-93,863-B,regular,1,1310,,https://dda.gov.in/sites/default/files/pmuday/1310_863.pdf,2020-06-15,,https://dda.gov.in/delineated-boundary
921,West Block Friends Enclave Extn.Mundka Delhi-41,864-A,regular,1,301,,https://dda.gov.in/sites/default/files/pmuday/301_864.pdf,2020-05-18,"(1) REGD. NO.864 A_West Block Friends Enclave Extn.Mundka Delhi-41 (2) REGD. NO.178_West Block, Friends Enclave, Mundka, Delhi-41",https://dda.gov.in/delineated-boundary
922,West Block Friends Enclave Extn.Mundka Delhi-41,864-B,regular,1,301,,https://dda.gov.in/sites/default/files/pmuday/301_864.pdf,2020-05-18,"(1) REGD. NO.864 A_West Block Friends Enclave Extn.Mundka Delhi-41 (2) REGD. NO.178_West Block, Friends Enclave, Mundka, Delhi-41",https://dda.gov.in/delineated-boundary
923,"Sangam Vihar K- Block Near Batra Hospital M.B.Road, Delhi-62",865,regular,1,857,,https://dda.gov.in/sites/default/files/pmuday/857_865.pdf,2020-06-02,,https://dda.gov.in/delineated-boundary
924,"New Roshnapura Extn. O- Block Najafgarh, Delhi",867,regular,1,998,,https://dda.gov.in/sites/default/files/pmuday/998_867.pdf,2020-06-04,,https://dda.gov.in/delineated-boundary
925,Sangam Vihar G- Block- N.D-62,868,regular,1,1418,,https://dda.gov.in/sites/default/files/pmuday/1418_868.pdf,2020-06-16,,https://dda.gov.in/delineated-boundary
926,Kailash Puri- B- Block Palam Colony N.Delhi-45,869,regular,1,593,,https://dda.gov.in/sites/default/files/pmuday/593_869.pdf,2020-05-26,,https://dda.gov.in/delineated-boundary
927,"Shiv Ram Park D E F Block, Nangloi",870,regular,1,605,,https://dda.gov.in/sites/default/files/pmuday/605_870.pdf,2020-05-26,,https://dda.gov.in/delineated-boundary
928,Sainik Vihar Mohan Garden New Delhi,871,regular,1,794,,https://dda.gov.in/sites/default/files/pmuday/794_871.pdf,2020-06-01,,https://dda.gov.in/delineated-boundary
929,"Mange Ram park Extn.Pooth Kalan Rohini,Sector-23, Delhi-41",872,regular,1,936,,https://dda.gov.in/sites/default/files/pmuday/936_872.pdf,2020-06-04,,https://dda.gov.in/delineated-boundary
930,"Sangam Vihar Block C, Part-II Delhi-62",873,regular,1,1517,,https://dda.gov.in/sites/default/files/pmuday/1517_873.pdf,2020-06-17,,https://dda.gov.in/delineated-boundary
931,Shaheed Bhagat Singh Colony West Karawal Nagar Delhi-94,874,regular,1,204,,https://dda.gov.in/sites/default/files/pmuday/MAP%20204_874.pdf,2020-05-16,,https://dda.gov.in/delineated-boundary
932,Durgapuri Dwarikapuri Vijay Enclave Dabri Palam Road Delhi-45,875,regular,1,426,,https://dda.gov.in/sites/default/files/pmuday/426_875.pdf,2020-05-20,,https://dda.gov.in/delineated-boundary
933,Krishna Block Tirthankar Nagar Jain colony Karala Delhi-81,876,regular,1,1421,,https://dda.gov.in/sites/default/files/pmuday/1421_876.pdf,2020-06-16,,https://dda.gov.in/delineated-boundary
934,Tigri Extn.Ph-II New Delhi-62,877,regular,1,582,,https://dda.gov.in/sites/default/files/pmuday/582_877.pdf,2020-05-26,,https://dda.gov.in/delineated-boundary
935,New Ashok Nagar Block E & E D -(D & E) New Delhi-96,878,regular,1,115,,https://dda.gov.in/sites/default/files/pmuday/115_878.pdf,2020-04-23,,https://dda.gov.in/delineated-boundary
936,Nilothi Extn.Nangloi Delhi-41,879,regular,1,920,https://dda.gov.in/sites/default/files/pmuday/920_879.pdf,,2019-12-11,,https://dda.gov.in/delineated-boundary
937,Tuglakabad Extn.New Delhi-19,880,regular,0,871,,,2020-06-03,"(1)1493 Tuglakabad Extn. T.A. Block, New Delhi-19",https://dda.gov.in/delineated-boundary
938,Shiv vihar Prem Nagar G- Block Paprawat Road Najafgarh,881,regular,1,979,,https://dda.gov.in/sites/default/files/pmuday/979_881.pdf,2020-06-04,,https://dda.gov.in/delineated-boundary
939,"Arjun Park Najafgarh Road, New Delhi",882,regular,1,850,,https://dda.gov.in/sites/default/files/pmuday/850_882.pdf,2020-06-02,"(1) 816 Arjun park Colony Near Nangli Dairy Najafgarh Road, New Delhi",https://dda.gov.in/delineated-boundary
940,Dharampura Extn.D Block Kakrola Road Najafgarh New Delhi,883-A,regular,1,775,,https://dda.gov.in/sites/default/files/pmuday/775_883.pdf,2020-06-01,,https://dda.gov.in/delineated-boundary
941,Dharampura Extn.D Block Kakrola Road Najafgarh New Delhi,883-B,regular,1,775,,https://dda.gov.in/sites/default/files/pmuday/775_883.pdf,2020-06-01,,https://dda.gov.in/delineated-boundary
942,Rajiv Nagar Mandoli New Delhi-93,884-A,regular,1,1314,,https://dda.gov.in/sites/default/files/pmuday/1314_884.pdf,2020-06-15,,https://dda.gov.in/delineated-boundary
943,Rajiv Nagar Mandoli New Delhi-93,884-B,regular,1,1314,,https://dda.gov.in/sites/default/files/pmuday/1314_884.pdf,2020-06-15,,https://dda.gov.in/delineated-boundary
944,"Situpuri Part-II, G & H Block, Dabri, Delhi-45",885,regular,1,555,,https://dda.gov.in/sites/default/files/pmuday/555_885.pdf,2020-05-23,,https://dda.gov.in/delineated-boundary
945,Maharani Enclave Uttam Nagar New Delhi-59,886,regular,1,781,,https://dda.gov.in/sites/default/files/pmuday/781_886.pdf,2020-06-01,,https://dda.gov.in/delineated-boundary
946,"Raj Nagar Part-2 H- Block palam Colony,New Delhi",887,regular,1,409,,https://dda.gov.in/sites/default/files/pmuday/409_887.pdf,2020-05-20,,https://dda.gov.in/delineated-boundary
947,"Krishan Colony Prahlad Vihar Rohini,Delhi",888,regular,1,509,,https://dda.gov.in/sites/default/files/pmuday/509_888.pdf,2020-05-22,,https://dda.gov.in/delineated-boundary
948,Budh Vihar Ph-II Extn.Delhi-41,889,regular,0,879,,,2020-06-03,,https://dda.gov.in/delineated-boundary
949,"Jaitpur Extn.Part-II Badarpur, New Delhi-44",890,regular,1,1216,https://dda.gov.in/sites/default/files/pmuday/1216_890.pdf,,2019-12-16,,https://dda.gov.in/delineated-boundary
950,Bharat Vihar Raja puri Uttam Nagar New Delhi- 43,891,regular,1,564,,https://dda.gov.in/sites/default/files/pmuday/564_891.pdf,2020-05-26,,https://dda.gov.in/delineated-boundary
951,"Neekanth Enclave, Najafgarh, New Delhi-43 (LOP)",892,regular,1,882,https://dda.gov.in/sites/default/files/pmuday/882_218.pdf,,2019-12-11,,https://dda.gov.in/delineated-boundary
952,Uttam Nagar U- Block Bindapur Matiyala Road New Delhi-59,893,regular,1,493,,https://dda.gov.in/sites/default/files/pmuday/493_893.pdf,2020-05-22,,https://dda.gov.in/delineated-boundary
953,Dr.Ambedkar Nagar Extn.Haiderpur Delhi-88,894,regular,1,1525,,https://dda.gov.in/sites/default/files/pmuday/1525_894.pdf,2020-06-17,,https://dda.gov.in/delineated-boundary
954,"Haibatpura Extn Near Anaj Mandi Bahadurgarh Road Najafgarh,Delhi",895,regular,1,389,,https://dda.gov.in/sites/default/files/pmuday/389_895.pdf,2020-05-20,,https://dda.gov.in/delineated-boundary
955,"Aradhana Enclave Gopal Nagar Extn.Najafgarh,New Delhi",896,regular,1,751,,https://dda.gov.in/sites/default/files/pmuday/751_896.pdf,2020-06-01,,https://dda.gov.in/delineated-boundary
956,Khirki Extn.Malviya Nagar N.D-17,897,regular,1,1069,,https://dda.gov.in/sites/default/files/pmuday/1069_897.pdf,2020-06-08,"(1) REGD. NO.1347_Mohalla Jahapanah Hauz Rani, Malviya Nagar, Delhi-17",https://dda.gov.in/delineated-boundary
957,"Sitapuri , Pankah Road New Delhi",899,regular,1,551,,https://dda.gov.in/sites/default/files/pmuday/551_899.pdf,2020-05-23,,https://dda.gov.in/delineated-boundary
958,Sri Ganga Vihar Colony DinDar Pur Najafgarh,900,regular,1,544,https://dda.gov.in/sites/default/files/pmuday/544_900.pdf,,2019-12-04,,https://dda.gov.in/delineated-boundary
959,Samalka Extn.Kapashera Chowk Najafgarh Road,901,regular,1,1466,https://dda.gov.in/sites/default/files/pmuday/1466_901.pdf,,2020-01-06,,https://dda.gov.in/delineated-boundary
960,"Utsav Vihar, Karala,Delhi-81",902,regular,0,879,,,2020-06-03,,https://dda.gov.in/delineated-boundary
961,"Mohan Garden Defence Enclave Part-II Uttam Nagar ,New Delhi.",903,regular,1,814,,https://dda.gov.in/sites/default/files/pmuday/814_903.pdf,2020-06-02,,https://dda.gov.in/delineated-boundary
962,Saroop Nagar Extn.W X Y Z Block Pt-II East Village Libaspur Delhi-42,904,regular,1,196,,https://dda.gov.in/sites/default/files/pmuday/MAP%20196_904.pdf,2020-04-23,"(1) REGD. NO. 49-(LOP)W,X,Y,Z - Block Extn. Swaroop Nagar Delhi 42",https://dda.gov.in/delineated-boundary
963,"Saroop Nagar Block A B C D E F G H H1,I G.T.Road Libaspur Delhi-42",905,regular,1,197,,https://dda.gov.in/sites/default/files/pmuday/MAP%20197_905.pdf,2020-04-23,,https://dda.gov.in/delineated-boundary
964,Sainik Enclave Sec-5 Mohan Garden Uttam nagar New Delhi-59,906,regular,1,796,,https://dda.gov.in/sites/default/files/pmuday/796_906.pdf,2020-06-01,,https://dda.gov.in/delineated-boundary
965,Chander Vihar Mandawali Fazalpur Extn.Delhi- 92,907,regular,1,1014,,https://dda.gov.in/sites/default/files/pmuday/1014_907.pdf,2020-06-05,"(1) REGD. NO.1079_Uttariya School Block Mandawali Fazalpur Extn. Kalyan Marg, Delhi-92",https://dda.gov.in/delineated-boundary
966,Pul Pahladpur M. B.Road N.D-44,908,regular,1,851,,https://dda.gov.in/sites/default/files/pmuday/851_908.pdf,2020-06-02,,https://dda.gov.in/delineated-boundary
967,Sethi Enclave Pt-I Near Chandni Farm Mohan Garden Delhi-59,909,regular,1,804,,https://dda.gov.in/sites/default/files/pmuday/804_909.pdf,2020-06-01,,https://dda.gov.in/delineated-boundary
968,Old Jasola Village Badarpur N.D-25,910,regular,1,1179,https://dda.gov.in/sites/default/files/pmuday/1179_910.pdf,,2019-12-16,,https://dda.gov.in/delineated-boundary
969,Kamal Vihar Extn.Karawal nagar Delhi-94,911,regular,1,288,,https://dda.gov.in/sites/default/files/pmuday/288_911.pdf,2020-05-18,,https://dda.gov.in/delineated-boundary
970,"Vikas Nagar Extn.B & C Block Baba Sayed Marg Hastsal Village ,Delhi",913,regular,1,689,,https://dda.gov.in/sites/default/files/pmuday/689_913.pdf,2020-05-27,,https://dda.gov.in/delineated-boundary
971,Duggal Housing Complex School Road Khanpur New Delhi-62,914,regular,1,1526,,https://dda.gov.in/sites/default/files/pmuday/1526_914.pdf,2020-06-17,,https://dda.gov.in/delineated-boundary
972,Amar Colony-(C D E & K Block) Rohtak Road,915,regular,1,903,https://dda.gov.in/sites/default/files/pmuday/903_1268.pdf,,2019-12-11,,https://dda.gov.in/delineated-boundary
973,Shiv Nagar New Roshanpura Najafgarh New Delhi-43,917,regular,0,899,,,2020-06-03,,https://dda.gov.in/delineated-boundary
974,Ishwar Colony Bawana New Delhi-39,918,regular,1,517,https://dda.gov.in/sites/default/files/pmuday/517_918.pdf,,2019-12-04,,https://dda.gov.in/delineated-boundary
975,"Deendarpur Extn.Najafgarh, Delhi",919,regular,1,539,https://dda.gov.in/sites/default/files/pmuday/539_919.pdf,,2019-12-04,,https://dda.gov.in/delineated-boundary
976,"Deendarpur Extn.Najafgarh, Delhi",919-A,regular,1,539,https://dda.gov.in/sites/default/files/pmuday/539_919.pdf,,2019-12-04,,https://dda.gov.in/delineated-boundary
977,Nangli Vihar Colony Near Nangli Dairy Najafgarh New Delhi-43,920,regular,0,900,,,2020-06-03,,https://dda.gov.in/delineated-boundary
978,Sangam Vihar A- Block New Delhi-62,921,regular,1,585,https://dda.gov.in/sites/default/files/pmuday/585_921.pdf,,2019-12-04,"(1) Sangam Vihar, A-Block, New Delhi-62",https://dda.gov.in/delineated-boundary
979,West Vinod Nagar D- Block Delhi-92,922,regular,1,1394,https://dda.gov.in/sites/default/files/pmuday/1394_922.pdf,,2020-01-06,,https://dda.gov.in/delineated-boundary
980,Sher Singh Enclave Karala Delhi-81,923,regular,1,885,,https://dda.gov.in/sites/default/files/pmuday/885_923.pdf,2020-06-03,"(1)590 Rajeev Nagar, Begampur, Ph-3, Main Kanjhawala Road,Delhi-41 (2)961 Rajiv Nagar Begum Pur Ph-II Delhi-41",https://dda.gov.in/delineated-boundary
981,Rani garden Extn.Shastri Nagar Delhi-31,924,regular,1,1023,,https://dda.gov.in/sites/default/files/pmuday/1023_924.pdf,2020-06-05,,https://dda.gov.in/delineated-boundary
982,Laxmi park Nangloi Delhi-41,925,regular,1,346,,https://dda.gov.in/sites/default/files/pmuday/346_925.pdf,2020-05-18,,https://dda.gov.in/delineated-boundary
983,Mahavir Enclave G H Block Ph-I Palam Dabri Road Delhi-45,926,regular,1,442,,https://dda.gov.in/sites/default/files/pmuday/442_926.pdf,2020-05-22,,https://dda.gov.in/delineated-boundary
984,"Niyadhar Enclave Vikas Nagar Hastsal,Delhi",927,regular,1,676,,https://dda.gov.in/sites/default/files/pmuday/676_927.pdf,2020-05-27,,https://dda.gov.in/delineated-boundary
985,West kamal Vihar Near Kamal Pur Burari Delhi- 84,928,regular,1,189,,https://dda.gov.in/sites/default/files/pmuday/189_928.pdf,2020-04-23,,https://dda.gov.in/delineated-boundary
986,Nathupura D Block Burari Delhi-84,929,regular,1,149,,https://dda.gov.in/sites/default/files/pmuday/149_929.pdf,2020-04-23,,https://dda.gov.in/delineated-boundary
987,Saboli Bagh pt-I Nand Nagari Delhi-93,930,regular,1,80,,https://dda.gov.in/sites/default/files/pmuday/80_930.pdf,2020-03-11,,https://dda.gov.in/delineated-boundary
988,"Madhav Enclave Khaira Road, Najafgarh, New Delhi-43",931,regular,1,1515,,https://dda.gov.in/sites/default/files/pmuday/1515_931.pdf,2020-06-17,,https://dda.gov.in/delineated-boundary
989,"Indira Colony School Block Mandawali ,Delhi",932,regular,1,1012,,https://dda.gov.in/sites/default/files/pmuday/1012_932.pdf,2020-06-05,(1) REGD. NO.776_Mandawali East Block Fajalpur Delhi-92,https://dda.gov.in/delineated-boundary
990,"Lakhpat Colony Pt-I Mithapur Extn.Badarpur,Delhi",933-A,regular,1,1230,,https://dda.gov.in/sites/default/files/pmuday/1230_933.pdf,2020-06-12,"(1) REGD. NO.933_B_Lakhpat Colony Pt-I Mithapur Extn.Badarpur,Delhi (2) REGD. NO.1300_B_MithaPur Extn. Badarpur Delhi-36",https://dda.gov.in/delineated-boundary
991,"Lakhpat Colony Pt-I Mithapur Extn.Badarpur,Delhi",933-B,regular,1,1230,,https://dda.gov.in/sites/default/files/pmuday/1230_933.pdf,2020-06-12,"(1) REGD. NO.933_B_Lakhpat Colony Pt-I Mithapur Extn.Badarpur,Delhi (2) REGD. NO.1300_B_MithaPur Extn. Badarpur Delhi-36",https://dda.gov.in/delineated-boundary
992,Arvind Enclave Nangloi Delhi-41,936,regular,0,923,,,2020-06-03,,https://dda.gov.in/delineated-boundary
993,Geetanjali Park West Sagarpur Delhi-46,937,regular,1,651,https://dda.gov.in/sites/default/files/pmuday/651_937.pdf,,2019-12-06,,https://dda.gov.in/delineated-boundary
994,New Sanjay AmarColony Vishwas Nagar Delhi- 32,938,regular,1,97,,https://dda.gov.in/sites/default/files/pmuday/97_938.pdf,2020-03-12,,https://dda.gov.in/delineated-boundary
995,Shiv Nagar Virendra Market Raghuvir Enclave Najafgarh Delhi-43,939,regular,0,926,,,2020-06-03,,https://dda.gov.in/delineated-boundary
996,Shiv Nagar Virendra Market Raghuvir Enclave Najafgarh Delhi-43,939-A,regular,1,372,,https://dda.gov.in/sites/default/files/pmuday/372_939_A.pdf,2020-05-20,,https://dda.gov.in/delineated-boundary
997,Old Mustafabad Gali No.1 to 9 Gokalpuri Shahadra,940,regular,1,266,,https://dda.gov.in/sites/default/files/pmuday/266_940.pdf,2020-05-18,,https://dda.gov.in/delineated-boundary
998,Baba Garib Das Colony Khera Dabar Najafgarh Delhi-73,941,regular,1,705,,https://dda.gov.in/sites/default/files/pmuday/705_941.pdf,2020-05-29,,https://dda.gov.in/delineated-boundary
999,Shiv Vihar Khera Dabar Najafgarh New Delhi-73,942,regular,1,704,,https://dda.gov.in/sites/default/files/pmuday/704_942.pdf,2020-05-29,,https://dda.gov.in/delineated-boundary
1000,Rama Garden Karawal Nagar Delhi-94,943,regular,1,220,,https://dda.gov.in/sites/default/files/pmuday/MAP%20220_943.pdf,2020-05-16,,https://dda.gov.in/delineated-boundary
1001,"Sadh Nagar-II , F- Block New Delhi-45",945-A,regular,1,418,,https://dda.gov.in/sites/default/files/pmuday/418_945.pdf,2020-05-20,,https://dda.gov.in/delineated-boundary
1002,"Sadh Nagar-II , F- Block New Delhi-45",945-B,regular,1,418,,https://dda.gov.in/sites/default/files/pmuday/418_945.pdf,2020-05-20,,https://dda.gov.in/delineated-boundary
1003,"Sadh Nagar-II , F- Block New Delhi-45",945-C,regular,1,418,,https://dda.gov.in/sites/default/files/pmuday/418_945.pdf,2020-05-20,,https://dda.gov.in/delineated-boundary
1004,Rama Park Block C Uttam Nagar N.D-59,947,regular,1,828,,https://dda.gov.in/sites/default/files/pmuday/828_947.pdf,2020-06-02,(1) REGD. NO.106_Rama Park Extn. ( C-Block) Uttam Nagar,https://dda.gov.in/delineated-boundary
1005,Dharam Pura Extn.R- Block Kakrola Road Najafgarh N.D-43,948,regular,1,774,,https://dda.gov.in/sites/default/files/pmuday/774_948.pdf,2020-06-01,,https://dda.gov.in/delineated-boundary
1006,Phool bagh Place ( Shastri Park Extn) Nathupura Mode Delhi-36,951,regular,1,13,,https://dda.gov.in/sites/default/files/pmuday/13_951.pdf,2020-03-11,,https://dda.gov.in/delineated-boundary
1007,Keshav Nagar Burari Nathupura Road Delhi-36,952,regular,1,66,https://dda.gov.in/sites/default/files/pmuday/66_952.pdf,,2019-11-25,"(1) REGD. NO. 61-(LOP)_Keshav Nagar, Garhi Khusro, Burari, Delhi, (2) REGD. NO.1588_Mukti Aashram Colony, Ibrahim Pur",https://dda.gov.in/delineated-boundary
1008,Defence Enclave & Defence Enclave Pt-I Mohan Garden,954,regular,1,1502,,https://dda.gov.in/sites/default/files/pmuday/1502_954.pdf,2020-06-17,,https://dda.gov.in/delineated-boundary
1009,Raghubir Block Prem Nagar Najafgarh Paprawat Road,955,regular,1,767,,https://dda.gov.in/sites/default/files/pmuday/767_955.pdf,2020-06-01,,https://dda.gov.in/delineated-boundary
1010,"Durga Vihar Ph-II Najafgarh,Delhi",956,regular,1,543,,https://dda.gov.in/sites/default/files/pmuday/543_956.pdf,2020-05-23,,https://dda.gov.in/delineated-boundary
1011,Govind colony Near Jhangola No.2 Alipur Delhi- 36,957,regular,1,276,,https://dda.gov.in/sites/default/files/pmuday/276_957.pdf,2020-05-18,,https://dda.gov.in/delineated-boundary
1012,"Amar Colony B- Block, Purvi Gokulpuri Delhi-94",958,regular,1,267,,https://dda.gov.in/sites/default/files/pmuday/267_958.pdf,2020-05-18,,https://dda.gov.in/delineated-boundary
1013,Vijay Enclave A-1 Block Palam Dabri Delhi-45,959,regular,1,431,,https://dda.gov.in/sites/default/files/pmuday/431_959.pdf,2020-05-20,,https://dda.gov.in/delineated-boundary
1014,"Shiv Park Kakrola, Old Palam Road Delhi",960,regular,1,1098,https://dda.gov.in/sites/default/files/pmuday/1098_960.pdf,,2019-12-16,,https://dda.gov.in/delineated-boundary
1015,Rajiv Nagar Begum Pur Ph-II Delhi-41,961,regular,1,1423,,https://dda.gov.in/sites/default/files/pmuday/1423_961.pdf,2020-06-16,,https://dda.gov.in/delineated-boundary
1016,"West Gopal Nagar Ph-II Surakh Pur Road Najafgarh,Delhi",963,regular,1,385,,https://dda.gov.in/sites/default/files/pmuday/385_963.pdf,2020-05-20,,https://dda.gov.in/delineated-boundary
1017,Pratap Gandas Colony-I Village Kishangarh Delhi-70,965,regular,1,1489,,https://dda.gov.in/sites/default/files/pmuday/1489_965.pdf,2020-06-17,,https://dda.gov.in/delineated-boundary
1018,Ruchi Vihar Nangloi Delhi-41,966,regular,1,1376,,https://dda.gov.in/sites/default/files/pmuday/1376_966.pdf,2020-06-16,,https://dda.gov.in/delineated-boundary
1019,"Bhawani Nagar Near Dinpur Najafgarh,Delhi",967,regular,1,538,,https://dda.gov.in/sites/default/files/pmuday/538_967.pdf,2020-05-23,,https://dda.gov.in/delineated-boundary
1020,Govind Vihar Karawal Nagar Delhi-94,968,regular,1,223,,https://dda.gov.in/sites/default/files/pmuday/MAP%20223_968.pdf,2020-05-16,,https://dda.gov.in/delineated-boundary
1021,Deepak Vihar Vikas Nagar Uttam Nagar Delhi-59,969,regular,1,952,,https://dda.gov.in/sites/default/files/pmuday/952_242.pdf,2020-06-04,,https://dda.gov.in/delineated-boundary
1022,Deepak Vihar Vikas Nagar Uttam Nagar Delhi-59,969-A,regular,1,1500,,https://dda.gov.in/sites/default/files/pmuday/1500_969_A.pdf,2020-06-17,,https://dda.gov.in/delineated-boundary
1023,"Prem Nagar B- Block Ph-III Najafgarh, Delhi",970,regular,1,1407,,https://dda.gov.in/sites/default/files/pmuday/1407_970.pdf,2020-06-16,,https://dda.gov.in/delineated-boundary
1024,"Mahavir Enclave H-1,H2,H4 Palam Dabri road New Delhi",971,regular,1,445,,https://dda.gov.in/sites/default/files/pmuday/445_971.pdf,2020-05-22,,https://dda.gov.in/delineated-boundary
1025,"Pratap Enclave Mohan garden, Uttam Nagar, New Delhi-59",972,regular,1,1505,,https://dda.gov.in/sites/default/files/pmuday/1505_972.pdf,2020-06-17,,https://dda.gov.in/delineated-boundary
1026,Kardam Puri Extn.Shahdara Delhi-94,973,regular,1,69,,https://dda.gov.in/sites/default/files/pmuday/69_973.pdf,2020-03-11,,https://dda.gov.in/delineated-boundary
1027,Jogabai Zakir Nagar (Okhla) New Delhi-25,974,regular,1,1083,,https://dda.gov.in/sites/default/files/pmuday/1083_974.pdf,2020-06-08,,https://dda.gov.in/delineated-boundary
1028,Jogabai Zakir Nagar (Okhla) New Delhi-25,974-A,regular,1,1083,,https://dda.gov.in/sites/default/files/pmuday/1083_974.pdf,2020-06-08,,https://dda.gov.in/delineated-boundary
1029,Prem Nagar H Block Old Khaira Road Najafgarh Delhi-43,976,regular,1,973,,https://dda.gov.in/sites/default/files/pmuday/973_976.pdf,2020-06-04,,https://dda.gov.in/delineated-boundary
1030,"Deepansu Colony Sant Nagar Burari,Delhi",977,regular,1,172,,https://dda.gov.in/sites/default/files/pmuday/172_977.pdf,2020-04-23,,https://dda.gov.in/delineated-boundary
1031,Nawada Housing Complex F- Block Uttam Nagar,979,regular,0,,,,,Boundary map pending or omitted from DDA portal table,https://dda.gov.in/sites/default/files/pmuday/1731_uc.pdf
1032,"Nanda Enclave Dhansa Road Najafgarh,Delhi",980,regular,1,398,,https://dda.gov.in/sites/default/files/pmuday/398_980.pdf,2020-05-20,,https://dda.gov.in/delineated-boundary
1033,Anand Vihar Colony Pooth Khurd Bawana Road Delhi-39,981,regular,1,512,https://dda.gov.in/sites/default/files/pmuday/512_981.pdf,,2019-12-04,,https://dda.gov.in/delineated-boundary
1034,Rattan Bagh Veena Enclave Extn.Nangloi Delhi- 41,982,regular,1,1135,,https://dda.gov.in/sites/default/files/pmuday/1135_982.pdf,2020-06-09,,https://dda.gov.in/delineated-boundary
1035,West jyoti Nagar Enclave Main Loni Road Delhi- 94,983,regular,1,269,,https://dda.gov.in/sites/default/files/pmuday/269_983.pdf,2020-05-18,,https://dda.gov.in/delineated-boundary
1036,Harijan basti Block C Gharoli Extn Delhi-96,984,regular,1,108,,https://dda.gov.in/sites/default/files/pmuday/108_984.pdf,2020-04-23,,https://dda.gov.in/delineated-boundary
1037,"East Krishna Vihar A B Block Khaira Road Najafgarh, Delhi",985,regular,1,971,,https://dda.gov.in/sites/default/files/pmuday/971_985.pdf,2020-06-04,,https://dda.gov.in/delineated-boundary
1038,Sangam Vihar I- Block Delhi-62,986,regular,1,856,,https://dda.gov.in/sites/default/files/pmuday/856_986.pdf,2020-06-02,,https://dda.gov.in/delineated-boundary
1039,Sant Nagar Block A1 Extn.Burari Road Delhi-84,987,regular,1,170,,https://dda.gov.in/sites/default/files/pmuday/170_987.pdf,2020-04-23,,https://dda.gov.in/delineated-boundary
1040,New Ashok Nagar C-II Block Delhi-96,988,regular,1,121,https://dda.gov.in/sites/default/files/pmuday/121_988.pdf,,2019-11-25,,https://dda.gov.in/delineated-boundary
1041,Laxmi Vihar Block A B C Main Najafgarh Road Near D.T.C. Dept.Najafgarh,989,regular,1,360,,https://dda.gov.in/sites/default/files/pmuday/360_989.pdf,2020-05-20,,https://dda.gov.in/delineated-boundary
1042,Shiva Enclave Hiranki Alipur Delhi-36,990,regular,1,51,,https://dda.gov.in/sites/default/files/pmuday/51_990.pdf,2020-03-11,,https://dda.gov.in/delineated-boundary
1043,"New Roshanpura(KLM Block) Najafgargh,New Delhi",991,regular,1,1000,,https://dda.gov.in/sites/default/files/pmuday/1000_991.pdf,2020-06-04,,https://dda.gov.in/delineated-boundary
1044,Qutab Garh Enclave Qutab Garh Delhi-39,992,regular,1,1101,,https://dda.gov.in/sites/default/files/pmuday/1101_992.pdf,2020-06-08,,https://dda.gov.in/delineated-boundary
1045,"Mansha Ram park -(Block A,B,C,D,D-1 and D-1 Extention ) Najafgarh Road New Delhi-59",993,regular,1,660,,https://dda.gov.in/sites/default/files/pmuday/660_993.pdf,2020-05-27,,https://dda.gov.in/delineated-boundary
1046,Mustafabad Extn.Karawal Nagar Brijpuri Road Delhi-94,995,regular,1,270,,https://dda.gov.in/sites/default/files/pmuday/270_995.pdf,2020-05-18,,https://dda.gov.in/delineated-boundary
1047,Dagarpur Mohalla (B-4) Jauhripur Delhi-94,997-A,regular,1,1341,,https://dda.gov.in/sites/default/files/pmuday/1341_997%20A.pdf,2020-06-15,,https://dda.gov.in/delineated-boundary
1048,Dagarpur Mohalla (B-4) Jauhripur Delhi-94,997-B,regular,1,1342,,https://dda.gov.in/sites/default/files/pmuday/1342_997%20B.pdf,2020-06-15,,https://dda.gov.in/delineated-boundary
1049,"Prem Nagar Ph-1,2,4 Thana Road Najafgarh, Delhi",998,regular,1,762,,https://dda.gov.in/sites/default/files/pmuday/762_998.pdf,2020-06-01,"(1) REGD. NO.970_Prem Nagar B- Block Ph-III Najafgarh, Delhi",https://dda.gov.in/delineated-boundary
1050,Tigri Extn Ambedkar Nagar Sect-I New Delhi-62,999-A,regular,1,584,,https://dda.gov.in/sites/default/files/pmuday/584_999.pdf,2020-05-26,,https://dda.gov.in/delineated-boundary
1051,Tigri Extn Ambedkar Nagar Sect-I New Delhi-62,999-B,regular,1,584,,https://dda.gov.in/sites/default/files/pmuday/584_999.pdf,2020-05-26,,https://dda.gov.in/delineated-boundary
1052,Fatehpur Beri Extn.Mehrauli Delhi-74,1000,regular,1,571,,https://dda.gov.in/sites/default/files/pmuday/571_1000.pdf,2020-05-26,,https://dda.gov.in/delineated-boundary
1053,"Ranhola Road Vikas Nagar,R- Block Ph-II ,Hastsal Village, Delhi-59",1001,regular,1,668,,https://dda.gov.in/sites/default/files/pmuday/668_1001.pdf,2020-05-27,,https://dda.gov.in/delineated-boundary
1054,Indra Park -(East Extn.) Nasirpur New Delhi-45,1002,regular,1,595,,https://dda.gov.in/sites/default/files/pmuday/595_1002.pdf,2020-05-26,,https://dda.gov.in/delineated-boundary
1055,Indra Park Extn. Part-2 New Delhi-45,1002-A,regular,1,595,,https://dda.gov.in/sites/default/files/pmuday/595_1002.pdf,2020-05-26,,https://dda.gov.in/delineated-boundary
1056,Shiv Vihar West Ranhola Road Vikas Nagar Delhi-59,1003,regular,1,666,https://dda.gov.in/sites/default/files/pmuday/666_1003.pdf,,2019-12-06,,https://dda.gov.in/delineated-boundary
1057,Kotla Vihar Ph-I Nangloi Najafgarh Road Delhi- 43,1005,regular,1,315,,https://dda.gov.in/sites/default/files/pmuday/315_1005.pdf,2020-05-18,,https://dda.gov.in/delineated-boundary
1058,"Mahavir Enclave, C/D Block Part-I Delhi-45",1006,regular,1,441,,https://dda.gov.in/sites/default/files/pmuday/441_1006.pdf,2020-05-22,,https://dda.gov.in/delineated-boundary
1059,"Vishnu Vihar, Uttam Nagar, Block-V & Sect.B, Near Vill. Bindapur, Delhi.",1007,regular,1,500,,https://dda.gov.in/sites/default/files/pmuday/500_1007.pdf,2020-05-22,,https://dda.gov.in/delineated-boundary
1060,"Old Jankipuri Uttam Nagar,Delhi",1008,regular,1,478,,https://dda.gov.in/sites/default/files/pmuday/478_1008.pdf,2020-05-22,,https://dda.gov.in/delineated-boundary
1061,Vikas Vihar Uttam Nagar,1010,regular,1,1553,https://dda.gov.in/sites/default/files/pmuday/1553_1010.pdf,,2020-03-16,,https://dda.gov.in/delineated-boundary
1062,"Anoop Nagar( Block C & D) Uttam Nagar,Delhi",1011,regular,1,474,,https://dda.gov.in/sites/default/files/pmuday/474_1011.pdf,2020-05-22,,https://dda.gov.in/delineated-boundary
1063,"Hamdard Colony RZA Block Pul Pehladpur, Delhi-44",1013,regular,0,1667,,,2020-04-27,"BOUNDARY OF COLONY CAN NOT BE DELINEATED AS PER ""SOP"" (""Shapefile"" of the colony is not available)",https://dda.gov.in/delineated-boundary
1064,"Zakir Nagar H- Block,Okhla Delhi-25",1014,regular,1,1084,,https://dda.gov.in/sites/default/files/pmuday/1084_1014.pdf,2020-06-08,,https://dda.gov.in/delineated-boundary
1065,Maidan Garhi Extn. Chatterpur Road Delhi-68,1015-A,regular,1,580,,https://dda.gov.in/sites/default/files/pmuday/580_1015.pdf,2020-05-26,,https://dda.gov.in/delineated-boundary
1066,Maidan Garhi Extn. Chatterpur Road Delhi-68,1015-B,regular,1,580,,https://dda.gov.in/sites/default/files/pmuday/580_1015.pdf,2020-05-26,,https://dda.gov.in/delineated-boundary
1067,"Shyam Enclave Deendarpur Najafgarh,Delhi",1016,regular,1,533,,https://dda.gov.in/sites/default/files/pmuday/533_1016.pdf,2020-05-23,,https://dda.gov.in/delineated-boundary
1068,"Chanakya Place Pt-II Uttam Nagar,Delhi",1017,regular,0,,,,,Boundary map pending or omitted from DDA portal table,https://dda.gov.in/sites/default/files/pmuday/1731_uc.pdf
1069,"Jai Vihar Extn.Baprola Village,Delhi",1018,regular,1,322,,https://dda.gov.in/sites/default/files/pmuday/322_1018.pdf,2020-05-18,,https://dda.gov.in/delineated-boundary
1070,"New Roshan pura Extn.Z- Block Najafgarh,Delhi",1019,regular,1,990,,https://dda.gov.in/sites/default/files/pmuday/990_1019.pdf,2020-06-04,,https://dda.gov.in/delineated-boundary
1071,Gupta Enclave Ranhola road Vikas Nagar New Delhi-59,1020,regular,1,665,https://dda.gov.in/sites/default/files/pmuday/665_1020.pdf,,2019-12-06,,https://dda.gov.in/delineated-boundary
1072,"Chajju Ram Colony Kamruddin Nagar Extn. Nangloi, Delhi-41",1021,regular,1,342,,https://dda.gov.in/sites/default/files/pmuday/342_1021.pdf,2020-05-18,(1) REGD. NO.762_Yadav Park Extn Najafgarh Road Nangloi Delhi,https://dda.gov.in/delineated-boundary
1073,"Mahavir Campus Rajpur Khurd Extn.Maidangarhi,Delhi-68",1022,regular,1,468,,https://dda.gov.in/sites/default/files/pmuday/468_1022.pdf,2020-05-22,,https://dda.gov.in/delineated-boundary
1074,"Ghasipura Extn.Colony Nangli Dairy Najafgarh,Delhi",1023,regular,0,902,,,2020-06-03,,https://dda.gov.in/delineated-boundary
1075,Sangam Vihar G- Block Delhi-62,1025-A,regular,1,732,,https://dda.gov.in/sites/default/files/pmuday/732_1025_A.pdf,2020-05-29,,https://dda.gov.in/delineated-boundary
1076,Sangam Vihar G- Block Delhi-62,1025-B,regular,1,866,,https://dda.gov.in/sites/default/files/pmuday/866_1025%20B.pdf,2020-06-02,(1)1025 A Sangam Vihar G- Block Delhi-62 (2)868 Sangam Vihar G- Block- N.D-62,https://dda.gov.in/delineated-boundary
1077,Khera Dabar Extn.Colony North West Najafgarh Delhi-73,1026,regular,1,706,,https://dda.gov.in/sites/default/files/pmuday/706_1026.pdf,2020-05-29,,https://dda.gov.in/delineated-boundary
1078,"Vishwas Park C E F Block Uttam Nagar, Delhi - 59",1027,regular,1,495,,https://dda.gov.in/sites/default/files/pmuday/495_1027.pdf,2020-05-22,,https://dda.gov.in/delineated-boundary
1079,"Om Vihar Colony Lampur Road Narela,Delhi",1028,regular,1,293,,https://dda.gov.in/sites/default/files/pmuday/293_1028.pdf,2020-05-18,,https://dda.gov.in/delineated-boundary
1080,Mann Enclave Khera Khurd Delhi-82,1029,regular,1,524,,https://dda.gov.in/sites/default/files/pmuday/524_1029.pdf,2020-05-23,,https://dda.gov.in/delineated-boundary
1081,"Molar Band Extn.Block E-2 Badarpur,Delhi",1030,regular,1,1369,,https://dda.gov.in/sites/default/files/pmuday/1369_1030.pdf,2020-06-16,,https://dda.gov.in/delineated-boundary
1082,Munshi Ram Colony Near Mukherji Nagar Delhi- 9,1032,regular,1,1245,,https://dda.gov.in/sites/default/files/pmuday/1245_1032.pdf,2020-06-12,,https://dda.gov.in/delineated-boundary
1083,"Pashchimi Sadatpur Vistar, Delhi-94",1033,regular,1,211,,https://dda.gov.in/sites/default/files/pmuday/MAP%20211_1033.pdf,2020-05-16,,https://dda.gov.in/delineated-boundary
1084,Kailash Puri Extn.Delhi-45,1034,regular,1,594,,https://dda.gov.in/sites/default/files/pmuday/594_1034.pdf,2020-05-26,,https://dda.gov.in/delineated-boundary
1085,"Vipan Garden near Kakrola More,Najafgarh Road, Delhi",1035,regular,1,835,,https://dda.gov.in/sites/default/files/pmuday/835_1035.pdf,2020-06-02,"(1) REGD. NO.1072 A_Gemini Park, Nangli Sakrawati More, Najafgarh, Delhi-43, (2) REGD. NO.1072 B _Gemini Park, Nangli Sakrawati More, Najafgarh, Delhi-43",https://dda.gov.in/delineated-boundary
1086,"Dr. Ambedkar Colony Ansal Road, Satbari Delhi- 54",1036,regular,1,467,,https://dda.gov.in/sites/default/files/pmuday/467_1036.pdf,2020-05-22,,https://dda.gov.in/delineated-boundary
1087,"Shiv Vihar Ph-8, Karawal Nagar, Delhi-94",1037,regular,1,282,,https://dda.gov.in/sites/default/files/pmuday/282_1037.pdf,2020-05-18,,https://dda.gov.in/delineated-boundary
1088,"Raja puri East,Delhi",1038,regular,1,496,,https://dda.gov.in/sites/default/files/pmuday/496_1038.pdf,2020-05-22,,https://dda.gov.in/delineated-boundary
1089,"Ganpati Enclave X- Block New Roshanpura Extn. Najafgarh,Delhi-43",1039,regular,1,991,,https://dda.gov.in/sites/default/files/pmuday/991_1039.pdf,2020-06-04,,https://dda.gov.in/delineated-boundary
1090,"Prem Nagar C- Block Najafgarh,Delhi",1040,regular,1,975,,https://dda.gov.in/sites/default/files/pmuday/975_1040.pdf,2020-06-04,,https://dda.gov.in/delineated-boundary
1091,"Arakpur Bagh Mochi Moti Bagh 2, Delhi-21",1041,regular,1,644,,https://dda.gov.in/sites/default/files/pmuday/644_1041.pdf,2020-05-27,"(1)58-(LOP) Samalka Village, New Delhi-37 (2) 839 Samalka Extn.(East) Telephone Exchange Road Samalka,New Delhi (3) 901 Samalka Extn.Kapashera Chowk Najafgarh Road (4)83-(ELD) ichaon Kalan Extn, Main Dichaon Kalan Road, Najafgarh New Delhi 43",https://dda.gov.in/delineated-boundary
1092,"Gopal Nagar Ph-2 Z- Block Surkhpur Road Najafgarh, Delhi",1042,regular,1,723,,https://dda.gov.in/sites/default/files/pmuday/723_1042.pdf,2020-05-29,,https://dda.gov.in/delineated-boundary
1093,"Sangam Vihar, J -2 B, Tuglakabad, Delhi",1043,regular,1,727,,https://dda.gov.in/sites/default/files/pmuday/727_1043.pdf,2020-05-29,,https://dda.gov.in/delineated-boundary
1094,Ganga Vihar Delhi-94,1046,regular,1,251,,https://dda.gov.in/sites/default/files/pmuday/251_1046.pdf,2020-05-16,,https://dda.gov.in/delineated-boundary
1095,"Vijay Enclave C- 2 Block,Palam, Dabri Road, Delhi-45",1047,regular,1,434,,https://dda.gov.in/sites/default/files/pmuday/434_1047.pdf,2020-05-20,,https://dda.gov.in/delineated-boundary
1096,New Ashok Nagar Block C-1 Delhi-96,1048,regular,1,116,,https://dda.gov.in/sites/default/files/pmuday/116_1048.pdf,2020-04-23,,https://dda.gov.in/delineated-boundary
1097,Begampur Extn.( Begam Vihar Block A B C D E) Delhi-41,1049,regular,1,1028,,https://dda.gov.in/sites/default/files/pmuday/1028_191.pdf,2020-06-05,,https://dda.gov.in/delineated-boundary
1098,Begampur Extn.( Begam Vihar Block A B C D E) Delhi-41,1049-A,regular,0,1668,,,2020-04-27,"BOUNDARY OF COLONY CAN NOT BE DELINEATED AS PER ""SOP"" (""Shapefile"" of the colony is not available)",https://dda.gov.in/delineated-boundary
1099,Begampur Extn.( Begam Vihar Block A B C D E) Delhi-41,1049-B,regular,0,1669,,,2020-04-27,"BOUNDARY OF COLONY CAN NOT BE DELINEATED AS PER ""SOP"" (""Shapefile"" of the colony is not available)",https://dda.gov.in/delineated-boundary
1100,Syndicate Enclave & Raghu Nagar Delhi-45,1050,regular,1,1483,,https://dda.gov.in/sites/default/files/pmuday/1483_1050.pdf,2020-06-17,,https://dda.gov.in/delineated-boundary
1101,"Budh Vihar Extn.Ph-II, Vir Singh Colony Delhi-41",1051-A,regular,1,945,,https://dda.gov.in/sites/default/files/pmuday/945_1051.pdf,2020-06-04,,https://dda.gov.in/delineated-boundary
1102,"Budh Vihar Extn.Ph-II, Vir Singh Colony Delhi-41",1051-B,regular,1,945,,https://dda.gov.in/sites/default/files/pmuday/945_1051.pdf,2020-06-04,,https://dda.gov.in/delineated-boundary
1103,Gopal Nagar Extn.Ph-I Main Khera Road Delhi- 43,1053,regular,1,754,,https://dda.gov.in/sites/default/files/pmuday/754_1053.pdf,2020-06-01,"(1) REGD. NO.129-(ELD)_Village Khaira, Najafgarh Rural Village, NewDelhi 43",https://dda.gov.in/delineated-boundary
1104,"Nangli Vihar Extn.Bapraula,Delhi",1055,regular,1,1570,https://dda.gov.in/sites/default/files/pmuday/1570_1055.pdf,,2020-03-16,,https://dda.gov.in/delineated-boundary
1105,Sitapuri Extn. Pt-II G-1 Block New Delhi-45,1056,regular,1,553,,https://dda.gov.in/sites/default/files/pmuday/553_1056.pdf,2020-05-23,,https://dda.gov.in/delineated-boundary
1106,"Gopal Nagar 'P"" Block & Gopal Ngr. Extn.-(E F G & H Blocks) Main Dhansa Rd",1057,regular,1,394,,https://dda.gov.in/sites/default/files/pmuday/394_1057.pdf,2020-05-20,"(1) REGD. NO.476_A_Gopal Nagar, M-N Block, Najafgarh, Delhi-43, (2) REGD. NO.476_B _Gopal Nagar, M-N Block, Najafgarh, Delhi-43",https://dda.gov.in/delineated-boundary
1107,Sultan Garden B- Block Najafgarh Nangloi Road Delhi-43,1058,regular,0,1670,,,2020-04-27,"BOUNDARY OF COLONY CAN NOT BE DELINEATED AS PER ""SOP"" (""Shapefile"" of the colony is not available)",https://dda.gov.in/delineated-boundary
1108,Akash vihar Ranholla Nangloi Najafgarh Road Delhi-41,1059,regular,1,1440,https://dda.gov.in/sites/default/files/pmuday/1440_1059.pdf,,2020-01-06,,https://dda.gov.in/delineated-boundary
1109,"Defence Enclave Goela Tajpur Khurd Najafgarh,Delhi",1060,regular,1,530,https://dda.gov.in/sites/default/files/pmuday/530_1060.pdf,,2019-12-04,,https://dda.gov.in/delineated-boundary
1110,"Mahavir Enclave, Block E G H1,H2& H3 Palam Dabri Road Delhi-45",1061,regular,1,444,,https://dda.gov.in/sites/default/files/pmuday/444_1061.pdf,2020-05-22,,https://dda.gov.in/delineated-boundary
1111,"Vijay Enclave -(B-III Block) Palam Dabri, Palam New Delhi",1062,regular,1,428,,https://dda.gov.in/sites/default/files/pmuday/428_1062.pdf,2020-05-20,,https://dda.gov.in/delineated-boundary
1112,"Mahavir Enclave Pt II & III, Uttam Nagar, Delhi",1063,regular,1,557,,https://dda.gov.in/sites/default/files/pmuday/557_1063.pdf,2020-05-23,"(1) 463 Rohtash Nagar, Dabri, Delhi",https://dda.gov.in/delineated-boundary
1113,Trithankar Nagar Jain. Colony Karala Delhi-81,1064,regular,1,881,https://dda.gov.in/sites/default/files/pmuday/881_1064.pdf,,2019-12-11,"(1)93 Jain Nagar Colony Extn., Karala (2)144-(ELD) LOP of Jain Nagar Karala Delhi 81 (3)876 Krishna Block Tirthankar Nagar Jain colony Karala Delhi-81",https://dda.gov.in/delineated-boundary
1114,Harphool Vihar Bapraula Nangloi Delhi-43,1065,regular,1,664,,https://dda.gov.in/sites/default/files/pmuday/664_1065.pdf,2020-05-27,"(1) REGD. NO.498_Deep Enclave, Vikas Nagar Hastsal, Uttam Nagar, New Delhi-59",https://dda.gov.in/delineated-boundary
1115,Dhram Pura Extn. A-2 Block Najafgarh N.D-43,1066,regular,1,951,https://dda.gov.in/sites/default/files/pmuday/951_1066.pdf,,2019-12-11,,https://dda.gov.in/delineated-boundary
1116,Neb Sarai Harijan colony Delhi-68,1067,regular,1,472,https://dda.gov.in/sites/default/files/pmuday/472_1067.pdf,,2019-12-03,,https://dda.gov.in/delineated-boundary
1117,Pochan Pur Extn.Najafgarh Delhi-45,1068,regular,1,401,,https://dda.gov.in/sites/default/files/pmuday/401_1068.pdf,2020-05-20,(1) REGD. NO.95-(ELD)_Pochan Pur Extn. 'C' Block New Delhi 77,https://dda.gov.in/delineated-boundary
1118,"Abul Fazal Enclave Pt-II Shahin Bagh,Delhi",1069,regular,1,1182,https://dda.gov.in/sites/default/files/pmuday/1182_1069.pdf,,2019-12-16,"(1) REGD. NO.1069-A_Abul Fazal Enclave Pt-II Shahin Bagh,Delhi (2) REGD. NO.1182_Abul Fazal Enclave Pt-II Block G & H Delhi-25",https://dda.gov.in/delineated-boundary
1119,"Abul Fazal Enclave Pt-II Shahin Bagh,Delhi",1069-B,regular,1,1182,https://dda.gov.in/sites/default/files/pmuday/1182_1069.pdf,,2019-12-16,"(1) REGD. NO.1069-A_Abul Fazal Enclave Pt-II Shahin Bagh,Delhi (2) REGD. NO.1182_Abul Fazal Enclave Pt-II Block G & H Delhi-25",https://dda.gov.in/delineated-boundary
1120,"Prem Nagar Z Block Najafgarh SW,Delhi",1070,regular,1,1278,,https://dda.gov.in/sites/default/files/pmuday/1278_1070.pdf,2020-06-12,,https://dda.gov.in/delineated-boundary
1121,"Deep Vihar Pansali, Pooth Kalan Perladpur Delhi-42",1071-A,regular,1,31,,https://dda.gov.in/sites/default/files/pmuday/31_1071.pdf,2020-03-11,,https://dda.gov.in/delineated-boundary
1122,"Deep Vihar Pansali, Pooth Kalan Perladpur Delhi-42",1071-B,regular,1,31,,https://dda.gov.in/sites/default/files/pmuday/31_1071.pdf,2020-03-11,,https://dda.gov.in/delineated-boundary
1123,"Gemini Park, Nangli Sakrawati More, Najafgarh, Delhi-43",1072-A,regular,1,1507,,https://dda.gov.in/sites/default/files/pmuday/1507_1072_A.pdf,2020-06-17,,https://dda.gov.in/delineated-boundary
1124,"Gemini Park, Nangli Sakrawati More, Najafgarh, Delhi-43",1072-B,regular,1,1508,,https://dda.gov.in/sites/default/files/pmuday/1508_1072_B.pdf,2020-06-17,,https://dda.gov.in/delineated-boundary
1125,Mohan Garden R Block Uttam Nagar Delhi-59,1073,regular,1,806,,https://dda.gov.in/sites/default/files/pmuday/806_1073.pdf,2020-06-02,,https://dda.gov.in/delineated-boundary
1126,"Raju Pur Extn.Colony, Sector-9, Rohini, Delhi",1076-A,regular,1,57,,https://dda.gov.in/sites/default/files/pmuday/57_1076.pdf,2020-03-11,"(1) REGD. NO. 16- (ELD)_Raza Pur Village Extn., 30, Abadi Ahinsa Marg, Village, Rajapur, Sector-9, Rohani, Delhi-85",https://dda.gov.in/delineated-boundary
1127,"Raju Pur Extn.Colony, Sector-9, Rohini, Delhi",1076-B,regular,1,57,,https://dda.gov.in/sites/default/files/pmuday/57_1076.pdf,2020-03-11,"(1) REGD. NO. 16- (ELD)_Raza Pur Village Extn., 30, Abadi Ahinsa Marg, Village, Rajapur, Sector-9, Rohani, Delhi-85",https://dda.gov.in/delineated-boundary
1128,"Bhagya Vihar Ph-II, Nangloi Delhi-41",1077,regular,0,1673,,,2020-04-27,"BOUNDARY OF COLONY CAN NOT BE DELINEATED AS PER ""SOP"" (""Shapefile"" of the colony is not available)",https://dda.gov.in/delineated-boundary
1129,"Mohan Garden L2 A Block Uttam Nagar ,Delhi",1078,regular,1,836,,https://dda.gov.in/sites/default/files/pmuday/836_1078.pdf,2020-06-02,,https://dda.gov.in/delineated-boundary
1130,"Uttariya School Block Mandawali Fazalpur Extn. Kalyan Marg, Delhi-92",1079,regular,1,1392,,https://dda.gov.in/sites/default/files/pmuday/1392_1079.pdf,2020-06-16,,https://dda.gov.in/delineated-boundary
1131,"Sai Enclave G-III, Pt-III Mohan Garden Delhi-59",1080,regular,1,678,,https://dda.gov.in/sites/default/files/pmuday/678_1080.pdf,2020-05-27,,https://dda.gov.in/delineated-boundary
1132,Sunder Nagar Gopal Nagar Extn.Surakhpur Road Najafgarh Delhi,1081,regular,1,1279,,https://dda.gov.in/sites/default/files/pmuday/1279_1081.pdf,2020-06-12,,https://dda.gov.in/delineated-boundary
1133,"Hari Nagar Extn. I- Block Jaitpur Road Badarpur, Delhi",1082,regular,1,1197,https://dda.gov.in/sites/default/files/pmuday/1197_1082.pdf,,2019-12-16,,https://dda.gov.in/delineated-boundary
1134,"Badarpur Extn.Pocket A,B, Mathura Road, Delhi-44",1083-A,regular,1,1238,,https://dda.gov.in/sites/default/files/pmuday/1238_1083-A.pdf,2020-06-12,,https://dda.gov.in/delineated-boundary
1135,"Badarpur Extn.Pocket A,B, Mathura Road, Delhi-44",1083-B,regular,1,1239,,https://dda.gov.in/sites/default/files/pmuday/1239_1083-B.pdf,2020-06-12,,https://dda.gov.in/delineated-boundary
1136,Zind Pur Extn.Delhi-36,1084,regular,1,273,,https://dda.gov.in/sites/default/files/pmuday/273_1084.pdf,2020-05-18,,https://dda.gov.in/delineated-boundary
1137,Nihal Vihar Ph-III Nangloi Jat Delhi-41,1085,regular,0,927,,,2020-06-03,,https://dda.gov.in/delineated-boundary
1138,Nihal Vihar Ph-I Block A B C D E F G H Q S K I K2 Nangloi Jat Delhi-41,1086,regular,1,347,,https://dda.gov.in/sites/default/files/pmuday/347_1086.pdf,2020-05-18,,https://dda.gov.in/delineated-boundary
1139,"Ashok Mohalla Ph-II Nangloi,Delhi",1087,regular,0,910,,,2020-06-03,,https://dda.gov.in/delineated-boundary
1140,Bagichi Bulward road Delhi-54,1088,regular,1,698,,https://dda.gov.in/sites/default/files/pmuday/698_1088.pdf,2020-05-29,,https://dda.gov.in/delineated-boundary
1141,"Mohan Garden R.Extn. Uttam Nagar,Delhi",1091,regular,1,1072,,https://dda.gov.in/sites/default/files/pmuday/1072_94%20ELD.pdf,2020-06-08,,https://dda.gov.in/delineated-boundary
1142,Vill.Saboli Extn. Near Khera Mandir Delhi-93,1092,regular,1,1073,,https://dda.gov.in/sites/default/files/pmuday/1073_662.pdf,2020-06-08,(1) REGD. NO.787_Raju Park C-1 Block Khanpur New Delhi-62,https://dda.gov.in/delineated-boundary
1143,"Defence Enclave Pt-I K-5 Extn.Pt-I Mohan Garden,Delhi",1093,regular,1,1074,,https://dda.gov.in/sites/default/files/pmuday/1074_1186.pdf,2020-06-08,,https://dda.gov.in/delineated-boundary
1144,Anand Parbat Delhi,1094,regular,1,1075,,https://dda.gov.in/sites/default/files/pmuday/1075_621.pdf,2019-12-16,"(1) REGD. NO.621 B_Jawahar Park,Khanpur, Deoli Road, A, B, C, D & E Block, New Delhi, (2) REGD. NO.1137_Jawahar Park F- Block New Delhi-62",https://dda.gov.in/delineated-boundary
1145,"Mohan Garden K1 Extn,Uttam Nagar ,Delhi",1096,regular,1,1076,https://dda.gov.in/sites/default/files/pmuday/1076_236.pdf,,2019-12-16,"(1) REGD. NO.391_Abul Fazal Enclave (Main), Kalindikunj Road Okhla, New Delhi",https://dda.gov.in/delineated-boundary
1146,Babu Nagar Karawal Nagar Extn.Delhi-94,1097,regular,1,229,,https://dda.gov.in/sites/default/files/pmuday/MAP%20229_1097.pdf,2020-05-16,,https://dda.gov.in/delineated-boundary
1147,"Pardhan Enclave Baprola Vihar Hastsal,Delhi",1098,regular,1,321,,https://dda.gov.in/sites/default/files/pmuday/321_1098.pdf,2020-05-18,,https://dda.gov.in/delineated-boundary
1148,"Chandu Nagar Karawal nagar Road, Delhi",1100,regular,1,1280,,https://dda.gov.in/sites/default/files/pmuday/1280_1100.pdf,2020-06-12,,https://dda.gov.in/delineated-boundary
1149,VILLAGE GOPALPUR EXT. Delhi-84,1101-A,regular,1,182,,https://dda.gov.in/sites/default/files/pmuday/182_1101.pdf,2020-04-23,,https://dda.gov.in/delineated-boundary
1150,"Jagat Pur More, Burari, Delhi-84",1101-B,regular,1,182,,https://dda.gov.in/sites/default/files/pmuday/182_1101.pdf,2020-04-23,,https://dda.gov.in/delineated-boundary
1151,Bachh Raj Colony Mithapur Extn.Delhi-44,1102,regular,0,1674,,,2020-04-27,"BOUNDARY OF COLONY CAN NOT BE DELINEATED AS PER ""SOP"" (""Shapefile"" of the colony is not available)",https://dda.gov.in/delineated-boundary
1152,"Vikas Kunj Sainik Vihar Mohan garden,Delhi",1103-A,regular,1,679,,https://dda.gov.in/sites/default/files/pmuday/679_1103.pdf,2020-05-27,,https://dda.gov.in/delineated-boundary
1153,"Vikas Kunj Sainik Vihar Mohan garden,Delhi",1103-B,regular,1,679,,https://dda.gov.in/sites/default/files/pmuday/679_1103.pdf,2020-05-27,,https://dda.gov.in/delineated-boundary
1154,"Sainik Niketan Najafgarh,Delhi",1104,regular,1,356,,https://dda.gov.in/sites/default/files/pmuday/356_1104.pdf,2020-05-20,,https://dda.gov.in/delineated-boundary
1155,"Roshan Garden Najafgarh,Delhi",1105,regular,1,959,,https://dda.gov.in/sites/default/files/pmuday/959_1105.pdf,2020-06-04,,https://dda.gov.in/delineated-boundary
1156,"Mahavir Enclave L- Block, Palam,Delhi",1106,regular,1,446,,https://dda.gov.in/sites/default/files/pmuday/446_1106.pdf,2020-05-22,,https://dda.gov.in/delineated-boundary
1157,"Binda pur Extn.Uttam Nagar,Delhi",1107,regular,1,477,,https://dda.gov.in/sites/default/files/pmuday/477_1107.pdf,2020-05-22,,https://dda.gov.in/delineated-boundary
1158,"Adarsh Nagar Near Jeevan park Uttam Nagar, Delhi",1108,regular,1,1281,,https://dda.gov.in/sites/default/files/pmuday/1281_1108.pdf,2020-06-15,,https://dda.gov.in/delineated-boundary
1159,Molar band Extn.Block F-Delhi-44,1109,regular,1,1373,,https://dda.gov.in/sites/default/files/pmuday/1373_1109.pdf,2020-06-16,,https://dda.gov.in/delineated-boundary
1160,Harijan Basti D- Block East Gokal Pur Delhi-94,1110,regular,1,252,,https://dda.gov.in/sites/default/files/pmuday/252_1110.pdf,2020-05-16,"(1) REGD. NO. 1426_Harijan Basti A- Block Purvi Gokalpur, Delhi-94",https://dda.gov.in/delineated-boundary
1161,"Durga Park Din Darpur Extn.Najafgarh,Delhi",1111,regular,1,1451,,https://dda.gov.in/sites/default/files/pmuday/1451_1111.pdf,2020-06-16,,https://dda.gov.in/delineated-boundary
1162,"Surya Kunj Pt-I Dichiao Road Najafgarh,Delhi",1113,regular,1,368,,https://dda.gov.in/sites/default/files/pmuday/368_1113.pdf,2020-05-20,,https://dda.gov.in/delineated-boundary
1163,Manak Vihar Extn.Near Beri Wala Bagh Tihar Village Delhi-18,1115,regular,1,610,,https://dda.gov.in/sites/default/files/pmuday/610_1115.pdf,2020-05-26,,https://dda.gov.in/delineated-boundary
1164,"Prahlad Vihar Near-Sect-25 Rohini,Delhi",1116,regular,1,63,https://dda.gov.in/sites/default/files/pmuday/63_1116.pdf,,2019-11-25,,https://dda.gov.in/delineated-boundary
1165,Harsh Vihar Delhi-93,1117,regular,1,92,,https://dda.gov.in/sites/default/files/pmuday/92_1117.pdf,2020-03-12,"(1) REGD. NO.248_Harsh Vihar, D-Block, Delhi-93, (2) REGD. NO.248_A_Harsh Vihar, D-Block, Delhi-93",https://dda.gov.in/delineated-boundary
1166,Harsh Vihar Extn. Delhi-93,1118,regular,1,90,,https://dda.gov.in/sites/default/files/pmuday/90_1118.pdf,2020-03-12,,https://dda.gov.in/delineated-boundary
1167,Har Govind Enclave Rajpur Khurd Delhi-68,1121,regular,1,578,https://dda.gov.in/sites/default/files/pmuday/578_1121.pdf,,2019-12-04,,https://dda.gov.in/delineated-boundary
1168,Har Govind Enclave Rajpur Khurd Delhi-68,1121-B,regular,1,578,https://dda.gov.in/sites/default/files/pmuday/578_1121.pdf,,2019-12-04,,https://dda.gov.in/delineated-boundary
1169,Har Govind Enclave Rajpur Khurd Delhi-68,1121-C,regular,1,578,https://dda.gov.in/sites/default/files/pmuday/578_1121.pdf,,2019-12-04,,https://dda.gov.in/delineated-boundary
1170,Teck Chand Colony Main Road village Nilothi Delhi,1122,regular,0,923,,,2020-06-03,,https://dda.gov.in/delineated-boundary
1171,"Qadri Masjid C-Block, Shastri Park, Delhi",1123,regular,1,138,,https://dda.gov.in/sites/default/files/pmuday/138_1123.pdf,2020-04-23,,https://dda.gov.in/delineated-boundary
1172,"Hari Nagar Extn.A Block Jaitpur Road Badarpur,Delhi",1124,regular,1,1200,,https://dda.gov.in/sites/default/files/pmuday/1200_1124.pdf,2020-06-10,,https://dda.gov.in/delineated-boundary
1173,"Village Basai Dara Pur Extn.,Delhi",1125-A,regular,1,616,,https://dda.gov.in/sites/default/files/pmuday/616_1125_A.pdf,2020-05-26,,https://dda.gov.in/delineated-boundary
1174,"Village Basai Dara Pur Extn.,Delhi",1125-B,regular,1,615,,https://dda.gov.in/sites/default/files/pmuday/615_1125_B.pdf,2020-05-26,,https://dda.gov.in/delineated-boundary
1175,"Gopal Nagar Ph-II Shyam Vihar Chouhan Enclave Najafgarh,Delhi",1126,regular,1,761,,https://dda.gov.in/sites/default/files/pmuday/761_1126.pdf,2020-06-01,,https://dda.gov.in/delineated-boundary
1176,"Gopal Nagar B- Block Main Dhansa Road Najafgarh,Delhi",1127-A,regular,1,399,https://dda.gov.in/sites/default/files/pmuday/399_1127.pdf,,2019-12-02,,https://dda.gov.in/delineated-boundary
1177,"Gopal Nagar B- Block Main Dhansa Road Najafgarh,Delhi",1127-B,regular,1,399,https://dda.gov.in/sites/default/files/pmuday/399_1127.pdf,,2019-12-02,,https://dda.gov.in/delineated-boundary
1178,Aali Vihar -(Block A B C D E F G & H ),1128,regular,1,1186,,https://dda.gov.in/sites/default/files/pmuday/1186_1128.pdf,2020-06-10,"(1) REGD. NO.30-(ELD)_Aali Village Extended, Abadi, New Delhi-44",https://dda.gov.in/delineated-boundary
1179,"Hari Nagar A B Block Extn.Pt-II Badarpur,Delhi",1129,regular,1,1199,,https://dda.gov.in/sites/default/files/pmuday/1199_1129.pdf,2020-06-10,,https://dda.gov.in/delineated-boundary
1180,Rangpuri Extn.A-Block Vasant Kunj Delhi-37,1130-A,regular,1,627,https://dda.gov.in/sites/default/files/pmuday/627_1130.pdf,,2019-12-04,,https://dda.gov.in/delineated-boundary
1181,Rangpuri Extn.A-Block Vasant Kunj Delhi-37,1130-B,regular,1,627,https://dda.gov.in/sites/default/files/pmuday/627_1130.pdf,,2019-12-04,,https://dda.gov.in/delineated-boundary
1182,Rangpuri Extn.B-Block Vasant Kunj Delhi-37,1131,regular,1,628,https://dda.gov.in/sites/default/files/pmuday/628_1131.pdf,,2019-12-04,,https://dda.gov.in/delineated-boundary
1183,Samalka Extn. Old Gurgaon Road New Delhi-37,1132,regular,1,640,https://dda.gov.in/sites/default/files/pmuday/640_1132.pdf,,2019-12-04,"(1)58-(LOP) Samalka Village, New Delhi-37 (2) 839 Samalka Extn.(East) Telephone Exchange Road Samalka,New Delhi (3) 901 Samalka Extn.Kapashera Chowk Najafgarh Road (4)83-(ELD) ichaon Kalan Extn, Main Dichaon Kalan Road, Najafgarh New Delhi 43",https://dda.gov.in/delineated-boundary
1184,Molar Band Extn. G Block Badarpur,1133,regular,1,1235,,https://dda.gov.in/sites/default/files/pmuday/1235_1133.pdf,2020-06-12,,https://dda.gov.in/delineated-boundary
1185,"Main Gopal Nagar Najafgarh, Delhi",1134,regular,1,383,https://dda.gov.in/sites/default/files/pmuday/383_1134.pdf,,2019-12-02,"(1) REGD. NO.5-(LOP)_D- Block, Gopal Nagar Najafgarh New Delhi",https://dda.gov.in/delineated-boundary
1186,Johri Pur Extn.Delhi-93,1135-A,regular,1,237,,https://dda.gov.in/sites/default/files/pmuday/MAP%20237_1135.pdf,2020-05-16,,https://dda.gov.in/delineated-boundary
1187,Johri Pur Extn.Delhi-93,1135-B,regular,1,237,,https://dda.gov.in/sites/default/files/pmuday/MAP%20237_1135.pdf,2020-05-16,,https://dda.gov.in/delineated-boundary
1188,Dabri Extn.East Nasirpur Delhi-45,1136,regular,1,424,,https://dda.gov.in/sites/default/files/pmuday/424_1136.pdf,2020-05-20,,https://dda.gov.in/delineated-boundary
1189,Jawahar Park F- Block New Delhi-62,1137,regular,1,1531,,https://dda.gov.in/sites/default/files/pmuday/1531_1137.pdf,2020-06-17,,https://dda.gov.in/delineated-boundary
1190,"Shakti Garden Harijan Basti Block E-II, East Gokal Puri Delhi-94",1138,regular,1,73,,https://dda.gov.in/sites/default/files/pmuday/73_1138.pdf,2020-03-11,,https://dda.gov.in/delineated-boundary
1191,Kapashera Extn.C- Block Delhi -37,1139,regular,0,1614,,,2020-03-19,"BOUNDARY OF COLONY CAN NOT BE DELINEATED AS PER ""SOP""",https://dda.gov.in/delineated-boundary
1192,"Mahipalpur Block A Extn.,Delhi",1140,regular,1,632,https://dda.gov.in/sites/default/files/pmuday/632_1140.pdf,,2019-12-04,,https://dda.gov.in/delineated-boundary
1193,"Mohan Garden E F G H I J K F1,F2 & W E Block Uttam Nagar,Delhi",1145,regular,1,827,,https://dda.gov.in/sites/default/files/pmuday/827_1145.pdf,2020-06-02,"(1) REGD. NO.619_Mohan Garden, R-3 A Block,Uttam Nagar, New Delhi, (2) REGD. NO.836 _Mohan Garden R-3 B Block Uttam Nagar,New Delhi, (3) REGD. NO.1091_Mohan Garden R.Extn. Uttam Nagar,Delhi, (4) REGD. NO.149_Mohan Garden 'B' Extn. Village Nawada Majra, Uttam Nagar, (5) REGD. NO.1441_Mohan Garden (B&G Block), Uttam Nagar, New Delhi-59, (6) REGD. NO.244_Mohan Garden Phase-I, Uttam Nagar, New Delhi-59",https://dda.gov.in/delineated-boundary
1194,Mohan Garden D Block Extn.Uttam Nagar Delhi- 59,1146,regular,1,1414,,https://dda.gov.in/sites/default/files/pmuday/1414_1146.pdf,2020-06-16,,https://dda.gov.in/delineated-boundary
1195,Sitapuri Extn.Pt-II -(Block A B F & G ) Near Dabri New Delhi-45,1149,regular,1,554,,https://dda.gov.in/sites/default/files/pmuday/554_1149.pdf,2020-05-23,,https://dda.gov.in/delineated-boundary
1196,"Chandan Haula Extn. East Chattarpur Bhati, Sahurpur, Dehli-74",1152,regular,1,579,,https://dda.gov.in/sites/default/files/pmuday/579_1152.pdf,2020-05-26,,https://dda.gov.in/delineated-boundary
1197,"Bhagwati Vihar, B-Block, Uttam Nagar, Delhi.",1153,regular,1,1128,,https://dda.gov.in/sites/default/files/pmuday/1128_449.pdf,2020-06-09,,https://dda.gov.in/delineated-boundary
1198,Parsuram Enclave Salupur Majra Burari Delhi- 84,1154,regular,1,1328,,https://dda.gov.in/sites/default/files/pmuday/1328_1154.pdf,2020-06-15,,https://dda.gov.in/delineated-boundary
1199,"Dabar Enclave (S R Block A) Rawta Mode Jafar pur Najafgarh ,Delhi",1155,regular,1,709,,https://dda.gov.in/sites/default/files/pmuday/709_1155.pdf,2020-05-29,"(1) REGD. NO.931_Madhav Enclave Khaira Road, Najafgarh, New Delhi-43",https://dda.gov.in/delineated-boundary
1200,"East Gokalpuri E- Block, Hari Nagar Harijan Basti Delhi-94",1157,regular,1,74,,https://dda.gov.in/sites/default/files/pmuday/74_1157.pdf,2020-03-11,,https://dda.gov.in/delineated-boundary
1201,Durga Enclave Jafarpur Kalan NajafGarh Delhi- 73,1158,regular,1,558,,https://dda.gov.in/sites/default/files/pmuday/558_1153.pdf,2020-05-23,,https://dda.gov.in/delineated-boundary
1202,Jafarpur Extn.Jafarpur kalan NajafGarh,1159,regular,1,708,,https://dda.gov.in/sites/default/files/pmuday/708_1159.pdf,2020-05-29,,https://dda.gov.in/delineated-boundary
1203,"Chankaya Place Pt-I Pankha Road, Uttam Nagar, Delhi",1160,regular,1,450,,https://dda.gov.in/sites/default/files/pmuday/450_1160.pdf,2020-05-22,,https://dda.gov.in/delineated-boundary
1204,"Nanu Ram Park HaibatPura Jharoda Road Najafgarh,Delhi",1161,regular,1,1571,https://dda.gov.in/sites/default/files/pmuday/1571_1161.pdf,,2020-03-16,,https://dda.gov.in/delineated-boundary
1205,Molar Band Extn. Block E-III Badarpur,1162-A,regular,1,1367,,https://dda.gov.in/sites/default/files/pmuday/1367_1162.pdf,2020-06-16,,https://dda.gov.in/delineated-boundary
1206,Molar Band Extn. Block E-III Badarpur,1162-B,regular,1,1367,,https://dda.gov.in/sites/default/files/pmuday/1367_1162.pdf,2020-06-16,,https://dda.gov.in/delineated-boundary
1207,Tyagi Enclave Mohan garden Delhi-59,1164,regular,1,790,,https://dda.gov.in/sites/default/files/pmuday/790_1164.pdf,2020-06-01,,https://dda.gov.in/delineated-boundary
1208,"Panchsheel Enclave Vikas Nagar,Hastsal, Uttam Nagar, Delhi",1165,regular,1,684,,https://dda.gov.in/sites/default/files/pmuday/684_1165.pdf,2020-05-27,,https://dda.gov.in/delineated-boundary
1209,Indra Vihar Ph-II Johri Pur Delhi-94,1166,regular,1,242,,https://dda.gov.in/sites/default/files/pmuday/MAP%20242_1166.pdf,2020-05-16,,https://dda.gov.in/delineated-boundary
1210,"Indra Vihar Ph-I Bhagirathi Vihar G-Block near Johripur, Delhi-94",1168,regular,1,241,,https://dda.gov.in/sites/default/files/pmuday/MAP%20241_1168.pdf,2020-05-16,,https://dda.gov.in/delineated-boundary
1211,"Ganga Vihar G-3 Sai Enclave, Mohan Garden Delhi-59",1169,regular,1,677,,https://dda.gov.in/sites/default/files/pmuday/677_1169.pdf,2020-05-27,,https://dda.gov.in/delineated-boundary
1212,Durga Enclave Vishal Enclave Delhi-81,1170,regular,1,890,https://dda.gov.in/sites/default/files/pmuday/890_1170.pdf,,2019-12-11,,https://dda.gov.in/delineated-boundary
1213,Chilla Saroda Delhi,1171,regular,1,14,,https://dda.gov.in/sites/default/files/pmuday/14_1171.pdf,2020-03-11,,https://dda.gov.in/delineated-boundary
1214,West Sagarpur J- Block Delhi,1173,regular,1,599,,https://dda.gov.in/sites/default/files/pmuday/599_1173.pdf,2020-05-26,,https://dda.gov.in/delineated-boundary
1215,"West Sagar pur, & Jagdamba Vihar, P & T Block Delhi",1174,regular,1,600,,https://dda.gov.in/sites/default/files/pmuday/600_1174.pdf,2020-05-26,(1) 1317 West Sagarpur P & T Block Delhi,https://dda.gov.in/delineated-boundary
1216,Prem Nagar D- Block Najafgarh,1175-A,regular,1,974,,https://dda.gov.in/sites/default/files/pmuday/974_1175_A.pdf,2020-06-04,"(1)1175_B Prem Nagar D- Block Najafgarh 1564 Prem nagar, F & G Block",https://dda.gov.in/delineated-boundary
1217,Prem Nagar D- Block Najafgarh,1175-B,regular,1,1382,,https://dda.gov.in/sites/default/files/pmuday/1382_1175_B.pdf,2020-06-16,,https://dda.gov.in/delineated-boundary
1218,"Mohan Garden R-V,R-II Extn.R-III,/A2 A3 R-IV & R-V Delhi-59",1176,regular,1,812,,https://dda.gov.in/sites/default/files/pmuday/812_1176.pdf,2020-06-02,,https://dda.gov.in/delineated-boundary
1219,"Raju Enclave Old Palam Road Kakrola,New Delhi",1177,regular,1,1091,,https://dda.gov.in/sites/default/files/pmuday/1091_1177.pdf,2020-06-08,,https://dda.gov.in/delineated-boundary
1220,Baljeet Nagar & Punjabi Basti Extn.Near Nepali Mandir Delhi-8,1178,regular,0,895,,,2020-06-03,,https://dda.gov.in/delineated-boundary
1221,"Pratap Nagar Harijan Basti Nand Nagri, Delhi",1179,regular,1,86,,https://dda.gov.in/sites/default/files/pmuday/86_1179.pdf,2020-03-12,,https://dda.gov.in/delineated-boundary
1222,"New Lahore Colony,Shastri Nagar Gali no 8 A & A-9, Delhi",1180,regular,1,1022,,https://dda.gov.in/sites/default/files/pmuday/1022_1180.pdf,2020-06-05,"(1) REGD. NO.37-(LOP)_New Lahore Colony Shastri Nagar, Delhi 31",https://dda.gov.in/delineated-boundary
1223,"Jagdamba Colony Aali Vihar Badarpur, Delhi",1181,regular,1,1187,,https://dda.gov.in/sites/default/files/pmuday/1187_1181.pdf,2020-06-10,,https://dda.gov.in/delineated-boundary
1224,Abul Fazal Enclave Pt-II Block G & H Delhi-25,1182-A,regular,1,1360,,https://dda.gov.in/sites/default/files/pmuday/1360__1182.pdf,2020-06-15,,https://dda.gov.in/delineated-boundary
1225,Abul Fazal Enclave Pt-II Block G & H Delhi-25,1182-B,regular,1,1360,,https://dda.gov.in/sites/default/files/pmuday/1360__1182.pdf,2020-06-15,,https://dda.gov.in/delineated-boundary
1226,Om vihar Phase-1 to 4 Uttam Nagar New Delhi- 59,1183,regular,1,629,,https://dda.gov.in/sites/default/files/pmuday/629_1183.pdf,2020-05-26,,https://dda.gov.in/delineated-boundary
1227,"Om Vihar Phase-V, Block A, A1, D, D1, D-2, E G H & Nawada Extn. Roop Vihar, Delhi",1184,regular,1,816,,https://dda.gov.in/sites/default/files/pmuday/816_1184.pdf,2020-06-02,(1) REGD. NO.1366_Vikas Kunj Extn.Uttam Nagar Delhi-59,https://dda.gov.in/delineated-boundary
1228,Shahbad Extn. East South of Sec -17 Rohini Delhi 42,1185,regular,1,58,,https://dda.gov.in/sites/default/files/pmuday/58_1185.pdf,2020-03-11,,https://dda.gov.in/delineated-boundary
1229,Raju park C- Block Devli Vill Delhi-62,1186,regular,1,1074,,https://dda.gov.in/sites/default/files/pmuday/1074_1186.pdf,2020-06-08,,https://dda.gov.in/delineated-boundary
1230,Raja Garden Extn.Near Ring Road Delhi,1190,regular,1,614,https://dda.gov.in/sites/default/files/pmuday/614_1190.pdf,,2019-12-04,,https://dda.gov.in/delineated-boundary
1231,"Krishna vihar West Najafgarh,Delhi",1191-A,regular,1,703,,https://dda.gov.in/sites/default/files/pmuday/703_1191.pdf,2020-05-29,,https://dda.gov.in/delineated-boundary
1232,"Krishna vihar West Najafgarh,Delhi",1191-B,regular,1,703,,https://dda.gov.in/sites/default/files/pmuday/703_1191.pdf,2020-05-29,,https://dda.gov.in/delineated-boundary
1233,"Dalip Vihar, Near Suraj Cinema, Najafgarh, Delhi",1192,regular,1,760,,https://dda.gov.in/sites/default/files/pmuday/760_1192.pdf,2020-06-01,,https://dda.gov.in/delineated-boundary
1234,Qutab Vihar Ph-I Najafgarh Delhi-71,1193,regular,1,549,https://dda.gov.in/sites/default/files/pmuday/549_1193.pdf,,2019-12-04,,https://dda.gov.in/delineated-boundary
1235,"Vishal Enclave Bawana Road, Narela, Delhi-40",1194,regular,1,504,,https://dda.gov.in/sites/default/files/pmuday/504_1194.pdf,2020-05-22,,https://dda.gov.in/delineated-boundary
1236,"Sant Mohalla (Chhuriya Mohalla) Tuglakabad,Delhi",1195,regular,1,1282,https://dda.gov.in/sites/default/files/pmuday/1282_1195.pdf,,2019-12-19,,https://dda.gov.in/delineated-boundary
1237,"Sannoth Extn.Pt-I,II,III Narela Delhi-41",1196,regular,1,505,,https://dda.gov.in/sites/default/files/pmuday/505_1196.pdf,2020-05-22,,https://dda.gov.in/delineated-boundary
1238,Satyam Puram Jharoda Kalan Border Delhi,1197,regular,1,712,,https://dda.gov.in/sites/default/files/pmuday/712_1197.pdf,2020-05-29,,https://dda.gov.in/delineated-boundary
1239,Harijan Basti Rohtak Road Delhi-5,1198,regular,1,697,,https://dda.gov.in/sites/default/files/pmuday/697_1198.pdf,2020-05-29,,https://dda.gov.in/delineated-boundary
1240,Pandav Nagar E & F Block -(LOP) Delhi,1199,regular,1,1171,https://dda.gov.in/sites/default/files/pmuday/1171_596-A.pdf,,2019-12-16,"(1) REGD. NO.596-B_Prince Colony,Hari Nagar Ext.Pt-III, Block D, E & F, Delhi-44",https://dda.gov.in/delineated-boundary
1241,"Mohan Garden Block R Extn. K- 5,K-6, Delhi- 59",1200,regular,1,1497,,https://dda.gov.in/sites/default/files/pmuday/1497_1200.pdf,2020-06-17,,https://dda.gov.in/delineated-boundary
1242,"Mahavir Enclave B & C Block Pt-I Palam,Delhi",1201,regular,1,433,,https://dda.gov.in/sites/default/files/pmuday/433_1201.pdf,2020-05-20,,https://dda.gov.in/delineated-boundary
1243,Anandpur Dham C-Block Delhi-81,1202,regular,1,750,,https://dda.gov.in/sites/default/files/pmuday/750_1202.pdf,2020-06-01,,https://dda.gov.in/delineated-boundary
1244,"Pratap Nagar, Mayur Vihar Ph-I, Delhi",1203,regular,0,1680,,,2020-04-27,"BOUNDARY OF COLONY CAN NOT BE DELINEATED AS PER ""SOP"" (""Shapefile"" of the colony is not available)",https://dda.gov.in/delineated-boundary
1245,"Kardam Farm R S T Enclave, Johripur Extn., Delhi- 94",1204-A,regular,1,240,,https://dda.gov.in/sites/default/files/pmuday/MAP%20240_1204.pdf,2020-05-16,"(1) REGD. NO. 11-(LOP)_Khajani Nagar, Johari Pur Delhi 94",https://dda.gov.in/delineated-boundary
1246,"Kardam Farm R S T Enclave, Johripur Extn., Delhi- 94",1204-B,regular,1,240,,https://dda.gov.in/sites/default/files/pmuday/MAP%20240_1204.pdf,2020-05-16,"(1) REGD. NO. 11-(LOP)_Khajani Nagar, Johari Pur Delhi 94",https://dda.gov.in/delineated-boundary
1247,"Kardam Farm R S T Enclave, Johripur Extn., Delhi- 94",1204-C,regular,1,240,,https://dda.gov.in/sites/default/files/pmuday/MAP%20240_1204.pdf,2020-05-16,"(1) REGD. NO. 11-(LOP)_Khajani Nagar, Johari Pur Delhi 94",https://dda.gov.in/delineated-boundary
1248,"Kardam Farm R S T Enclave, Johripur Extn., Delhi- 94",1204-D,regular,1,240,,https://dda.gov.in/sites/default/files/pmuday/MAP%20240_1204.pdf,2020-05-16,"(1) REGD. NO. 11-(LOP)_Khajani Nagar, Johari Pur Delhi 94",https://dda.gov.in/delineated-boundary
1249,Qutub Garh Extn.Nai Basti Delhi-59,1205,regular,0,888,,,2020-06-03,,https://dda.gov.in/delineated-boundary
1250,Mandoli Extn.Harijan Basti Delhi-93,1206,regular,1,1181,https://dda.gov.in/sites/default/files/pmuday/1181_1381.pdf,,2019-12-16,,https://dda.gov.in/delineated-boundary
1251,East Vinod Nagar R- Block Delhi-9,1207,regular,1,1182,https://dda.gov.in/sites/default/files/pmuday/1182_1069.pdf,,2019-12-16,"(1) REGD. NO.1069-A_Abul Fazal Enclave Pt-II Shahin Bagh,Delhi (2) REGD. NO.1182_Abul Fazal Enclave Pt-II Block G & H Delhi-25",https://dda.gov.in/delineated-boundary
1252,Raj Pur Khurd Extn.Mehrauli Delhi-68,1208,regular,1,469,https://dda.gov.in/sites/default/files/pmuday/469_1208.pdf,,2019-12-03,"(1) 394 Rajpur Khurd Extn (South) Rajpur Extn., New Delhi-68",https://dda.gov.in/delineated-boundary
1253,"Munshi Ram Colony, Timarpur Delhi-19",1209,regular,1,1246,,https://dda.gov.in/sites/default/files/pmuday/1246_1209.pdf,2020-06-12,,https://dda.gov.in/delineated-boundary
1254,RamGarh Jagirpur Delhi,1210,regular,1,1062,,https://dda.gov.in/sites/default/files/pmuday/1062_1210.pdf,2020-06-08,,https://dda.gov.in/delineated-boundary
1255,"Molarband Extn. E1,E2,E3 Block, Badarpur New Delhi",1211,regular,1,1231,,https://dda.gov.in/sites/default/files/pmuday/1231_1211.pdf,2020-06-12,"(1) REGD. NO.1162_Molar Band Extn. Block E-III Badarpur (2) REGD. NO.305_Molar Band Extn., Block No.-E/3, Part-2,Badarpur, New Delhi (3) REGD. NO.1030_Molar Band Extn.Block E-2 Badarpur,Delhi (4) REGD. NO.820_Molar Band Extn.E-I Block Badarpur,Delhi",https://dda.gov.in/delineated-boundary
1256,"Vikas Nagar Ph.II Ph-III Extn.Uttam Nagar ,Delhi",1212,regular,1,691,,https://dda.gov.in/sites/default/files/pmuday/691_1212.pdf,2020-05-29,,https://dda.gov.in/delineated-boundary
1257,"Vikas Nagar Ph.II Ph-III Extn.Uttam Nagar ,Delhi",1212-A,regular,1,691,,https://dda.gov.in/sites/default/files/pmuday/691_1212.pdf,2020-05-29,,https://dda.gov.in/delineated-boundary
1258,"Vikas Nagar Ph.II Ph-III Extn.Uttam Nagar ,Delhi",1212-B,regular,1,691,,https://dda.gov.in/sites/default/files/pmuday/691_1212.pdf,2020-05-29,,https://dda.gov.in/delineated-boundary
1259,"Hari Nagar Extn. C BlockPart 2 Badarpur, Delhi",1213,regular,1,1195,https://dda.gov.in/sites/default/files/pmuday/1195_1213.pdf,,2019-12-16,(1) REGD. NO.3805_Hari Nagar colony Pt-II D- Block Badarpur New Delhi,https://dda.gov.in/delineated-boundary
1260,Mahbub Nagar Zakhir Nagar New Delhio-25,1214,regular,1,1081,,https://dda.gov.in/sites/default/files/pmuday/1081_1214.pdf,2020-06-08,,https://dda.gov.in/delineated-boundary
1261,"Vikas Nagar Hastsal Village S- Block , Uttam Nagar",1215,regular,1,669,https://dda.gov.in/sites/default/files/pmuday/669_1215.pdf,,2019-12-06,,https://dda.gov.in/delineated-boundary
1262,Nehru Vihar GokulPuri Delhi-93,1216,regular,1,253,,https://dda.gov.in/sites/default/files/pmuday/253_1216.pdf,2020-05-16,,https://dda.gov.in/delineated-boundary
1263,"Kotla Village Extn.,Mayur Vihar Ph-I Delhi-91",1217,regular,1,131,,https://dda.gov.in/sites/default/files/pmuday/131_1217.pdf,2020-04-23,,https://dda.gov.in/delineated-boundary
1264,Khajuri Colony E- Block Delhi-94,1218-A,regular,1,1195,https://dda.gov.in/sites/default/files/pmuday/1195_1213.pdf,,2019-12-16,(1) REGD. NO.3805_Hari Nagar colony Pt-II D- Block Badarpur New Delhi,https://dda.gov.in/delineated-boundary
1265,Khajuri Colony E- Block Delhi-94,1218-B,regular,0,1686,,,2020-04-27,"BOUNDARY OF COLONY CAN NOT BE DELINEATED AS PER ""SOP"" (""Shapefile"" of the colony is not available)",https://dda.gov.in/delineated-boundary
1266,Khajuri Colony E- Block Delhi-94,1218-C,regular,0,1687,,,2020-04-27,"BOUNDARY OF COLONY CAN NOT BE DELINEATED AS PER ""SOP"" (""Shapefile"" of the colony is not available)",https://dda.gov.in/delineated-boundary
1267,"Lokesh Park & Heera park extn., Najafgarh, Delhi",1219,regular,1,373,,https://dda.gov.in/sites/default/files/pmuday/373_1219.pdf,2020-05-20,,https://dda.gov.in/delineated-boundary
1268,Panchsheel Vihar Khirki Village Near Malviya Nagar Delhi-17,1220,regular,1,1068,,https://dda.gov.in/sites/default/files/pmuday/1068_1220.pdf,2020-06-08,,https://dda.gov.in/delineated-boundary
1269,Sangam Vihar E- Block Delhi-62,1221,regular,1,860,,https://dda.gov.in/sites/default/files/pmuday/860_1221.pdf,2020-06-02,,https://dda.gov.in/delineated-boundary
1270,Sangam Vihar L-I Block Delhi,1222,regular,1,1201,,https://dda.gov.in/sites/default/files/pmuday/1201_1301.pdf,2020-06-12,,https://dda.gov.in/delineated-boundary
1271,"Sai Enclave G-I,G-2 Block Mohan Garden Uttam nagar",1224,regular,1,789,,https://dda.gov.in/sites/default/files/pmuday/789_1224.pdf,2020-06-01,,https://dda.gov.in/delineated-boundary
1272,Bhagat Singh Park Extn.Siraspur Vill.Delhi-42,1225,regular,1,1255,,https://dda.gov.in/sites/default/files/pmuday/1255_1225.pdf,2020-06-12,,https://dda.gov.in/delineated-boundary
1273,Shiv Enclave F& G Block Green Avenue Bhism Enclave Shiv Vihar Delhi-59,1226,regular,1,1204,,https://dda.gov.in/sites/default/files/pmuday/1204_506.pdf,2020-06-12,,https://dda.gov.in/delineated-boundary
1274,"Chinar Enclave Najafgarh,Delhi",1227,regular,1,982,,https://dda.gov.in/sites/default/files/pmuday/982_1227.pdf,2020-06-04,,https://dda.gov.in/delineated-boundary
1275,"Palam Cly Adarsh Gali Palam Gaon, Delhi-45",1228,regular,0,1688,,,2020-04-27,"BOUNDARY OF COLONY CAN NOT BE DELINEATED AS PER ""SOP"" (""Shapefile"" of the colony is not available)",https://dda.gov.in/delineated-boundary
1276,Village Shabad Mohd Pur Extn.Area Delhi-61,1229,regular,1,643,,https://dda.gov.in/sites/default/files/pmuday/643_1229.pdf,2020-05-27,"(1)58-(LOP) Samalka Village, New Delhi-37 (2) 839 Samalka Extn.(East) Telephone Exchange Road Samalka,New Delhi (3) 901 Samalka Extn.Kapashera Chowk Najafgarh Road (4)83-(ELD) ichaon Kalan Extn, Main Dichaon Kalan Road, Najafgarh New Delhi 43",https://dda.gov.in/delineated-boundary
1277,"Shri Chand Park Near Matiyala Village, Delhi",1230,regular,1,1283,,https://dda.gov.in/sites/default/files/pmuday/1283_1230.pdf,2020-06-15,,https://dda.gov.in/delineated-boundary
1278,"Krishna park, Khanpur, Devli Road",1231,regular,1,1527,,https://dda.gov.in/sites/default/files/pmuday/1527_1231.pdf,2020-06-17,,https://dda.gov.in/delineated-boundary
1279,Krishna Park Extn.Block D Devli road Delhi-62,1232-A,regular,1,1066,,https://dda.gov.in/sites/default/files/pmuday/1066_1232.pdf,2020-06-08,,https://dda.gov.in/delineated-boundary
1280,Krishna Park Extn.Block D Devli road Delhi-62,1232-B,regular,1,1066,,https://dda.gov.in/sites/default/files/pmuday/1066_1232.pdf,2020-06-08,,https://dda.gov.in/delineated-boundary
1281,"Vikas Nagar. Marbal Block Raj Hans vihar, Vikas Vihar, Uttam Nagar",1234,regular,1,672,https://dda.gov.in/sites/default/files/pmuday/672_1234.pdf,,2019-12-06,(1) REGD. NO.798_Panchseel Colony F- Block Mahavir Enclave -III New Delhi-59,https://dda.gov.in/delineated-boundary
1282,"Vikas Nagar. Marbal Block Raj Hans vihar, Vikas Vihar, Uttam Nagar",1234-A,regular,1,672,https://dda.gov.in/sites/default/files/pmuday/672_1234.pdf,,2019-12-06,(1) REGD. NO.798_Panchseel Colony F- Block Mahavir Enclave -III New Delhi-59,https://dda.gov.in/delineated-boundary
1283,"Vikas Nagar. Marbal Block Raj Hans vihar, Vikas Vihar, Uttam Nagar",1234-B,regular,1,672,https://dda.gov.in/sites/default/files/pmuday/672_1234.pdf,,2019-12-06,(1) REGD. NO.798_Panchseel Colony F- Block Mahavir Enclave -III New Delhi-59,https://dda.gov.in/delineated-boundary
1284,"Gopal Nagar Extn.Ph.II Block A & B,Surakhpur Road, Najafgarh",1235,regular,1,719,,https://dda.gov.in/sites/default/files/pmuday/719_1235.pdf,2020-05-29,,https://dda.gov.in/delineated-boundary
1285,Zindpur Village Extn.Alipur Delhi-36,1236,regular,1,15,,https://dda.gov.in/sites/default/files/pmuday/15_1236.pdf,2020-03-11,,https://dda.gov.in/delineated-boundary
1286,"Dharmapura A- I Block Najafgarh,Delhi",1238-A,regular,1,773,,https://dda.gov.in/sites/default/files/pmuday/773_1238.pdf,2020-06-01,,https://dda.gov.in/delineated-boundary
1287,"Dharmapura A- I Block Najafgarh,Delhi",1238-B,regular,1,773,,https://dda.gov.in/sites/default/files/pmuday/773_1238.pdf,2020-06-01,,https://dda.gov.in/delineated-boundary
1288,"Dr.Bhim Rao Ambedkar Cly Near Bijwasan Village,Delhi",1239,regular,1,645,,https://dda.gov.in/sites/default/files/pmuday/645_1239.pdf,2020-05-27,,https://dda.gov.in/delineated-boundary
1289,Dharam Pura J- Block Cly Najafgarh Delhi-43,1242,regular,1,771,,https://dda.gov.in/sites/default/files/pmuday/771_1242.pdf,2020-06-01,,https://dda.gov.in/delineated-boundary
1290,"H-Block, Hari Nagar Extn, Jaitpur Road Badarpur New Delhi 44",1243,regular,1,1215,,https://dda.gov.in/sites/default/files/pmuday/1215_1243.pdf,2020-06-12,,https://dda.gov.in/delineated-boundary
1291,Dr.Ambedkar Colony Radha Vihar Near Saboli Delhi-93,1245,regular,1,76,,https://dda.gov.in/sites/default/files/pmuday/76_1245.pdf,2020-03-11,,https://dda.gov.in/delineated-boundary
1292,Vishwakarma Colony M.B.Road Pul Pahladpur Delhi-44,1246-A,regular,1,1415,,https://dda.gov.in/sites/default/files/pmuday/1415_1246-A.pdf,2020-06-16,,https://dda.gov.in/delineated-boundary
1293,Vishwakarma Colony M.B.Road Pul Pahladpur Delhi-44,1246-B,regular,0,1689,,,2020-04-27,"BOUNDARY OF COLONY CAN NOT BE DELINEATED AS PER ""SOP"" (""Shapefile"" of the colony is not available)",https://dda.gov.in/delineated-boundary
1294,Vishwakarma Colony B- Block M.B.Road Pul Pahladpur Delhi-44,1247,regular,1,1416,,https://dda.gov.in/sites/default/files/pmuday/1416_1247.pdf,2020-06-16,,https://dda.gov.in/delineated-boundary
1295,"Amrita Puri Ranhola, Nilothi Road Delhi-41",1248-A,regular,0,1690,,,2020-04-27,"BOUNDARY OF COLONY CAN NOT BE DELINEATED AS PER ""SOP"" (""Shapefile"" of the colony is not available)",https://dda.gov.in/delineated-boundary
1296,"Amrita Puri Ranhola, Nilothi Road Delhi-41",1248-B,regular,0,1690,,,2020-04-27,"BOUNDARY OF COLONY CAN NOT BE DELINEATED AS PER ""SOP"" (""Shapefile"" of the colony is not available)",https://dda.gov.in/delineated-boundary
1297,Bakkarwala Village New Delhi-51,1249,regular,1,312,,https://dda.gov.in/sites/default/files/pmuday/312_1249.pdf,2020-05-18,,https://dda.gov.in/delineated-boundary
1298,Shiv Ram Park J- Block Nangloi Delhi-41,1251,regular,1,607,,https://dda.gov.in/sites/default/files/pmuday/607_1251.pdf,2020-05-26,,https://dda.gov.in/delineated-boundary
1299,"Uday Vihar Pt-1,2,3,4 Nilothi Extn.,Delhi-41",1252-A,regular,0,926,,,2020-06-03,,https://dda.gov.in/delineated-boundary
1300,"Uday Vihar Pt-1,2,3,4 Nilothi Extn.,Delhi-41",1252-B,regular,0,926,,,2020-06-03,,https://dda.gov.in/delineated-boundary
1301,"Ashok Nagar D Block Main Wazirabad Road,Delhi-93",1253,regular,1,32,,https://dda.gov.in/sites/default/files/pmuday/32_1253.pdf,2020-03-11,,https://dda.gov.in/delineated-boundary
1302,Lui Braill Vihar Rani Khera Delhi,1255,regular,1,1523,,https://dda.gov.in/sites/default/files/pmuday/1523_1255.pdf,2020-06-17,,https://dda.gov.in/delineated-boundary
1303,"Sangam Vihar F-2 Block Hamdard Near Batra Hospital, M.B.Road, Delhi.",1256,regular,1,858,,https://dda.gov.in/sites/default/files/pmuday/858_1256.pdf,2020-06-02,,https://dda.gov.in/delineated-boundary
1304,Jeevan park F- Block Uttam NagarDelhi-59,1257,regular,1,475,,https://dda.gov.in/sites/default/files/pmuday/475_1257.pdf,2020-05-22,,https://dda.gov.in/delineated-boundary
1305,Budh Vihar Harijan basti Mandawali Delhi-93,1258,regular,1,1313,,https://dda.gov.in/sites/default/files/pmuday/1313_1258.pdf,2020-06-15,,https://dda.gov.in/delineated-boundary
1306,"New Roshanpura Extn. J- Block ,Najafgarh,Delhi",1263,regular,1,532,,https://dda.gov.in/sites/default/files/pmuday/532_1263.pdf,2020-05-23,"(1) 833 Shyam Vihar Phase-II, (Behind Pooja Pipe Factory) Najafgarh Delhi-43",https://dda.gov.in/delineated-boundary
1307,"Ganga Shai Colony Harijan Basti Mandoli,Delhi",1264,regular,1,93,,https://dda.gov.in/sites/default/files/pmuday/93_1264.pdf,2020-03-12,"(1) REGD. NO.1258_Budh Vihar Harijan basti Mandawali Delhi-93, (2) REGD. NO.884_Rajiv Nagar Mandoli New Delhi-93, (3) REGD. NO.884_Rajiv Nagar Mandoli New Delhi-93,",https://dda.gov.in/delineated-boundary
1308,"Prem Nagar A Block Ph-V Najafgarh,Delhi",1265,regular,1,763,,https://dda.gov.in/sites/default/files/pmuday/763_1265.pdf,2020-06-01,(1) REGD. NO.96-(ELD)_E- Block Prem Nagar Najafgarh New Delhi 43,https://dda.gov.in/delineated-boundary
1309,Kapashera Extn.B- Block Delhi-37,1266,regular,0,1581,,,2020-03-19,"BOUNDARY OF COLONY CAN NOT BE DELINEATED AS PER ""SOP""",https://dda.gov.in/delineated-boundary
1310,"Sourabh Vihar K- Block Hari Nagar Jait Pur Badarpur,Delhi",1267-A,regular,1,1363,,https://dda.gov.in/sites/default/files/pmuday/1363_1267-%20A.pdf,2020-06-16,,https://dda.gov.in/delineated-boundary
1311,"Sourabh Vihar K- Block Hari Nagar Jait Pur Badarpur,Delhi",1267-B,regular,1,1202,,https://dda.gov.in/sites/default/files/pmuday/1202_1267_B.pdf,2020-06-12,"(1) REGD. NO.1267_A_Sourabh Vihar K- Block Hari Nagar Jait Pur Badarpur,Delhi (2) REGD. NO.1267_Sourabh Vihar K- Block Hari Nagar Jait Pur Badarpur,Delhi (3) REGD. NO.1578_Hari Nagar Etn., L-Block, Saurabh Vihar, Jaitpur, New Delhi",https://dda.gov.in/delineated-boundary
1312,"Niranjan Park Najafgarh Road, Nangli Dairy",1268,regular,1,903,https://dda.gov.in/sites/default/files/pmuday/903_1268.pdf,,2019-12-11,,https://dda.gov.in/delineated-boundary
1313,Mange Ram park Extn.Budh vihar Ph-II Delhi-41,1269,regular,0,930,,,2020-06-03,,https://dda.gov.in/delineated-boundary
1314,Sharma Enclave Mubarak Pur Extn.Delhi-81,1271,regular,1,1036,https://dda.gov.in/sites/default/files/pmuday/1036_1271.pdf,,2019-12-15,,https://dda.gov.in/delineated-boundary
1315,"Mitha Pur Extn.1 Block A B C 2 D,Delhi",1272-A,regular,1,1223,,https://dda.gov.in/sites/default/files/pmuday/1223_1272_A.pdf,2020-06-12,,https://dda.gov.in/delineated-boundary
1316,"Mitha Pur Extn.1 Block A B C 2 D,Delhi",1272-B,regular,1,1222,,https://dda.gov.in/sites/default/files/pmuday/1222_1272_B.pdf,2020-06-12,,https://dda.gov.in/delineated-boundary
1317,"Gopal nagar Extn.Najafgarh,Delhi",1273-A,regular,1,1471,,https://dda.gov.in/sites/default/files/pmuday/1471_1273_A.pdf,2020-06-17,,https://dda.gov.in/delineated-boundary
1318,"Gopal nagar Extn.Najafgarh,Delhi",1273-B,regular,1,382,,https://dda.gov.in/sites/default/files/pmuday/382_1273_B.pdf,2020-05-20,"(1) REGD. NO.1273_A_Gopal nagar Extn.Najafgarh,Delhi",https://dda.gov.in/delineated-boundary
1319,"Sapera Basti Village Gharoli, Delhi-96",1274,regular,1,110,,https://dda.gov.in/sites/default/files/pmuday/110_1274.pdf,2020-04-23,,https://dda.gov.in/delineated-boundary
1320,"Kamal Vihar Karawal nagar ,Delhi",1275,regular,1,286,,https://dda.gov.in/sites/default/files/pmuday/286_1275.pdf,2020-05-18,,https://dda.gov.in/delineated-boundary
1321,"Gopal nagar A- Block , Najafgarh,Delhi",1276-A,regular,1,384,,https://dda.gov.in/sites/default/files/pmuday/384_1276_A.pdf,2020-05-20,"(1) REGD. NO.1276_C_Gopal nagar A- Block , Najafgarh,Delhi, (2) REGD. NO.1276_D _Gopal nagar A- Block , Najafgarh,Delhi",https://dda.gov.in/delineated-boundary
1322,"Gopal nagar A- Block , Najafgarh,Delhi",1276-B,regular,1,1253,,https://dda.gov.in/sites/default/files/pmuday/1253_627.pdf,2020-06-12,,https://dda.gov.in/delineated-boundary
1323,"Gopal nagar A- Block , Najafgarh,Delhi",1276-C,regular,1,1473,,https://dda.gov.in/sites/default/files/pmuday/1473_1276_C.pdf,2020-06-17,,https://dda.gov.in/delineated-boundary
1324,"Gopal nagar A- Block , Najafgarh,Delhi",1276-D,regular,1,1474,,https://dda.gov.in/sites/default/files/pmuday/1474_1276_D.pdf,2020-06-17,,https://dda.gov.in/delineated-boundary
1325,"Prem nagar Najafgarh G- Block & G-1,Delhi",1277-A,regular,1,1384,,https://dda.gov.in/sites/default/files/pmuday/1384_1277_A.pdf,2020-06-16,,https://dda.gov.in/delineated-boundary
1326,"Prem nagar Najafgarh G- Block & G-1,Delhi",1277-B,regular,0,1693,,,2020-04-27,"BOUNDARY OF COLONY CAN NOT BE DELINEATED AS PER ""SOP"" (""Shapefile"" of the colony is not available)",https://dda.gov.in/delineated-boundary
1327,Kapashera Extn.A- Block Delhi-37,1278,regular,1,626,,https://dda.gov.in/sites/default/files/pmuday/626_1278.pdf,2020-05-26,,https://dda.gov.in/delineated-boundary
1328,"Gupta Market Najafgarh, Delhi",1279,regular,1,375,,https://dda.gov.in/sites/default/files/pmuday/375_1279.pdf,2020-05-20,,https://dda.gov.in/delineated-boundary
1329,Milan Garden Near Sabha pur Extn.Delhi-92,1280,regular,1,1559,https://dda.gov.in/sites/default/files/pmuday/1559_1280.pdf,,2020-03-16,,https://dda.gov.in/delineated-boundary
1330,"Mahabir Enclave Extn.C-3,Palam Road New Delhi-45",1282,regular,1,437,,https://dda.gov.in/sites/default/files/pmuday/437_1282.pdf,2020-05-20,,https://dda.gov.in/delineated-boundary
1331,Vipin Garden Extn.Uttam Nagar Delhi-59,1283,regular,1,822,,https://dda.gov.in/sites/default/files/pmuday/822_1283.pdf,2020-06-02,"(1) REGD. NO.1599_Tilak Enclave, Mohan Garden, Uttam Nagar",https://dda.gov.in/delineated-boundary
1332,"Vikas Vihar Uttam Nagar,Delhi",1286,regular,1,673,,https://dda.gov.in/sites/default/files/pmuday/673_1286.pdf,2020-05-27,,https://dda.gov.in/delineated-boundary
1333,Hanuman Enclave Nangloi Delhi-41,1287,regular,0,912,,,2020-06-03,,https://dda.gov.in/delineated-boundary
1334,"Kondli Colony, New Ashok Nagar,Delhi-96",1288,regular,1,16,,https://dda.gov.in/sites/default/files/pmuday/16_1288.pdf,2020-03-11,,https://dda.gov.in/delineated-boundary
1335,Harijan Basti Purani Abadi Patparganj Delhi-91,1289,regular,1,129,,https://dda.gov.in/sites/default/files/pmuday/129_1289.pdf,2020-04-23,,https://dda.gov.in/delineated-boundary
1336,Jain Colony Pt-I T.Extn. Uttam Nagar,1290,regular,1,491,,https://dda.gov.in/sites/default/files/pmuday/491_1290.pdf,2020-05-22,,https://dda.gov.in/delineated-boundary
1337,"Gupta Park Najafgarh,Delhi",1291,regular,1,764,,https://dda.gov.in/sites/default/files/pmuday/764_1291.pdf,2020-06-01,,https://dda.gov.in/delineated-boundary
1338,"Nai basti Bakner Paschim,Delhi",1292,regular,1,1578,https://dda.gov.in/sites/default/files/pmuday/1578_1292.pdf,,2020-03-16,,https://dda.gov.in/delineated-boundary
1339,"Raksha Enclave Extn.III Uttam Nagar,Delhi",1293,regular,1,823,,https://dda.gov.in/sites/default/files/pmuday/823_1293.pdf,2020-06-02,,https://dda.gov.in/delineated-boundary
1340,"Village.,]Pooth Kalan Extn,Abadi, Delhi",1294,regular,1,941,,https://dda.gov.in/sites/default/files/pmuday/941_1294.pdf,2020-06-04,,https://dda.gov.in/delineated-boundary
1341,Durga Vihar Devli Extn.Delhi-62,1296-A,regular,1,1256,,https://dda.gov.in/sites/default/files/pmuday/1256_1296_A.pdf,2020-06-12,,https://dda.gov.in/delineated-boundary
1342,Durga Vihar Devli Extn.Delhi-62,1296-B,regular,1,1273,,https://dda.gov.in/sites/default/files/pmuday/1273_500.pdf,2020-06-12,,https://dda.gov.in/delineated-boundary
1343,"Sainik Vihar Ph-III Mohan Garden Uttam Nagar, Delhi",1297,regular,1,786,,https://dda.gov.in/sites/default/files/pmuday/786_1297.pdf,2020-06-01,,https://dda.gov.in/delineated-boundary
1344,"Mohit Nagar Uttam Nagar, Delhi",1298,regular,1,1284,,https://dda.gov.in/sites/default/files/pmuday/1284_1298.pdf,2020-06-15,,https://dda.gov.in/delineated-boundary
1345,"Mitha Pur Extn. A- Block Badarpur , Delhi",1299,regular,1,1276,,https://dda.gov.in/sites/default/files/pmuday/1276_635.pdf,2020-06-12,,https://dda.gov.in/delineated-boundary
1346,MithaPur Extn. Badarpur Delhi-36,1300,regular,1,1277,,https://dda.gov.in/sites/default/files/pmuday/1277_746.pdf,2020-06-12,,https://dda.gov.in/delineated-boundary
1347,Ch.Lakha Ram Colony School Rd.Shakti Vihar Pt-I Delhi-44,1301,regular,1,1201,,https://dda.gov.in/sites/default/files/pmuday/1201_1301.pdf,2020-06-12,,https://dda.gov.in/delineated-boundary
1348,Raj Nagar I & II Palam Colony N.D,1303,regular,1,412,,https://dda.gov.in/sites/default/files/pmuday/412_1303.pdf,2020-05-20,,https://dda.gov.in/delineated-boundary
1349,"Shahbad Extn Shahbad, Delhi",1304,regular,1,64,https://dda.gov.in/sites/default/files/pmuday/64_1304.pdf,,2019-11-25,"(1) REGD. NO. 728_Kushak No.2, Extn., Delhi-36",https://dda.gov.in/delineated-boundary
1350,"Suraj Park Samai Pur Near Sect-18 Rohini, Delhi",1306,regular,1,1333,,https://dda.gov.in/sites/default/files/pmuday/1333_1306.pdf,2020-06-15,,https://dda.gov.in/delineated-boundary
1351,Rajiv nagar Extn.Begumpur Delhi-41,1307-A,regular,0,883,,,2020-06-03,"(1)583 Rajiv Nagar Extn., Dhiraj Vihar ,Sultan Puri, New Delhi",https://dda.gov.in/delineated-boundary
1352,Rajiv nagar Extn.Begumpur Delhi-41,1307-B,regular,0,883,,,2020-06-03,"(1)583 Rajiv Nagar Extn., Dhiraj Vihar ,Sultan Puri, New Delhi",https://dda.gov.in/delineated-boundary
1353,Rajiv nagar Extn.Begumpur Delhi-41,1307-C,regular,0,883,,,2020-06-03,"(1)583 Rajiv Nagar Extn., Dhiraj Vihar ,Sultan Puri, New Delhi",https://dda.gov.in/delineated-boundary
1354,Begam Pur Extn.Delhi-41,1308,regular,1,1285,,https://dda.gov.in/sites/default/files/pmuday/1285_1445.pdf,2020-06-15,,https://dda.gov.in/delineated-boundary
1355,"Friends Enclave Sultanpuri Extn.East blockA Sultanpuri Nangloi, N.D-41",1309,regular,0,914,,,2020-06-03,,https://dda.gov.in/delineated-boundary
1356,Pratap Garden Uttam Nagar Delhi-59,1310,regular,1,561,,https://dda.gov.in/sites/default/files/pmuday/561_1310.pdf,2020-05-26,,https://dda.gov.in/delineated-boundary
1357,Defence Enclave Goela Tajpur Rd.Chawla New Delhi-71,1311,regular,1,1579,https://dda.gov.in/sites/default/files/pmuday/1579_1311.pdf,,2020-03-16,,https://dda.gov.in/delineated-boundary
1358,"Mahavir Enclave Pt-I, Block A b C H & I, Delhi",1313,regular,1,435,,https://dda.gov.in/sites/default/files/pmuday/435_1313.pdf,2020-05-20,,https://dda.gov.in/delineated-boundary
1359,Sulakul Vihar Uttam Nagar N..D-43,1314,regular,1,1095,,https://dda.gov.in/sites/default/files/pmuday/1095_1314.pdf,2020-06-08,,https://dda.gov.in/delineated-boundary
1360,West Sagarpur P & T Block Delhi,1317,regular,1,1461,https://dda.gov.in/sites/default/files/pmuday/1461_1317.pdf,,2020-01-06,,https://dda.gov.in/delineated-boundary
1361,Sukhvir Nagar Karala Delhi-81,1318,regular,1,880,https://dda.gov.in/sites/default/files/pmuday/880_1318.pdf,,2019-12-11,,https://dda.gov.in/delineated-boundary
1362,Jivan park E- Block Pankha Road Delhi-59,1320,regular,1,447,,https://dda.gov.in/sites/default/files/pmuday/447_1320.pdf,2020-05-22,,https://dda.gov.in/delineated-boundary
1363,"Adhyapak Nagar Block D E F, Najafgarh Road, Delhi",1322,regular,1,349,,https://dda.gov.in/sites/default/files/pmuday/349_1322.pdf,2020-05-18,,https://dda.gov.in/delineated-boundary
1364,Adhyapak Nagar Block A B C Nangloi,1323,regular,1,350,,https://dda.gov.in/sites/default/files/pmuday/350_1323.pdf,2020-05-18,,https://dda.gov.in/delineated-boundary
1365,"Nihal Vihar , Nangloi Jat, Delhi",1324,regular,0,908,,,2020-06-03,(1)966 Ruchi Vihar Nangloi Delhi-41,https://dda.gov.in/delineated-boundary
1366,"Jain Colony T Block Pt-II & III, Uttam Nagar, Delhi",1325,regular,1,490,,https://dda.gov.in/sites/default/files/pmuday/490_1325.pdf,2020-05-22,,https://dda.gov.in/delineated-boundary
1367,"RamChandra Enclave Mohan Garden, Delhi",1326,regular,1,808,,https://dda.gov.in/sites/default/files/pmuday/808_1326.pdf,2020-06-02,,https://dda.gov.in/delineated-boundary
1368,"Chhawla Extn.Near B.S F Camp Gurgaon Road Chhawla, Delhi",1327,regular,1,624,https://dda.gov.in/sites/default/files/pmuday/624_1327.pdf,,2019-12-04,,https://dda.gov.in/delineated-boundary
1369,"Vinoba Enclave A1 Block Najafgarh Main Road Opp.DSIDC SHOP, Delhi",1329,regular,1,371,https://dda.gov.in/sites/default/files/pmuday/371_1329.pdf,,2019-12-02,,https://dda.gov.in/delineated-boundary
1370,"Golden Enclave B Block Nangil Sakrawati, Delhi",1331,regular,1,1572,https://dda.gov.in/sites/default/files/pmuday/1572_1331.pdf,,2020-03-16,,https://dda.gov.in/delineated-boundary
1371,"Om Vihar Extn. E, E-I, F Block Uttam Nagar N.D",1332,regular,1,650,,https://dda.gov.in/sites/default/files/pmuday/650_1332.pdf,2020-05-27,,https://dda.gov.in/delineated-boundary
1372,"Ranaji Enclave Najafgarh, Nangli, Sakravati, Delhi",1333,regular,0,898,,,2020-06-03,,https://dda.gov.in/delineated-boundary
1373,"Indra Park F- Block Maksudabad, Najafgarh, N.D",1334,regular,1,967,,https://dda.gov.in/sites/default/files/pmuday/967_1334.pdf,2020-06-04,,https://dda.gov.in/delineated-boundary
1374,"Laxmi vihar B- Block Nangli,Sakravagti, Delhi",1335,regular,0,,,,,Boundary map pending or omitted from DDA portal table,https://dda.gov.in/sites/default/files/pmuday/1731_uc.pdf
1375,"Sangam Vihar F-1 Block ,N.D",1336,regular,1,861,,https://dda.gov.in/sites/default/files/pmuday/861_1336.pdf,2020-06-02,,https://dda.gov.in/delineated-boundary
1376,"Chandra Park, A & B Block, Old Palam Road New Delhi",1337,regular,1,1099,,https://dda.gov.in/sites/default/files/pmuday/1099_1337.pdf,2020-06-08,,https://dda.gov.in/delineated-boundary
1377,"Kumhar Basti Hauz Rani, Malviya Nagar, Delhi- 17",1338,regular,1,1176,https://dda.gov.in/sites/default/files/pmuday/1176_1338.pdf,,2019-12-16,,https://dda.gov.in/delineated-boundary
1378,Pawan Dham Trivani Cly Delhi-36,1341,regular,1,271,,https://dda.gov.in/sites/default/files/pmuday/271_1341.pdf,2020-05-18,,https://dda.gov.in/delineated-boundary
1379,Amrita Puri Block C RanHaulla Village Delhi-41,1342,regular,1,331,,https://dda.gov.in/sites/default/files/pmuday/331_1342.pdf,2020-05-18,,https://dda.gov.in/delineated-boundary
1380,Mohan Garden Block A-3 Uttam Nagar New Delhi,1344,regular,1,1311,,https://dda.gov.in/sites/default/files/pmuday/1311_248.pdf,2020-06-15,,https://dda.gov.in/delineated-boundary
1381,"Bajaj Enclave Old Palam Road Kakrola More, N.D",1345,regular,0,907,,,2020-06-03,,https://dda.gov.in/delineated-boundary
1382,Sadh Nagar-II F- Block Gali No21 -25 New Delhi-45,1346,regular,1,588,,https://dda.gov.in/sites/default/files/pmuday/588_1346.pdf,2020-05-26,"(1) 945 Sadh Nagar-II , F- Block New Delhi-45 (2) 945-B Sadh Nagar-II , F- Block New Delhi-45",https://dda.gov.in/delineated-boundary
1383,"Mohalla Jahapanah Hauz Rani, Malviya Nagar, Delhi-17",1347,regular,1,1528,,https://dda.gov.in/sites/default/files/pmuday/1528_1347.pdf,2020-06-17,,https://dda.gov.in/delineated-boundary
1384,"Mohalla Jahapanah Hauz Rani, Malviya Nagar, Delhi-17",1347-B,regular,1,1528,,https://dda.gov.in/sites/default/files/pmuday/1528_1347.pdf,2020-06-17,,https://dda.gov.in/delineated-boundary
1385,"Gurunanak Nagar Bhalswa Dairy, Delhi",1348,regular,1,38,,https://dda.gov.in/sites/default/files/pmuday/38_1348.pdf,2020-03-11,,https://dda.gov.in/delineated-boundary
1386,Rajiv Gandhi Nagar Mustafabad New Delhi,1349,regular,1,254,,https://dda.gov.in/sites/default/files/pmuday/254_1349.pdf,2020-05-16,,https://dda.gov.in/delineated-boundary
1387,Village Gajipur Delhi-96,1350,regular,1,1004,,https://dda.gov.in/sites/default/files/pmuday/1004_1350.pdf,2020-06-05,,https://dda.gov.in/delineated-boundary
1388,"Amar Shoping Complex Uttam Nagar, Delhi",1352,regular,1,1319,,https://dda.gov.in/sites/default/files/pmuday/1319_636-B.pdf,2020-06-15,,https://dda.gov.in/delineated-boundary
1389,"Bhagirath Vihar Ph-I & II, Nand Nagari",1353,regular,1,255,,https://dda.gov.in/sites/default/files/pmuday/255_1353.pdf,2020-05-16,,https://dda.gov.in/delineated-boundary
1390,Sangam Vihar G- Block Near Shooting Range Delhi-62,1354,regular,1,864,,https://dda.gov.in/sites/default/files/pmuday/864_1354.pdf,2020-06-02,(1) 1354 B Sangam Vihar G- Block Near Shooting Range Delhi-62,https://dda.gov.in/delineated-boundary
1391,Sangam Vihar G- Block Near Shooting Range Delhi-62,1354-B,regular,1,864,,https://dda.gov.in/sites/default/files/pmuday/864_1354.pdf,2020-06-02,(1) 1354 B Sangam Vihar G- Block Near Shooting Range Delhi-62,https://dda.gov.in/delineated-boundary
1392,"Vishwas Nagar Block No.17,Shahdara Delhi-32",1356,regular,1,1316,,https://dda.gov.in/sites/default/files/pmuday/1316_1356.pdf,2020-06-15,,https://dda.gov.in/delineated-boundary
1393,Chhawla Extn.1 Panchia Mohalla Delhi-71,1357,regular,1,621,https://dda.gov.in/sites/default/files/pmuday/621_1357.pdf,,2019-12-04,,https://dda.gov.in/delineated-boundary
1394,"Bhikam Singh Colony Block N0.33 Vishwas Nagar, Shahdara Delhi-110032",1359,regular,0,1697,,,2020-04-27,"BOUNDARY OF COLONY CAN NOT BE DELINEATED AS PER ""SOP"" (""Shapefile"" of the colony is not available)",https://dda.gov.in/delineated-boundary
1395,"Vishwas Nagar Block No.17,Shahdara Delhi-32",1360,regular,1,1326,,https://dda.gov.in/sites/default/files/pmuday/1326_406%20A.pdf,2020-06-15,,https://dda.gov.in/delineated-boundary
1396,Mohan garden R-III Block N.D,1361,regular,1,813,,https://dda.gov.in/sites/default/files/pmuday/813_1361.pdf,2020-06-02,,https://dda.gov.in/delineated-boundary
1397,Hastsal Extn.Vikas Nagar Uttam Nagar Delhi-59,1363,regular,1,1513,,https://dda.gov.in/sites/default/files/pmuday/1513_1363.pdf,2020-06-17,,https://dda.gov.in/delineated-boundary
1398,"Vikas Nagar,R- Block & R Extn, Hastsal, Delhi-59",1364,regular,1,667,,https://dda.gov.in/sites/default/files/pmuday/667_1364.pdf,2020-05-27,,https://dda.gov.in/delineated-boundary
1399,"Vikas Nagar,R- Block & R Extn, Hastsal, Delhi-59",1364-A,regular,1,667,,https://dda.gov.in/sites/default/files/pmuday/667_1364.pdf,2020-05-27,,https://dda.gov.in/delineated-boundary
1400,"Brahm Puri Cly Nangloi Najafgarh Rd.Safipur Ranhola, Delhi",1365,regular,1,336,,https://dda.gov.in/sites/default/files/pmuday/336_1365.pdf,2020-05-18,,https://dda.gov.in/delineated-boundary
1401,Vikas Kunj Extn.Uttam Nagar Delhi-59,1366,regular,1,1499,,https://dda.gov.in/sites/default/files/pmuday/1499_1366.pdf,2020-06-17,,https://dda.gov.in/delineated-boundary
1402,"Sai Enclave Mohan Garden , Delhi",1367,regular,1,844,,https://dda.gov.in/sites/default/files/pmuday/844_1367.pdf,2020-06-02,"(1) REGD. NO.239_M. S. & New M. S. Mohan Garden, New Delhi-59",https://dda.gov.in/delineated-boundary
1403,"Inderprasth Cly Pt-I Extn.Burari, Delhi",1368,regular,1,1334,,https://dda.gov.in/sites/default/files/pmuday/1334_49-(LOP).pdf,2020-06-15,,https://dda.gov.in/delineated-boundary
1404,Partap Nagar Near Mayur Vihar Delhi,1369,regular,1,125,,https://dda.gov.in/sites/default/files/pmuday/125_1369.pdf,2020-04-23,,https://dda.gov.in/delineated-boundary
1405,Pratap Nagar Saboli Village.Delhi,1370,regular,1,75,,https://dda.gov.in/sites/default/files/pmuday/75_1370.pdf,2020-03-11,,https://dda.gov.in/delineated-boundary
1406,Village.Garhi Mandu Delhi-53,1371,regular,1,147,,https://dda.gov.in/sites/default/files/pmuday/147_1371.pdf,2020-04-23,,https://dda.gov.in/delineated-boundary
1407,"Nirmal Vihar Najafgarh, Delhi",1372,regular,1,357,,https://dda.gov.in/sites/default/files/pmuday/357_1372.pdf,2020-05-20,,https://dda.gov.in/delineated-boundary
1408,"Ranaji Enclave Near Sai Mandir Najafgarh, Delhi",1373,regular,1,968,,https://dda.gov.in/sites/default/files/pmuday/968_1373.pdf,2020-06-04,,https://dda.gov.in/delineated-boundary
1409,Shankar Park Dharampura Extn.Najafgarh,1374,regular,1,956,,https://dda.gov.in/sites/default/files/pmuday/956_1374.pdf,2020-06-04,,https://dda.gov.in/delineated-boundary
1410,"Sri Sai Baba Enclave Najafgarh, Delhi",1375,regular,1,963,,https://dda.gov.in/sites/default/files/pmuday/963_1375.pdf,2020-06-04,,https://dda.gov.in/delineated-boundary
1411,"School Block Unche Pur Mandawali Fazalpur, Delhi",1377,regular,1,1011,,https://dda.gov.in/sites/default/files/pmuday/1011_1377.pdf,2020-06-05,"(1) REGD. NO.10-(ELD)_E-Block, Mandawali Fazalpur, Unchepar, Delhi",https://dda.gov.in/delineated-boundary
1412,"Kunwer Singh nagar Laxmi Park Najafgarh, Nangloi, Delhi",1378,regular,1,348,,https://dda.gov.in/sites/default/files/pmuday/348_1378.pdf,2020-05-18,,https://dda.gov.in/delineated-boundary
1413,Udai Vihar Kanjhawala Delhi-81,1379,regular,1,1057,,https://dda.gov.in/sites/default/files/pmuday/1057_1379.pdf,2020-06-08,,https://dda.gov.in/delineated-boundary
1414,"Amar Colony Ph II& III, Rohtak Road, Nangloi, Delhi",1380,regular,1,1345,,https://dda.gov.in/sites/default/files/pmuday/1345_1352-B.pdf,2020-06-15,,https://dda.gov.in/delineated-boundary
1415,Jasola Village Delhi-25,1381,regular,1,1181,https://dda.gov.in/sites/default/files/pmuday/1181_1381.pdf,,2019-12-16,,https://dda.gov.in/delineated-boundary
1416,Nanhe Park D-I Block Matiala Rd Uttam Nagar Delhi-57,1382,regular,1,655,,https://dda.gov.in/sites/default/files/pmuday/655_1382.pdf,2020-05-27,,https://dda.gov.in/delineated-boundary
1417,Khera Khurd Extn Village Khera Khurd.Delhi,1383,regular,1,17,,https://dda.gov.in/sites/default/files/pmuday/17_1383.pdf,2020-03-11,,https://dda.gov.in/delineated-boundary
1418,"Amar Vihar Karawal Nagar, Delhi",1384,regular,0,1699,,,2020-04-27,"BOUNDARY OF COLONY CAN NOT BE DELINEATED AS PER ""SOP"" (""Shapefile"" of the colony is not available)",https://dda.gov.in/delineated-boundary
1419,"Khajuri Colony F- Block, Mangal Pandey Road, New delhi",1386,regular,1,143,,https://dda.gov.in/sites/default/files/pmuday/143_1386.pdf,2020-04-23,,https://dda.gov.in/delineated-boundary
1420,Mohan Garden L-II Block Uttam Nagar Delhi-59,1387,regular,1,820,,https://dda.gov.in/sites/default/files/pmuday/820_1387.pdf,2020-06-02,"(1) REGD. NO.954_Defence Enclave & Defence Enclave Pt-I Mohan Garden, (2) REGD. NO.1093B _Defence Enclave Pt-I K-5 Extn.Pt-I Mohan Garden,Delhi",https://dda.gov.in/delineated-boundary
1421,"Shri Anand Niketan Laxmi Vihar D- Block Najafgarh, Delhi",1388,regular,1,361,,https://dda.gov.in/sites/default/files/pmuday/361_1388.pdf,2020-05-20,,https://dda.gov.in/delineated-boundary
1422,"Ambedkar Nagar Extn., Haiderpur, Delhi-88",1391,regular,0,1700,,,2020-04-27,"BOUNDARY OF COLONY CAN NOT BE DELINEATED AS PER ""SOP"" (""Shapefile"" of the colony is not available)",https://dda.gov.in/delineated-boundary
1423,Ranjeet Nagar N.D-8,1394,regular,1,619,,https://dda.gov.in/sites/default/files/pmuday/619_1394.pdf,2020-05-26,,https://dda.gov.in/delineated-boundary
1424,Meer vihar Mubarakpur Dabas Rd.Madanpur Dabas Delhi-81,1395,regular,1,1047,,https://dda.gov.in/sites/default/files/pmuday/1047_1395.pdf,2020-06-05,,https://dda.gov.in/delineated-boundary
1425,"Dhir Pur Enclave Near Shah Alam Bandh, Delhi- 9",1397,regular,1,43,,https://dda.gov.in/sites/default/files/pmuday/43_1397.pdf,2020-03-11,,https://dda.gov.in/delineated-boundary
1426,"Harsh Dev Park Budh Vihar Ph-II , Delhi",1398-A,regular,1,1380,,https://dda.gov.in/sites/default/files/pmuday/1380_1398.pdf,2020-06-16,,https://dda.gov.in/delineated-boundary
1427,"Harsh Dev Park Budh Vihar Ph-II , Delhi",1398-B,regular,1,1380,,https://dda.gov.in/sites/default/files/pmuday/1380_1398.pdf,2020-06-16,,https://dda.gov.in/delineated-boundary
1428,"Budh Vihar Extn. Near Sector-23 & 24, Rohini, Rithala Road,Delhi-41",1399,regular,1,946,,https://dda.gov.in/sites/default/files/pmuday/946_1399.pdf,2020-06-04,,https://dda.gov.in/delineated-boundary
1429,"Sai Enclave G-2,G-3, Mohan Garden,Delhi-59",1401,regular,1,680,,https://dda.gov.in/sites/default/files/pmuday/680_1401.pdf,2020-05-27,,https://dda.gov.in/delineated-boundary
1430,"Budh Vihar Phase-II, Near Rohini, Sect-24, Delhi-41",1402,regular,1,944,,https://dda.gov.in/sites/default/files/pmuday/944_1402.pdf,2020-06-04,,https://dda.gov.in/delineated-boundary
1431,"Dharampura-l Najafgarh, New Delhi-43",1403-A,regular,1,772,,https://dda.gov.in/sites/default/files/pmuday/772_1403_A.pdf,2020-06-01,,https://dda.gov.in/delineated-boundary
1432,"Dharampura-l Najafgarh, New Delhi-43",1403-B,regular,1,769,,https://dda.gov.in/sites/default/files/pmuday/769_1403_B.pdf,2020-06-01,"(1) REGD. NO.1238_Dharmapura A- I Block Najafgarh,Delhi",https://dda.gov.in/delineated-boundary
1433,"Swaroop Nagar,South Part-II, G.T. Karnal Rd & Burari Rd., N.Delhi",1404,regular,1,1300,,https://dda.gov.in/sites/default/files/pmuday/1300_1404.pdf,2020-06-15,,https://dda.gov.in/delineated-boundary
1434,"Naveen Place Block- C-I, Jharodha Rd., Najafgarh, Delhi",1405,regular,1,725,,https://dda.gov.in/sites/default/files/pmuday/725_1405.pdf,2020-05-29,,https://dda.gov.in/delineated-boundary
1435,"Guru Nanak Industrial Area Main Bawana Rd. Samaipur, Delhi-42",1407,regular,0,1701,,,2020-04-27,"BOUNDARY OF COLONY CAN NOT BE DELINEATED AS PER ""SOP"" (""Shapefile"" of the colony is not available)",https://dda.gov.in/delineated-boundary
1436,"Krishna vihar, Khampur (Alipur), New Delhi",1410,regular,1,272,https://dda.gov.in/sites/default/files/pmuday/272_1410.pdf,,2019-12-01,,https://dda.gov.in/delineated-boundary
1437,"Ghoga Extn., Narela, Delhi-39",1411,regular,1,527,,https://dda.gov.in/sites/default/files/pmuday/527_1411.pdf,2020-05-23,,https://dda.gov.in/delineated-boundary
1438,"Ashok Nagar, D-Block, Shahdara, Delhi-93",1413,regular,1,1573,https://dda.gov.in/sites/default/files/pmuday/1573_1413.pdf,,2020-03-16,,https://dda.gov.in/delineated-boundary
1439,"Swarg Ashram Colony, Kingsway Camp. Delhi-9",1414,regular,1,1248,,https://dda.gov.in/sites/default/files/pmuday/1248_1414.pdf,2020-06-12,,https://dda.gov.in/delineated-boundary
1440,"New Modern Shahdara, Pocket - II, Delhi - 32",1416,regular,1,94,,https://dda.gov.in/sites/default/files/pmuday/94_1416.pdf,2020-03-12,,https://dda.gov.in/delineated-boundary
1441,"Dr. Ambedkar Vihar, Harijan Basti, Zohripur Extn., Delhi-94",1417,regular,1,232,,https://dda.gov.in/sites/default/files/pmuday/MAP%20232_1417.pdf,2020-05-16,,https://dda.gov.in/delineated-boundary
1442,"Nasirpur Village, ( Pustani & Mahavir Enclave) Block D & F, N.Delhi-",1418,regular,0,1702,,,2020-04-27,"BOUNDARY OF COLONY CAN NOT BE DELINEATED AS PER ""SOP"" (""Shapefile"" of the colony is not available)",https://dda.gov.in/delineated-boundary
1443,"Gram Pustani Pochanpur Extn., Delhi-45",1419,regular,1,405,,https://dda.gov.in/sites/default/files/pmuday/405_1419.pdf,2020-05-20,,https://dda.gov.in/delineated-boundary
1444,"Baljeet Vihar Extn.D- 1 Nithari, Nangloi, Delhi",1420,regular,1,1574,https://dda.gov.in/sites/default/files/pmuday/1574_1420.pdf,,2020-03-16,,https://dda.gov.in/delineated-boundary
1445,C-1 Block Mohan Garden Uttam Nagar Delhi- 59,1421,regular,1,831,,https://dda.gov.in/sites/default/files/pmuday/831_1421.pdf,2020-06-02,,https://dda.gov.in/delineated-boundary
1446,Ganga Vihar Kilokri Near Kalindi Cly Delhi-14,1422,regular,0,1582,,,2020-03-19,"BOUNDARY OF COLONY CAN NOT BE DELINEATED AS PER ""SOP""",https://dda.gov.in/delineated-boundary
1447,"Batla House Okhla, Delhi",1424,regular,1,1079,,https://dda.gov.in/sites/default/files/pmuday/1079_1424.pdf,2020-06-08,,https://dda.gov.in/delineated-boundary
1448,"Main Bharat Garden, Uttam Nagar,Delhi",1425,regular,1,656,,https://dda.gov.in/sites/default/files/pmuday/656_1425.pdf,2020-05-27,,https://dda.gov.in/delineated-boundary
1449,"Harijan Basti A- Block Purvi Gokalpur, Delhi-94",1426,regular,1,1425,,https://dda.gov.in/sites/default/files/pmuday/1425_1426.pdf,2020-06-16,,https://dda.gov.in/delineated-boundary
1450,Meet Nagar C- Block Delhi-94,1427,regular,1,72,,https://dda.gov.in/sites/default/files/pmuday/72_1427.pdf,2020-03-11,,https://dda.gov.in/delineated-boundary
1451,"Meet Nagar A& B Block, Delhi-94",1428,regular,1,71,,https://dda.gov.in/sites/default/files/pmuday/71_1428.pdf,2020-03-11,,https://dda.gov.in/delineated-boundary
1452,Shiv Vihar Burari Bakhtawar Pur Road Ibrahim Pur Delhi,1429,regular,1,65,https://dda.gov.in/sites/default/files/pmuday/65_1429.pdf,,2019-11-25,"(1) REGD. NO. 728_Kushak No.2, Extn., Delhi-36",https://dda.gov.in/delineated-boundary
1453,"Bhagya Vihar, Jain Colony Rani Khera, Delhi-81",1430,regular,1,1384,,https://dda.gov.in/sites/default/files/pmuday/1384_1277_A.pdf,2020-06-16,,https://dda.gov.in/delineated-boundary
1454,"Mahavir Enclave Pt-I Block G,G-I A & A1 Dabri Delhi",1431,regular,1,443,,https://dda.gov.in/sites/default/files/pmuday/443_1431.pdf,2020-05-22,,https://dda.gov.in/delineated-boundary
1455,"Rama Park, C-I Block,Uttam Nagar, New Delhi- 59",1433,regular,1,829,,https://dda.gov.in/sites/default/files/pmuday/829_1433.pdf,2020-06-02,,https://dda.gov.in/delineated-boundary
1456,"New Vishwas Nagar, Shahdara, Delhi-32.",1434,regular,1,79,,https://dda.gov.in/sites/default/files/pmuday/79_1434.pdf,2020-03-11,,https://dda.gov.in/delineated-boundary
1457,"Pratap Vihar, Safipur Ranhaula, Najafgarh Road, Nangloi, Delhi.",1435,regular,1,335,,https://dda.gov.in/sites/default/files/pmuday/335_1435.pdf,2020-05-18,,https://dda.gov.in/delineated-boundary
1458,"Indra Park Extn.Pt-I,Uttam Nagar, New Delhi-59",1437,regular,1,473,,https://dda.gov.in/sites/default/files/pmuday/473_1437.pdf,2020-05-22,,https://dda.gov.in/delineated-boundary
1459,"Hastsal Vihar, Uttam Nagar, New Delhi-59",1439,regular,1,630,,https://dda.gov.in/sites/default/files/pmuday/630_1439.pdf,2020-05-26,,https://dda.gov.in/delineated-boundary
1460,"Mohan Garden (B&G Block), Uttam Nagar, New Delhi-59",1441,regular,1,1391,,https://dda.gov.in/sites/default/files/pmuday/1391_158.pdf,2020-06-16,,https://dda.gov.in/delineated-boundary
1461,"Mohan Garden, D-Block, Uttam Nagar, New Delhi-59",1442,regular,1,824,,https://dda.gov.in/sites/default/files/pmuday/824_1442.pdf,2020-06-02,,https://dda.gov.in/delineated-boundary
1462,"Durga Park, Durga Mohalla, Dallupura, East Delhi-96",1445,regular,1,1285,,https://dda.gov.in/sites/default/files/pmuday/1285_1445.pdf,2020-06-15,,https://dda.gov.in/delineated-boundary
1463,"Nathan Vihar, Village Ranhola, New Delhi-41",1447,regular,1,332,,https://dda.gov.in/sites/default/files/pmuday/332_1447.pdf,2020-05-18,,https://dda.gov.in/delineated-boundary
1464,"Vikas Nagar, Ph-IV, Deep Vihar, Hastsal, Village Uttam Nagar, N.D.",1448,regular,1,1395,,https://dda.gov.in/sites/default/files/pmuday/1395_664-A.pdf,2020-06-16,,https://dda.gov.in/delineated-boundary
1465,"Hari Dass Enclave, Jharoda Kalan, New Delhi- 72",1449,regular,1,1516,,https://dda.gov.in/sites/default/files/pmuday/1516_1449.pdf,2020-06-17,,https://dda.gov.in/delineated-boundary
1466,"Jagdamba Colony, Johripur, Delhi-94",1450,regular,1,233,,https://dda.gov.in/sites/default/files/pmuday/MAP%20233_1450.pdf,2020-05-16,(1) REGD. NO. 20-(LOP)_Tunda Nagar Harijan Basti JohariPur Delhi 94,https://dda.gov.in/delineated-boundary
1467,"Kanwar Singh Nagar Extn. Block H-3, Najafgarh Road, Ranhola, Delhi",1451,regular,1,329,,https://dda.gov.in/sites/default/files/pmuday/329_1451.pdf,2020-05-18,,https://dda.gov.in/delineated-boundary
1468,"Meera Enclave, Ranhola Village, New Delhi-41",1452,regular,1,330,,https://dda.gov.in/sites/default/files/pmuday/330_1452.pdf,2020-05-18,,https://dda.gov.in/delineated-boundary
1469,"Meera Enclave, Ranhola Village, New Delhi-41",1452-A,regular,1,330,,https://dda.gov.in/sites/default/files/pmuday/330_1452.pdf,2020-05-18,,https://dda.gov.in/delineated-boundary
1470,"Shyam Park, M-Block, Nawada, New Delhi-59",1453,regular,1,832,,https://dda.gov.in/sites/default/files/pmuday/832_1453.pdf,2020-06-02,,https://dda.gov.in/delineated-boundary
1471,"Anand Vihar, Gurpreet Nagar, Near R-Block, New Delhi-59",1454,regular,1,576,,https://dda.gov.in/sites/default/files/pmuday/576_1454.pdf,2020-05-26,,https://dda.gov.in/delineated-boundary
1472,"Akash Vihar, Baprola, Chanchal Park, Bakkarwala More, New Delhi-43",1455,regular,1,313,,https://dda.gov.in/sites/default/files/pmuday/313_1455.pdf,2020-05-18,,https://dda.gov.in/delineated-boundary
1473,"Shiv Vihar,Najafgarh Road,Uttam Nagar, New Delhi-59",1456,regular,1,661,,https://dda.gov.in/sites/default/files/pmuday/661_1456.pdf,2020-05-27,,https://dda.gov.in/delineated-boundary
1474,"Dhaka Johar, Dr.Mukherjee Nagar, Delhi- 110009",1457,regular,1,1247,https://dda.gov.in/sites/default/files/pmuday/1247_1457.pdf,,2019-12-19,,https://dda.gov.in/delineated-boundary
1475,"Shivpuri Dindarpur, Part-I New Delhi-43",1458,regular,1,534,,https://dda.gov.in/sites/default/files/pmuday/534_1458.pdf,2020-05-23,,https://dda.gov.in/delineated-boundary
1476,"Baba Haridas Enclave, B-Block, Jharoda Kalan, New Delhi-72.",1459,regular,1,710,https://dda.gov.in/sites/default/files/pmuday/710_1459.pdf,,2019-12-07,"(1) REGD. NO.1449_Hari Dass Enclave, Jharoda Kalan, New Delhi",https://dda.gov.in/delineated-boundary
1477,"New T Block, Uttam Nagar, New Delhi-59",1460,regular,1,1286,,https://dda.gov.in/sites/default/files/pmuday/1286_1460.pdf,2020-06-15,,https://dda.gov.in/delineated-boundary
1478,"Prem Nagar, B-Block, Najafgarh, New Delhi-43",1461,regular,1,1383,,https://dda.gov.in/sites/default/files/pmuday/1383_1461.pdf,2020-06-16,,https://dda.gov.in/delineated-boundary
1479,"Rana Ji Enclave, Block-1A, Main Najafgarh Road,Najafgarh, Delhi-43",1463,regular,1,1375,,https://dda.gov.in/sites/default/files/pmuday/1375_1463.pdf,2020-06-16,,https://dda.gov.in/delineated-boundary
1480,"Shakti Vihar, Mohan Garden Uttam Nagar, Delhi 59",1465,regular,1,784,,https://dda.gov.in/sites/default/files/pmuday/784_1465.pdf,2020-06-01,,https://dda.gov.in/delineated-boundary
1481,"Vashisth Park, Pankha Road, New Delhi-46",1466,regular,1,420,,https://dda.gov.in/sites/default/files/pmuday/420_1466.pdf,2020-05-20,,https://dda.gov.in/delineated-boundary
1482,"Ambey Garden, Libas Pur, Delhi-42",1467,regular,1,198,,https://dda.gov.in/sites/default/files/pmuday/MAP%20198_1467.pdf,2020-04-23,,https://dda.gov.in/delineated-boundary
1483,"R-3, A-3 Mohan Garden, Uttam Nagar, New Delhi-59",1468,regular,1,809,,https://dda.gov.in/sites/default/files/pmuday/809_1468.pdf,2020-06-02,,https://dda.gov.in/delineated-boundary
1484,"R-3, A-3 Mohan Garden, Uttam Nagar, New Delhi-59",1468-A,regular,1,809,,https://dda.gov.in/sites/default/files/pmuday/809_1468.pdf,2020-06-02,,https://dda.gov.in/delineated-boundary
1485,"Kamrudin Nagar, Extn.-III, Najafgarh Road.Delhi-41",1469,regular,1,345,,https://dda.gov.in/sites/default/files/pmuday/345_1469.pdf,2020-05-18,,https://dda.gov.in/delineated-boundary
1486,"Todarmal Block, Prem Nagar, Najafgarh, Delhi- 43",1470,regular,1,765,,https://dda.gov.in/sites/default/files/pmuday/765_1470.pdf,2020-06-01,,https://dda.gov.in/delineated-boundary
1487,"Matiala Extension, Uttam Nagar, New Delhi-59",1471,regular,1,654,,https://dda.gov.in/sites/default/files/pmuday/654_1471.pdf,2020-05-27,,https://dda.gov.in/delineated-boundary
1488,"Nawada Extension, G Block, Shyam Park, Nawada, Uttam Nagar, Delhi",1472,regular,1,833,,https://dda.gov.in/sites/default/files/pmuday/833_1472.pdf,2020-06-02,,https://dda.gov.in/delineated-boundary
1489,"Nawada Extension, G Block, Shyam Park, Nawada, Uttam Nagar, Delhi",1472-A,regular,1,833,,https://dda.gov.in/sites/default/files/pmuday/833_1472.pdf,2020-06-02,,https://dda.gov.in/delineated-boundary
1490,"Gharoli Extn.,",1473,regular,0,,,,,Boundary map pending or omitted from DDA portal table,https://dda.gov.in/sites/default/files/pmuday/1731_uc.pdf
1491,"Shiv Vihar(Near Vikas Nagar), New Delhi-59.",1475,regular,1,670,,https://dda.gov.in/sites/default/files/pmuday/670_1475.pdf,2020-05-27,,https://dda.gov.in/delineated-boundary
1492,"Gharoli Extn. B-Block, Rajbir Colony, Delhi-96",1476,regular,1,1423,,https://dda.gov.in/sites/default/files/pmuday/1423_961.pdf,2020-06-16,,https://dda.gov.in/delineated-boundary
1493,"Prem Nagar, Z-Block, Paprawat Road, Najafgarh, Delhi-110043",1477,regular,1,986,,https://dda.gov.in/sites/default/files/pmuday/986_1477.pdf,2020-06-04,,https://dda.gov.in/delineated-boundary
1494,"Lokesh Park, Near DTC Bus Terminal, Bahadurgarh Road.",1481,regular,1,374,,https://dda.gov.in/sites/default/files/pmuday/374_1481.pdf,2020-05-20,,https://dda.gov.in/delineated-boundary
1495,"Sanjay Nagar, Bawana Extn. Bawana, Delhi-39",1482,regular,1,519,https://dda.gov.in/sites/default/files/pmuday/519_1482.pdf,,2019-12-04,,https://dda.gov.in/delineated-boundary
1496,"Village Lal Kuan, Block-D, Chungi No.3 & Block A, B Pul Pehlad Pur,",1483-A,regular,1,853,https://dda.gov.in/sites/default/files/pmuday/853_1483.pdf,,2019-12-11,,https://dda.gov.in/delineated-boundary
1497,"Village Lal Kuan, Block-D, Chungi No.3 & Block A, B Pul Pehlad Pur,",1483-B,regular,1,853,https://dda.gov.in/sites/default/files/pmuday/853_1483.pdf,,2019-12-11,,https://dda.gov.in/delineated-boundary
1498,"Vidya Vihar, Hastsal, New Delhi-59",1484,regular,1,780,,https://dda.gov.in/sites/default/files/pmuday/780_1484.pdf,2020-06-01,,https://dda.gov.in/delineated-boundary
1499,"Ganga Vihar(H-Block), Delhi-94",1485,regular,1,256,,https://dda.gov.in/sites/default/files/pmuday/256_1485.pdf,2020-05-16,,https://dda.gov.in/delineated-boundary
1500,"Shastri Park Extn., Nathupura More, Burari, Delhi-84",1487,regular,1,1327,,https://dda.gov.in/sites/default/files/pmuday/1327_1487.pdf,2020-06-15,,https://dda.gov.in/delineated-boundary
1501,"Khajuri Colony,E-Extn.,Left Out Part E-Block, Khajuri Khas, Delhi-94",1488,regular,1,145,,https://dda.gov.in/sites/default/files/pmuday/145_1488.pdf,2020-04-23,,https://dda.gov.in/delineated-boundary
1502,Mayur Vihar Phase-I,1489,regular,0,1705,,,2020-04-27,"BOUNDARY OF COLONY CAN NOT BE DELINEATED AS PER ""SOP"" (""Shapefile"" of the colony is not available)",https://dda.gov.in/delineated-boundary
1503,"Prem Nagar Ph-III, Najafgarh, Delhi-110043",1490,regular,1,766,,https://dda.gov.in/sites/default/files/pmuday/766_1490.pdf,2020-06-01,,https://dda.gov.in/delineated-boundary
1504,"Village Lal Kuan, Block-A to J, Mehrauli Badarpur Road, New Delhi-44",1492,regular,1,1348,,https://dda.gov.in/sites/default/files/pmuday/1348_1492.pdf,2020-06-15,,https://dda.gov.in/delineated-boundary
1505,"Village Lal Kuan, Block-A to J, Mehrauli Badarpur Road, New Delhi-44",1492-A,regular,1,1348,,https://dda.gov.in/sites/default/files/pmuday/1348_1492.pdf,2020-06-15,,https://dda.gov.in/delineated-boundary
1506,"Tuglakabad Extn. T.A. Block, New Delhi-19",1493,regular,1,1352,,https://dda.gov.in/sites/default/files/pmuday/1352_1493.pdf,2020-06-15,,https://dda.gov.in/delineated-boundary
1507,"Ishwar Colony Extn.Ph-I, II Left Out Portion, Kanjhawala Road, Bawana.",1494,regular,1,515,,https://dda.gov.in/sites/default/files/pmuday/515_1494.pdf,2020-05-23,"(1) 86 Ishwar Colony Extn. Ph-I Bawana, New Delhi-39 (2) 659 Ishwar Colony Extn. (Phase-II) Bawana, Delhi-",https://dda.gov.in/delineated-boundary
1508,"Gautam Vihar Colony, Narela, Delhi-40",1495,regular,1,1426,,https://dda.gov.in/sites/default/files/pmuday/1426_1495.pdf,2020-06-16,,https://dda.gov.in/delineated-boundary
1509,"Chanchal Park, Main Nangloi, Najafgarh Road, Delhi",1496,regular,1,334,,https://dda.gov.in/sites/default/files/pmuday/334_1496.pdf,2020-05-18,(1) REGD. NO.1059_Akash vihar Ranholla Nangloi Najafgarh Road Delhi-41,https://dda.gov.in/delineated-boundary
1510,"J-Block Prem Nagar, Lal Kuan, M.B.Road,Delhi- 44",1498,regular,1,869,,https://dda.gov.in/sites/default/files/pmuday/869_1498.pdf,2020-06-02,,https://dda.gov.in/delineated-boundary
1511,"Subhash Park Extn. Navin Shahdara, Delhi",1503,regular,1,68,,https://dda.gov.in/sites/default/files/pmuday/68_1503.pdf,2020-03-11,,https://dda.gov.in/delineated-boundary
1512,"Anand Vihar Gurpreet Nagar, R-Block, Pt- I,Uttam Nagar, New Delhi-59",1504,regular,1,1514,,https://dda.gov.in/sites/default/files/pmuday/1514_1504.pdf,2020-06-17,,https://dda.gov.in/delineated-boundary
1513,"New Roshanpura Extn. X Block, Najafgarh, New Delhi.",1505,regular,1,989,,https://dda.gov.in/sites/default/files/pmuday/989_1505.pdf,2020-06-04,,https://dda.gov.in/delineated-boundary
1514,"Partap Nagar, Near Mayur Vihar, Phase-I, Delhi- 91",1507,regular,1,126,,https://dda.gov.in/sites/default/files/pmuday/126_1507.pdf,2020-04-23,,https://dda.gov.in/delineated-boundary
1515,"Shalapur Khera, Bijwasan, New Delhi-61",1508,regular,0,1706,,,2020-04-27,"BOUNDARY OF COLONY CAN NOT BE DELINEATED AS PER ""SOP"" (""Shapefile"" of the colony is not available)",https://dda.gov.in/delineated-boundary
1516,"Dindarpur Extn. Chhawala Road, Delhi-43",1509,regular,1,1449,,https://dda.gov.in/sites/default/files/pmuday/1449_1509.pdf,2020-06-16,,https://dda.gov.in/delineated-boundary
1517,"Mahesh Garden, No.1,Haibatpura, Bahadurgarh Road, Najafgarh.N.D.",1510,regular,1,386,,https://dda.gov.in/sites/default/files/pmuday/386_1510.pdf,2020-05-20,,https://dda.gov.in/delineated-boundary
1518,"Vishwas Park, G&S Block Uttam Nagar, New Delhi-59",1511,regular,1,485,,https://dda.gov.in/sites/default/files/pmuday/485_1511.pdf,2020-05-22,,https://dda.gov.in/delineated-boundary
1519,"Chanderpuri, Chand Bagh, Main Wazirabad Road, Delhi-94",1512,regular,1,148,,https://dda.gov.in/sites/default/files/pmuday/148_1512.pdf,2020-04-23,,https://dda.gov.in/delineated-boundary
1520,"Left out portion T-Extn., Uttam Nagar, (Near Vishwas Park)New Delhi-59",1514,regular,1,492,,https://dda.gov.in/sites/default/files/pmuday/492_1514.pdf,2020-05-22,,https://dda.gov.in/delineated-boundary
1521,"Raj Nagar,Ph-II(Extn.), H-Block, New Delhi-45",1515,regular,1,408,,https://dda.gov.in/sites/default/files/pmuday/408_1515.pdf,2020-05-20,,https://dda.gov.in/delineated-boundary
1522,"Prem Nagar Z-Block, Kashmiri Colony, Near Khaira Village, Paprawat Road",1516,regular,1,759,,https://dda.gov.in/sites/default/files/pmuday/759_1516.pdf,2020-06-01,,https://dda.gov.in/delineated-boundary
1523,"Aya Nagar Extn. B-Block, New Delhi-47",1519,regular,1,1454,,https://dda.gov.in/sites/default/files/pmuday/1454_463.pdf,2020-06-16,,https://dda.gov.in/delineated-boundary
1524,"Ruchi Vihar,Rangpuri Pahari, New Delhi",1520,regular,0,1583,,,2020-03-19,"BOUNDARY OF COLONY CAN NOT BE DELINEATED AS PER ""SOP""",https://dda.gov.in/delineated-boundary
1525,"Harphool Vihar, Jai Vihar Ph-IIIrd A, near Baprola Vill., Nangloi, New Delhi-43",1521,regular,1,323,,https://dda.gov.in/sites/default/files/pmuday/323_1521.pdf,2020-05-18,,https://dda.gov.in/delineated-boundary
1526,"Harphool Vihar, Jai Vihar, Ph-III B, Baprola, Nangloi, New Delhi43",1522,regular,1,320,,https://dda.gov.in/sites/default/files/pmuday/320_1522.pdf,2020-05-18,,https://dda.gov.in/delineated-boundary
1527,"Harijan Basti, Sadat Pur, Delhi-94",1523,regular,1,1575,https://dda.gov.in/sites/default/files/pmuday/1575_1523.pdf,,2020-03-16,,https://dda.gov.in/delineated-boundary
1528,"Extended Abadi, Dhansa Gaon,(Gopal Nagar), New Delhi-73",1524,regular,1,1003,,https://dda.gov.in/sites/default/files/pmuday/1003_1524.pdf,2020-06-05,,https://dda.gov.in/delineated-boundary
1529,"German Nagar Colony Kalyan & Vikas Samiti Old Khera Road, Najafgarh,",1526,regular,1,756,,https://dda.gov.in/sites/default/files/pmuday/756_1526.pdf,2020-06-01,(1) REGD. NO.140- (ELD)_Jerman Nagar Kashmiri Colony Revenu EstateOf Village Khera On Old Khaira Road Najafgarh New Delhi,https://dda.gov.in/delineated-boundary
1530,"Zakir Nagar West Jamia Okhla Nagar, New Delhi-25",1527,regular,1,1080,,https://dda.gov.in/sites/default/files/pmuday/1080_1527.pdf,2020-06-08,,https://dda.gov.in/delineated-boundary
1531,"Amar Shopping Complex, Jai Bharat Enclave, Kakrola More, Uttam Nagar.",1529,regular,1,840,,https://dda.gov.in/sites/default/files/pmuday/840_1529.pdf,2020-06-02,"(1) REGD. NO.1352 B_Amar Shoping Complex Uttam Nagar, Delhi",https://dda.gov.in/delineated-boundary
1532,"Vikas Vihar(West) Vikas Nagar, Hastsal, New Delhi-59",1530,regular,1,480,,https://dda.gov.in/sites/default/files/pmuday/480_1530.pdf,2020-05-22,,https://dda.gov.in/delineated-boundary
1533,"Ganga Ram Park, Village Ranhola, Nangloi , New Delhi-41",1531,regular,1,1439,,https://dda.gov.in/sites/default/files/pmuday/1439_1531.pdf,2020-06-16,,https://dda.gov.in/delineated-boundary
1534,"Laxmi Park Ranhola Extn. Ph-I, Nangloi, Delhi-41",1533,regular,1,1287,https://dda.gov.in/sites/default/files/pmuday/1287_1533.pdf,,2019-12-19,,https://dda.gov.in/delineated-boundary
1535,"Laxmi Park Ranhola Extn. Ph-I, Nangloi, Delhi-41",1533-A,regular,1,1287,https://dda.gov.in/sites/default/files/pmuday/1287_1533.pdf,,2019-12-19,,https://dda.gov.in/delineated-boundary
1536,"Laxmi Park Ranhola Extn. Ph-I, Nangloi, Delhi-41",1533-B,regular,1,1287,https://dda.gov.in/sites/default/files/pmuday/1287_1533.pdf,,2019-12-19,,https://dda.gov.in/delineated-boundary
1537,"Durga Park, Pocket –E, New Delhi-45",1538,regular,1,598,,https://dda.gov.in/sites/default/files/pmuday/598_1538.pdf,2020-05-26,,https://dda.gov.in/delineated-boundary
1538,"Vandana Vihar, Nangloi",1540,regular,0,909,,,2020-06-03,,https://dda.gov.in/delineated-boundary
1539,"West Vinod Nagar, F-Block, Delhi-92",1541,regular,1,1393,,https://dda.gov.in/sites/default/files/pmuday/1393_1541.pdf,2020-06-16,,https://dda.gov.in/delineated-boundary
1540,"Indra Park, Extn. Guru Nager, Najafgarh",1542,regular,1,970,,https://dda.gov.in/sites/default/files/pmuday/970_1542.pdf,2020-06-04,,https://dda.gov.in/delineated-boundary
1541,"Narsingh Garden, Left out Portion, Khyala",1543,regular,1,113,,https://dda.gov.in/sites/default/files/pmuday/113_1543.pdf,2020-04-23,,https://dda.gov.in/delineated-boundary
1542,"Tara Nagar, Old Palam Road, kakrola, New Delhi",1544,regular,1,1089,,https://dda.gov.in/sites/default/files/pmuday/1089_1544.pdf,2020-06-08,,https://dda.gov.in/delineated-boundary
1543,"Sudan Garden, Najafgarh, New Delhi",1545,regular,1,992,,https://dda.gov.in/sites/default/files/pmuday/992_1545.pdf,2020-06-04,,https://dda.gov.in/delineated-boundary
1544,Deoli Extn. Khanpur,1546,regular,1,1259,,https://dda.gov.in/sites/default/files/pmuday/1259_1546.pdf,2020-06-12,,https://dda.gov.in/delineated-boundary
1545,"Palam Colony, Kamal Park,",1547,regular,1,596,,https://dda.gov.in/sites/default/files/pmuday/596_1547.pdf,2020-05-26,,https://dda.gov.in/delineated-boundary
1546,"Sai Dham, Nangli Sakrawati, Najafgarh New Delhi - 43",1548,regular,1,1356,,https://dda.gov.in/sites/default/files/pmuday/1356_1548.pdf,2020-06-15,,https://dda.gov.in/delineated-boundary
1547,"Amar Vihar Colony, Indra Park Extn, New Delhi- 43.",1549,regular,1,965,,https://dda.gov.in/sites/default/files/pmuday/965_1549.pdf,2020-06-04,,https://dda.gov.in/delineated-boundary
1548,"Shah Nagar, Manglapuri Chowk, Palam, New Delhi-45.",1550,regular,1,570,,https://dda.gov.in/sites/default/files/pmuday/570_1550.pdf,2020-05-26,,https://dda.gov.in/delineated-boundary
1549,"Ravi Dass Colony, Narela",1551,regular,1,1251,,https://dda.gov.in/sites/default/files/pmuday/1251_1551.pdf,2020-06-12,,https://dda.gov.in/delineated-boundary
1550,"Sangam Vihar, G-II, Gali No.18, New Delhi-62",1552,regular,1,1288,,https://dda.gov.in/sites/default/files/pmuday/1288_1552.pdf,2020-06-15,,https://dda.gov.in/delineated-boundary
1551,Kanti Nagar West,1553,regular,1,99,,https://dda.gov.in/sites/default/files/pmuday/99_1553.pdf,2020-03-12,,https://dda.gov.in/delineated-boundary
1552,"Tikri Extn., Nr. Kabir Park Dham",1554,regular,1,339,,https://dda.gov.in/sites/default/files/pmuday/339_1554.pdf,2020-05-18,,https://dda.gov.in/delineated-boundary
1553,"Shalimar Village, Delhi-88",1555,regular,1,1063,,https://dda.gov.in/sites/default/files/pmuday/1063_1555.pdf,2020-06-08,,https://dda.gov.in/delineated-boundary
1554,"Uttam Nagar, A-1, 2, 3 Block, Hastaal Road, New Delhi",1556,regular,1,958,,https://dda.gov.in/sites/default/files/pmuday/958_1556.pdf,2020-06-04,,https://dda.gov.in/delineated-boundary
1555,"Roshan Vihar, Kakrola Road, Najafgarh, Delhi- 45.",1557,regular,1,1486,,https://dda.gov.in/sites/default/files/pmuday/1486_29-(LOP).pdf,2020-06-17,,https://dda.gov.in/delineated-boundary
1556,"Village Molarband, B-Block, New Delhi",1558,regular,1,1190,,https://dda.gov.in/sites/default/files/pmuday/1190_1558.pdf,2020-06-10,,https://dda.gov.in/delineated-boundary
1557,"Mohan Garden, P-Block, Extn. I & II,",1559,regular,0,1584,,,2020-03-19,"BOUNDARY OF COLONY CAN NOT BE DELINEATED AS PER ""SOP""",https://dda.gov.in/delineated-boundary
1558,Ravi Nagar Extension,1560,regular,1,33,,https://dda.gov.in/sites/default/files/pmuday/33_1560.pdf,2020-03-11,,https://dda.gov.in/delineated-boundary
1559,"Krishan Kunj, Part-II, Laxmi Nagar",1561,regular,1,1018,https://dda.gov.in/sites/default/files/pmuday/1018_1561.pdf,,2019-12-15,,https://dda.gov.in/delineated-boundary
1560,"Sadh Nagar, E-Block, Part-II Palam Colony, New Delhi-110045",1562,regular,1,417,,https://dda.gov.in/sites/default/files/pmuday/417_1562.pdf,2020-05-20,,https://dda.gov.in/delineated-boundary
1561,"Shiv Mandir Mohalla, Badli, Delhi-42",1563,regular,1,53,,https://dda.gov.in/sites/default/files/pmuday/53_1563.pdf,2020-03-11,,https://dda.gov.in/delineated-boundary
1562,"Prem nagar, F & G Block",1564,regular,0,,,,,Boundary map pending or omitted from DDA portal table,https://dda.gov.in/sites/default/files/pmuday/1731_uc.pdf
1563,"Nathu Colony (School Block) Shadara, Delhi-93",1565,regular,1,70,,https://dda.gov.in/sites/default/files/pmuday/70_1565.pdf,2020-03-11,,https://dda.gov.in/delineated-boundary
1564,"Sangam Vihar, B-Block, New Delhi-62",1566,regular,1,747,,https://dda.gov.in/sites/default/files/pmuday/747_1566.pdf,2020-06-01,"(1) REGD. NO.706_Sangam Vihar, B-I, Block, Sangam Vihar, New Delhi-62",https://dda.gov.in/delineated-boundary
1565,"Vaishali Extn., Dabri,",1567,regular,1,423,,https://dda.gov.in/sites/default/files/pmuday/423_1567.pdf,2020-05-20,,https://dda.gov.in/delineated-boundary
1566,"Ashok Nagar, Harijan Basti",1568,regular,1,258,,https://dda.gov.in/sites/default/files/pmuday/258_1568.pdf,2020-05-16,,https://dda.gov.in/delineated-boundary
1567,"Ashola Extension, Delhi.",1569,regular,1,466,https://dda.gov.in/sites/default/files/pmuday/466_1569.pdf,,2019-12-03,,https://dda.gov.in/delineated-boundary
1568,"Shanti Park, Uttam Nagar, Main Najafgarh Road, New Delhi-59",1570,regular,0,1585,,,2020-03-19,"BOUNDARY OF COLONY CAN NOT BE DELINEATED AS PER ""SOP""",https://dda.gov.in/delineated-boundary
1569,"Krishna Puri Mandawali, Fazalpur.",1571,regular,0,,,,,Boundary map pending or omitted from DDA portal table,https://dda.gov.in/sites/default/files/pmuday/1731_uc.pdf
1570,Sainik Enclave,1572,regular,1,969,https://dda.gov.in/sites/default/files/pmuday/969_1572.pdf,,2019-12-11,,https://dda.gov.in/delineated-boundary
1571,"Shanti Mohalla Extn., Seelampur, Gandhi Nagar, Delhi-31",1573,regular,1,101,,https://dda.gov.in/sites/default/files/pmuday/101_1573.pdf,2020-04-23,,https://dda.gov.in/delineated-boundary
1572,"Krishna Estate, G-Block, Punjabi Colony, Narela, Delhi",1574,regular,1,1252,https://dda.gov.in/sites/default/files/pmuday/1252_1574.pdf,,2019-12-19,,https://dda.gov.in/delineated-boundary
1573,"Mandawali, Fazalpur (Gali No.1, 2) Primary School",1575,regular,1,1010,,https://dda.gov.in/sites/default/files/pmuday/1010_1575.pdf,2020-06-05,,https://dda.gov.in/delineated-boundary
1574,"Mandawali Colony, (South Indian Society)",1576,regular,1,1305,,https://dda.gov.in/sites/default/files/pmuday/1305_1576.pdf,2020-06-15,,https://dda.gov.in/delineated-boundary
1575,"Indra Vikas Colony,",1577,regular,1,77,,https://dda.gov.in/sites/default/files/pmuday/77_1577.pdf,2020-03-11,(1) REGD. NO. 1576_MANDAWALI COLONY (SOUTH INDIAN SOCIETY ),https://dda.gov.in/delineated-boundary
1576,"Hari Nagar Etn., L-Block, Saurabh Vihar, Jaitpur, New Delhi",1578,regular,1,1364,,https://dda.gov.in/sites/default/files/pmuday/1364_1578.pdf,2020-06-16,,https://dda.gov.in/delineated-boundary
1577,"Dilshad Masjid (Mustafabad) Karawal Nagar,",1579,regular,1,230,,https://dda.gov.in/sites/default/files/pmuday/MAP%20230_1579.pdf,2020-05-16,,https://dda.gov.in/delineated-boundary
1578,"Krishna Park Extnesion, D-Block, Deoli Village",1580,regular,1,1067,,https://dda.gov.in/sites/default/files/pmuday/1067_1580.pdf,2020-06-08,"(1) REGD. NO.1231_Krishna park, Khanpur, Devli Road",https://dda.gov.in/delineated-boundary
1579,"Vishnu Garden, NW-Block, New Delhi",1581,regular,1,35,,https://dda.gov.in/sites/default/files/pmuday/35_1581.pdf,2020-03-11,,https://dda.gov.in/delineated-boundary
1580,"Nai Basti, (Harijan Basti) Okhla",1582,regular,1,1078,,https://dda.gov.in/sites/default/files/pmuday/1078_1582.pdf,2020-06-08,,https://dda.gov.in/delineated-boundary
1581,"Sewa Sadan, Mandawali, Fazalpur",1583,regular,1,1388,,https://dda.gov.in/sites/default/files/pmuday/1388_1583.pdf,2020-06-16,,https://dda.gov.in/delineated-boundary
1582,"Vaishali Extension, Dabri Palam",1584,regular,1,421,,https://dda.gov.in/sites/default/files/pmuday/421_1584.pdf,2020-05-20,,https://dda.gov.in/delineated-boundary
1583,"Uttam Nagar, GI Block",1585,regular,1,693,,https://dda.gov.in/sites/default/files/pmuday/693_1585.pdf,2020-05-29,"(1) REGD. NO.1504_Anand Vihar Gurpreet Nagar, R-Block, PtI,Uttam Nagar, New Delhi-59",https://dda.gov.in/delineated-boundary
1584,"Chauha Patti Vistar, West Karawal Nagar Delhi 91",1586,regular,0,1710,,,2020-04-27,"BOUNDARY OF COLONY CAN NOT BE DELINEATED AS PER ""SOP"" (""Shapefile"" of the colony is not available)",https://dda.gov.in/delineated-boundary
1585,"Mukti Aashram Colony, Ibrahim Pur.",1588,regular,1,1304,,https://dda.gov.in/sites/default/files/pmuday/1304_1588.pdf,2020-06-15,,https://dda.gov.in/delineated-boundary
1586,"Ashola Extn., Part-I",1589,regular,1,586,https://dda.gov.in/sites/default/files/pmuday/586_1589.pdf,,2019-12-04,,https://dda.gov.in/delineated-boundary
1587,"Prem Nagar, A B & D E F Najafgarh",1590,regular,1,976,,https://dda.gov.in/sites/default/files/pmuday/976_1590.pdf,2020-06-04,,https://dda.gov.in/delineated-boundary
1588,"Vishnu Garden, (R2/C Block) Extension No.2",1591,regular,1,34,,https://dda.gov.in/sites/default/files/pmuday/34_1591.pdf,2020-03-11,,https://dda.gov.in/delineated-boundary
1589,"Durga Vihar Extension, Najafgarh, New Delhi",1592,regular,1,1387,,https://dda.gov.in/sites/default/files/pmuday/1387_1592.pdf,2020-06-16,,https://dda.gov.in/delineated-boundary
1590,"Mohan Puri, D-Block, North Ghonda, Maujpur Extn.",1594,regular,1,55,,https://dda.gov.in/sites/default/files/pmuday/55_1594.pdf,2020-03-11,,https://dda.gov.in/delineated-boundary
1591,"Vijay Park Extension, (LOP), Gali No.15, Najafgarh",1595,regular,1,768,,https://dda.gov.in/sites/default/files/pmuday/768_1595.pdf,2020-06-01,,https://dda.gov.in/delineated-boundary
1592,"South Indian Madrasi Colony, Mori Gate",1596,regular,0,1711,,,2020-04-27,"BOUNDARY OF COLONY CAN NOT BE DELINEATED AS PER ""SOP"" (""Shapefile"" of the colony is not available)",https://dda.gov.in/delineated-boundary
1593,"Mandawali, Fazalpur, (LOP), A-Block,",1597,regular,1,1016,,https://dda.gov.in/sites/default/files/pmuday/1016_1597.pdf,2020-06-05,"(1) REGD. NO.1571_Krishna Puri Mandawali, Fazalpur, (2) REGD. NO.695_Mandawali Fazalpur B-Block,Delhi",https://dda.gov.in/delineated-boundary
1594,"Uttam Nagar, Block-A-1, A-2, 3",1598,regular,1,776,,https://dda.gov.in/sites/default/files/pmuday/776_1598.pdf,2020-06-01,"(1) REGD. NO.488_Vikas Vihar, R-Extn., Uttam Nagar, New Delhi-59",https://dda.gov.in/delineated-boundary
1595,"Tilak Enclave, Mohan Garden, Uttam Nagar",1599,regular,1,1504,,https://dda.gov.in/sites/default/files/pmuday/1504_1599.pdf,2020-06-17,,https://dda.gov.in/delineated-boundary
1596,"Radha Krishan Vihar,",1600,regular,1,1289,,https://dda.gov.in/sites/default/files/pmuday/1289_1600.pdf,2020-06-15,,https://dda.gov.in/delineated-boundary
1597,"Zakir Nagar, Gali No.6 to 21-A",1601,regular,1,1528,,https://dda.gov.in/sites/default/files/pmuday/1528_1347.pdf,2020-06-17,,https://dda.gov.in/delineated-boundary
1598,"Sadh Nagar, F-Block Phase I & II, 24-A to 25-D",1602,regular,1,589,,https://dda.gov.in/sites/default/files/pmuday/589_1602.pdf,2020-05-26,"(1)945 Sadh Nagar-II , F- Block New Delhi-45 (2)945-B Sadh Nagar-II , F- Block New Delhi-45",https://dda.gov.in/delineated-boundary
1599,"Vipin Garden Extension,",1603,regular,0,1712,,,2020-04-27,"BOUNDARY OF COLONY CAN NOT BE DELINEATED AS PER ""SOP"" (""Shapefile"" of the colony is not available)",https://dda.gov.in/delineated-boundary
1600,Pul Pahalad Pur,1604,regular,1,852,https://dda.gov.in/sites/default/files/pmuday/852_1604.pdf,,2019-12-11,(1)1246 A Vishwakarma Colony M.B.Road Pul Pahladpur Delhi-44 (2)1247 Vishwakarma Colony B- Block M.B.Road Pul Pahladpur Delhi-44,https://dda.gov.in/delineated-boundary
1601,Ashok Nagar (C-Block),1605,regular,0,1713,,,2020-04-27,"BOUNDARY OF COLONY CAN NOT BE DELINEATED AS PER ""SOP"" (""Shapefile"" of the colony is not available)",https://dda.gov.in/delineated-boundary
1602,"Gopal Nagar, Block AM & N Block Extn. Najafgarh",1606,regular,1,1477,,https://dda.gov.in/sites/default/files/pmuday/1477_1606.pdf,2020-06-17,,https://dda.gov.in/delineated-boundary
1603,"Indra Park, Indra Market",1610,regular,0,,,,,Boundary map pending or omitted from DDA portal table,https://dda.gov.in/sites/default/files/pmuday/1731_uc.pdf
1604,"Prem Nagar, D-Block Extension",1611,regular,1,387,,https://dda.gov.in/sites/default/files/pmuday/387_1611.pdf,2020-05-20,,https://dda.gov.in/delineated-boundary
1605,"Budh Vihar Extension, Badarpur",1612,regular,1,1374,,https://dda.gov.in/sites/default/files/pmuday/1374_1612.pdf,2020-06-16,,https://dda.gov.in/delineated-boundary
1606,"Jeet Ram Colony, Budh Pur Distt., North West, Delhi",1-(ELD),regular,0,,,,,Boundary map pending or omitted from DDA portal table,https://dda.gov.in/sites/default/files/pmuday/1731_uc.pdf
1607,"Primary School Block, A, Near Dilshad Gardan Residental Colony, Delhi-95",1-(LOP),regular,0,,,,,Boundary map pending or omitted from DDA portal table,https://dda.gov.in/sites/default/files/pmuday/1731_uc.pdf
1608,"E-Block, Mandawali Fazalpur, Unchepar, Delhi- 92",10-(ELD),regular,1,1011,,https://dda.gov.in/sites/default/files/pmuday/1011_1377.pdf,2020-06-05,"(1) REGD. NO.10-(ELD)_E-Block, Mandawali Fazalpur, Unchepar, Delhi",https://dda.gov.in/delineated-boundary
1609,"East Azad Nagar, Delhi 51",10-(LOP),regular,1,98,,https://dda.gov.in/sites/default/files/pmuday/98_53-(ELD).pdf,2020-03-12,"(1) REGD. NO.10-(LOP)_East Azad Nagar, Delhi 51",https://dda.gov.in/delineated-boundary
1610,"Baba Hari Dass Colony, Jharoda Kalan New Delhi 72",100-(ELD),regular,1,1541,,https://dda.gov.in/sites/default/files/pmuday/1541_181.pdf,2020-06-17,,https://dda.gov.in/delineated-boundary
1611,"Village Malikpur, Chhawni Delhi -110009`",101-(ELD),regular,1,44,,https://dda.gov.in/sites/default/files/pmuday/44_101-(ELD).pdf,2020-03-11,,https://dda.gov.in/delineated-boundary
1612,Extended Abadi Village Pooth Kalan Delhi 86,102-(ELD),regular,1,942,,https://dda.gov.in/sites/default/files/pmuday/942_385.pdf,2020-06-04,(1)102-(ELD) Extended Abadi Village Pooth Kalan Delhi 86,https://dda.gov.in/delineated-boundary
1613,Village Sultanpur New Delhi 30,103-(ELD),regular,1,1544,,https://dda.gov.in/sites/default/files/pmuday/1544_231.pdf,2020-06-17,,https://dda.gov.in/delineated-boundary
1614,Extended Abadi Of Village Barwala Delhi 39,104-(ELD),regular,1,1545,,https://dda.gov.in/sites/default/files/pmuday/1545_131.pdf,2020-06-17,,https://dda.gov.in/delineated-boundary
1615,Extended Abadi Of Village Badli Delhi 42,105-(ELD),regular,1,56,,https://dda.gov.in/sites/default/files/pmuday/56_105-(ELD).pdf,2020-03-11,"(1) REGD. NO. 541_A_Badli Extn., Village Badli, Delhi-42, (2) REGD. NO.541_B_Badli Extn., Village Badli, Delhi-42",https://dda.gov.in/delineated-boundary
1616,Village Rajpur Khurd Madian Gari New Delhi-68,106-(ELD),regular,0,1714,,,2020-04-27,"BOUNDARY OF COLONY CAN NOT BE DELINEATED AS PER ""SOP"" (""Shapefile"" of the colony is not available)",https://dda.gov.in/delineated-boundary
1617,Chauhan Patti Extn. Sabhapur Mazra Delhi 94,107-(ELD),regular,1,201,,https://dda.gov.in/sites/default/files/pmuday/MAP%20201_107%20ELD.pdf,2020-05-16,,https://dda.gov.in/delineated-boundary
1618,"Taimoor Nagar, Mohalla Pilanji, Delhi-65",11-(ELD),regular,1,1549,https://dda.gov.in/sites/default/files/pmuday/1549_94.pdf,,2020-03-16,,https://dda.gov.in/delineated-boundary
1619,"Khajani Nagar, Johari Pur Delhi 94",11-(LOP),regular,1,240,,https://dda.gov.in/sites/default/files/pmuday/MAP%20240_1204.pdf,2020-05-16,"(1) REGD. NO. 11-(LOP)_Khajani Nagar, Johari Pur Delhi 94",https://dda.gov.in/delineated-boundary
1620,Village Dallupura Vasundhra Enclave Delhi 96,113-(ELD),regular,1,114,,https://dda.gov.in/sites/default/files/pmuday/114_113%20ELD.pdf,2020-04-23,"(1) REGD. NO.348_Dallupura Extended Abadi, New Ashok Nagar)",https://dda.gov.in/delineated-boundary
1621,Kotla Village Extn. Delhi 91,115-(ELD),regular,1,130,,https://dda.gov.in/sites/default/files/pmuday/130_115ELD.pdf,2020-04-23,,https://dda.gov.in/delineated-boundary
1622,Village Ghoga Extn. Delhi 39,116-(ELD),regular,0,1715,,,2020-04-27,"BOUNDARY OF COLONY CAN NOT BE DELINEATED AS PER ""SOP"" (""Shapefile"" of the colony is not available)",https://dda.gov.in/delineated-boundary
1623,Bijwashan Extn. Bijwashan Village New Delhi,117-(ELD),regular,1,1554,https://dda.gov.in/sites/default/files/pmuday/1554_148.pdf,,2020-03-16,,https://dda.gov.in/delineated-boundary
1624,"Khera Khurd Extn. Khera Khurd, Delhi 82",118-(ELD),regular,1,1555,https://dda.gov.in/sites/default/files/pmuday/1555_175.pdf,,2020-03-16,,https://dda.gov.in/delineated-boundary
1625,"Extended Abadi, Taimoor Nagar -I, Near Village Community Centre Taimoor Nagar, New Delhi- 25",119-(ELD),regular,0,,,,,Boundary map pending or omitted from DDA portal table,https://dda.gov.in/sites/default/files/pmuday/1731_uc.pdf
1626,"Kakardooma Extn.,Delhi 92",12-(LOP),regular,0,,,,,Boundary map pending or omitted from DDA portal table,https://dda.gov.in/sites/default/files/pmuday/1731_uc.pdf
1627,Gram Baprola Najafgarh New Delhi 43,120-(ELD),regular,1,359,,https://dda.gov.in/sites/default/files/pmuday/359_586.pdf,2020-05-20,"(1) REGD. NO.120-(ELD)_Gram Baprola Najafgarh New Delhi 43 (2) REGD. NO.513_Baprola Extn., Baprola Village, Delhi-43",https://dda.gov.in/delineated-boundary
1628,Bagdola Village Extn. Area New Delhi 45,121-(ELD),regular,1,1559,https://dda.gov.in/sites/default/files/pmuday/1559_1280.pdf,,2020-03-16,,https://dda.gov.in/delineated-boundary
1629,"Resident Welfare Association, Rajokari Harijan Basti, New Delhi 38",122-(ELD),regular,1,1560,https://dda.gov.in/sites/default/files/pmuday/1560_276.pdf,,2020-03-16,,https://dda.gov.in/delineated-boundary
1630,Sangwan Enclave Mangla Puri Road Palam New Delhi 45,123-(ELD),regular,1,414,https://dda.gov.in/sites/default/files/pmuday/414_67-_ELD_.pdf,,2019-12-03,(1) REGD. NO.123-(ELD)_Sangwan Enclave Mangla Puri Road PalamNew Delhi 45,https://dda.gov.in/delineated-boundary
1631,"Madi Pur Extn. Kh. No. 709, 710, 711, 712, 712/2 Madi Pur New Delhi 63",124-(ELD),regular,1,1562,https://dda.gov.in/sites/default/files/pmuday/1562_408.pdf,,2020-03-16,,https://dda.gov.in/delineated-boundary
1632,Extended Abadi Of Barwala Delhi 39,125-(ELD),regular,1,1563,https://dda.gov.in/sites/default/files/pmuday/1563_421.pdf,,2020-03-16,,https://dda.gov.in/delineated-boundary
1633,Village Fateh Nagar Delhi 58,126-(ELD),regular,1,1564,https://dda.gov.in/sites/default/files/pmuday/1564_458.pdf,,2020-03-16,,https://dda.gov.in/delineated-boundary
1634,"Tuglakabad Village Extended Lal Dora Abadi East, New Delhi 44",127-(ELD),regular,1,1565,https://dda.gov.in/sites/default/files/pmuday/1565_603.pdf,,2020-03-16,,https://dda.gov.in/delineated-boundary
1635,"Village Khaira, Najafgarh Rural Village, New Delhi 43",129-(ELD),regular,1,754,,https://dda.gov.in/sites/default/files/pmuday/754_1053.pdf,2020-06-01,"(1) REGD. NO.129-(ELD)_Village Khaira, Najafgarh Rural Village, NewDelhi 43",https://dda.gov.in/delineated-boundary
1636,"Harijan Basti(Poorvi Chhatra) Rajokri Pahari, Mehrauli Road, New Delhi-38",13-(ELD),regular,1,638,,https://dda.gov.in/sites/default/files/pmuday/638_122%20ELD.pdf,2020-05-26,"(1) 13-(ELD) Harijan Basti(Poorvi Chhatra) Rajokri Pahari, Mehrauli Road, New Delhi-38",https://dda.gov.in/delineated-boundary
1637,"Om Vihar,Ph-IV, Uttam Nagar, New Delhi 59",13-(LOP),regular,1,1568,https://dda.gov.in/sites/default/files/pmuday/1568_708.pdf,,2020-03-16,,https://dda.gov.in/delineated-boundary
1638,"Village Khaira, Najafgarh New Delhi 43",130-(ELD),regular,1,1569,https://dda.gov.in/sites/default/files/pmuday/1569_779.pdf,,2020-03-16,,https://dda.gov.in/delineated-boundary
1639,Village Pitam Pura New Delhi 34,131-(ELD),regular,1,1570,https://dda.gov.in/sites/default/files/pmuday/1570_1055.pdf,,2020-03-16,,https://dda.gov.in/delineated-boundary
1640,Extended Abadi of Village Chhattarpur New Delhi,132-(ELD),regular,1,1571,https://dda.gov.in/sites/default/files/pmuday/1571_1161.pdf,,2020-03-16,,https://dda.gov.in/delineated-boundary
1641,Lal Dora Of Village Singhu Delhi 40,133-(ELD),regular,1,1572,https://dda.gov.in/sites/default/files/pmuday/1572_1331.pdf,,2020-03-16,,https://dda.gov.in/delineated-boundary
1642,Village Singhu Extn. Delhi 40,134-(ELD),regular,1,45,,https://dda.gov.in/sites/default/files/pmuday/45_134-(ELD).pdf,2020-03-11,,https://dda.gov.in/delineated-boundary
1643,"Village Tikri Khurd, Delhi 40",135-(ELD),regular,1,1574,https://dda.gov.in/sites/default/files/pmuday/1574_1420.pdf,,2020-03-16,,https://dda.gov.in/delineated-boundary
1644,Village Kamruddin Nagar Nangloi Delhi 41,136-(ELD),regular,1,304,,https://dda.gov.in/sites/default/files/pmuday/304_132.pdf,2020-05-18,"(1) REGD. NO.392_Amar Colony, A-Block, Rohtak Road, Nangloi, Delhi (2) REGD. NO.668_Amar Colony, ABC Block, Mundka, Nangloi, Delhi-41 (3) REGD. NO.915_Amar Colony-(C D E & K Block) Rohtak Road (4) REGD. NO.1380_Amar Colony Ph II& III, Rohtak Road, Nangloi, Delhi (5) REGD. NO.936_Arvind Enclave Nangloi Delhi-41 (6) REGD. NO.136_(ELD)_Village Kamruddin Nagar Nangloi Delhi 41 (7) REGD. NO.520_Amar Colony Ph-II, Mundka Nangloi, Delhi-41",https://dda.gov.in/delineated-boundary
1645,"Jharoda Kalan, Delhi 72",137-(ELD),regular,0,1716,,,2020-04-27,"BOUNDARY OF COLONY CAN NOT BE DELINEATED AS PER ""SOP"" (""Shapefile"" of the colony is not available)",https://dda.gov.in/delineated-boundary
1646,Village Begumpur Delhi 86,138-(ELD),regular,1,1577,https://dda.gov.in/sites/default/files/pmuday/1577_630.pdf,,2020-03-16,,https://dda.gov.in/delineated-boundary
1647,Parsadi Mohalla New Ushman Pur Extn. Delhi 53,139-(ELD),regular,1,137,,https://dda.gov.in/sites/default/files/pmuday/137_139%20Eld.pdf,2020-04-23,,https://dda.gov.in/delineated-boundary
1648,"Urbanised Village, Mangolpur Khurd, Delhi-83",14-(ELD),regular,1,1579,https://dda.gov.in/sites/default/files/pmuday/1579_1311.pdf,,2020-03-16,,https://dda.gov.in/delineated-boundary
1649,"A- Block, Meethapur Extn. Shree Colony Badarpur New Delhi 44",14-(LOP),regular,0,1580,,,2020-03-19,"BOUNDARY OF COLONY CAN NOT BE DELINEATED AS PER ""SOP""",https://dda.gov.in/delineated-boundary
1650,Jerman Nagar Kashmiri Colony Revenu Estate Of Village Khera On Old Khaira Road Najafgarh New Delhi,140-(ELD),regular,1,756,,https://dda.gov.in/sites/default/files/pmuday/756_1526.pdf,2020-06-01,(1) REGD. NO.140- (ELD)_Jerman Nagar Kashmiri Colony Revenu EstateOf Village Khera On Old Khaira Road Najafgarh New Delhi,https://dda.gov.in/delineated-boundary
1651,Extended Abadi Of Kadi Pur Village,141-(ELD),regular,0,,,,,Boundary map pending or omitted from DDA portal table,https://dda.gov.in/sites/default/files/pmuday/1731_uc.pdf
1652,Extended Abadi Of Lad Pur Village Delhi 81,142-(ELD),regular,1,1058,,https://dda.gov.in/sites/default/files/pmuday/1058_142%20ELD.pdf,2020-06-08,,https://dda.gov.in/delineated-boundary
1653,LOP of Jain Nagar Karala Delhi 81,144-(ELD),regular,0,,,,,Boundary map pending or omitted from DDA portal table,https://dda.gov.in/sites/default/files/pmuday/1731_uc.pdf
1654,Rupali Enclave Karala Delhi 81,145-(ELD),regular,0,1585,,,2020-03-19,"BOUNDARY OF COLONY CAN NOT BE DELINEATED AS PER ""SOP""",https://dda.gov.in/delineated-boundary
1655,Rural Village Malikpur Lal Dora Extension Extended Area New Delhi 73,146-(ELD),regular,0,1586,,,2020-03-19,"BOUNDARY OF COLONY CAN NOT BE DELINEATED AS PER ""SOP""",https://dda.gov.in/delineated-boundary
1656,Qutab Enclave Village Mehrauli 4C Ward No. - New Delhi 30,147-(ELD),regular,0,1587,,,2020-03-19,"BOUNDARY OF COLONY CAN NOT BE DELINEATED AS PER ""SOP""",https://dda.gov.in/delineated-boundary
1657,"Village Mehrauli 4B- Ward No. 1, New Delhi 30",148-(ELD),regular,1,458,,https://dda.gov.in/sites/default/files/pmuday/458_147_ELD.pdf,2020-05-22,"(1) 148-(ELD) Village Mehrauli 4B- Ward No. 1, New Delhi 30",https://dda.gov.in/delineated-boundary
1658,"East Mundka Extn., Mundka Nangloi Delhi 41",149-(ELD),regular,0,1589,,,2020-03-19,"BOUNDARY OF COLONY CAN NOT BE DELINEATED AS PER ""SOP""",https://dda.gov.in/delineated-boundary
1659,"Unauthorized Areas of Urbanaised/ Village,Village Basai Dara Pur Extn.",15-(ELD),regular,0,1590,,,2020-03-19,"BOUNDARY OF COLONY CAN NOT BE DELINEATED AS PER ""SOP""",https://dda.gov.in/delineated-boundary
1660,Khajuri Khas Village Delhi 94,15-(LOP),regular,0,1591,,,2020-03-19,"BOUNDARY OF COLONY CAN NOT BE DELINEATED AS PER ""SOP""",https://dda.gov.in/delineated-boundary
1661,"Raza Pur Village Extn., 30, Abadi Ahinsa Marg, Village, Rajapur, Sector-9, Rohani, Delhi-85",16-(ELD),regular,1,57,,https://dda.gov.in/sites/default/files/pmuday/57_1076.pdf,2020-03-11,"(1) REGD. NO. 16- (ELD)_Raza Pur Village Extn., 30, Abadi Ahinsa Marg, Village, Rajapur, Sector-9, Rohani, Delhi-85",https://dda.gov.in/delineated-boundary
1662,Village Gokul Pur Delhi 94,16-(LOP),regular,0,1593,,,2020-03-19,"BOUNDARY OF COLONY CAN NOT BE DELINEATED AS PER ""SOP""",https://dda.gov.in/delineated-boundary
1663,"Extended Abadi of Kushak No-1, Village Kadi Pur, Delhi-36",17-(ELD),regular,1,127,,https://dda.gov.in/sites/default/files/pmuday/127_862.pdf,2020-04-23,"(1) REGD. NO.17-(ELD)_Extended Abadi of Kushak No-1, Village KadiPur, Delhi-36",https://dda.gov.in/delineated-boundary
1664,Babarpur East Chajju Pur Delhi 32,17-(LOP),regular,0,1595,,,2020-03-19,"BOUNDARY OF COLONY CAN NOT BE DELINEATED AS PER ""SOP""",https://dda.gov.in/delineated-boundary
1665,"Sarai Kale Khan Village, Delhi",18-(ELD),regular,0,1596,,,2020-03-19,"BOUNDARY OF COLONY CAN NOT BE DELINEATED AS PER ""SOP""",https://dda.gov.in/delineated-boundary
1666,"Gautam Nagar Hill Block, 216, A,B,C,D Kh. No. 115/1, 115/2 & 3 Gautam Nagar New Delhi",18-(LOP),regular,1,1071,,https://dda.gov.in/sites/default/files/pmuday/1071_18%20LOP.pdf,2020-06-08,,https://dda.gov.in/delineated-boundary
1667,"Tikri Khurd Village, Extended Abadi, Delhi-40",19-(ELD),regular,1,299,,https://dda.gov.in/sites/default/files/pmuday/299_135-_ELD_.pdf,2020-05-18,"(1) REGD. NO.19-(ELD)_Tikri Khurd Village, Extended Abadi, Delhi-40",https://dda.gov.in/delineated-boundary
1668,Ram Mohalla JohariPur Delhi 94,19-(LOP),regular,0,1599,,,2020-03-19,"BOUNDARY OF COLONY CAN NOT BE DELINEATED AS PER ""SOP""",https://dda.gov.in/delineated-boundary
1669,"14, Rajpur Road Opp. MCD Flats, Civil Lines, Delhi 54",2-(LOP),regular,0,1600,,,2020-03-19,"BOUNDARY OF COLONY CAN NOT BE DELINEATED AS PER ""SOP""",https://dda.gov.in/delineated-boundary
1670,"Khasara No-617, Extn of Aliganj Village, Delhi- 13",20-(ELD),regular,0,1601,,,2020-03-19,"BOUNDARY OF COLONY CAN NOT BE DELINEATED AS PER ""SOP""",https://dda.gov.in/delineated-boundary
1671,Tunda Nagar Harijan Basti JohariPur Delhi 94,20-(LOP),regular,1,233,,https://dda.gov.in/sites/default/files/pmuday/MAP%20233_1450.pdf,2020-05-16,(1) REGD. NO. 20-(LOP)_Tunda Nagar Harijan Basti JohariPur Delhi 94,https://dda.gov.in/delineated-boundary
1672,Kakraula Ext. Village-New Delhi-78,21-(ELD),regular,0,1603,,,2020-03-19,"BOUNDARY OF COLONY CAN NOT BE DELINEATED AS PER ""SOP""",https://dda.gov.in/delineated-boundary
1673,Baljeet Nagar New Delhi 8,21-(LOP),regular,0,1604,,,2020-03-19,"BOUNDARY OF COLONY CAN NOT BE DELINEATED AS PER ""SOP""",https://dda.gov.in/delineated-boundary
1674,"Majri Village Extn., Majri P.O.Karala, Delhi-81",22-(ELD),regular,0,1605,,,2020-03-19,"BOUNDARY OF COLONY CAN NOT BE DELINEATED AS PER ""SOP""",https://dda.gov.in/delineated-boundary
1675,"Geeta Colony, Block 5 & 7, Delhi 31",22-(LOP),regular,1,1031,,https://dda.gov.in/sites/default/files/pmuday/1031_22%20LOP.pdf,2020-06-05,,https://dda.gov.in/delineated-boundary
1676,"Extended Abadi of Aya Nagar Village, New Delhi-47",23-(ELD),regular,0,1607,,,2020-03-19,"BOUNDARY OF COLONY CAN NOT BE DELINEATED AS PER ""SOP""",https://dda.gov.in/delineated-boundary
1677,Laxmi Nagar J & K Extn. Delhi 92,23-(LOP),regular,1,1017,,https://dda.gov.in/sites/default/files/pmuday/1017_23%20LOP.pdf,2020-06-05,,https://dda.gov.in/delineated-boundary
1678,"Zindpur Village Extn., Zindpur, P.O.Alipur, Delhi- 36",24-(ELD),regular,0,1609,,,2020-03-19,"BOUNDARY OF COLONY CAN NOT BE DELINEATED AS PER ""SOP""",https://dda.gov.in/delineated-boundary
1679,Mohan Nagar Pankha Road New Delhi 46,24-(LOP),regular,0,1610,,,2020-03-19,"BOUNDARY OF COLONY CAN NOT BE DELINEATED AS PER ""SOP""",https://dda.gov.in/delineated-boundary
1680,"Harijan Nardan Basti, Lal Kuan, M.B.Road, New Delhi-44",25-(ELD),regular,0,1611,,,2020-03-19,"BOUNDARY OF COLONY CAN NOT BE DELINEATED AS PER ""SOP""",https://dda.gov.in/delineated-boundary
1681,"Village Bakner Ambedkar Colony Extn. Part II, Delhi 40",25-(LOP),regular,1,295,,https://dda.gov.in/sites/default/files/pmuday/295_197_B.pdf,2020-05-18,"(1) REGD. NO.25-(LOP)_Village Bakner Ambedkar Colony Extn. Part II, Delhi 40 (2) REGD. NO.577_Swatantra Nagar Extn. West Gonda Road, Narela, Delhi-40",https://dda.gov.in/delineated-boundary
1682,"Village Chhota Hasanpur, Behind Hasan Pur DTC Depot, I.P.Extn. Delhi-92",26-(ELD),regular,1,1006,,https://dda.gov.in/sites/default/files/pmuday/1006_26-(ELD).pdf,2020-06-05,,https://dda.gov.in/delineated-boundary
1683,"Kotla Mahi Gram Extn. Jasola, Sarita Vihar, New Delhi 76",26-(LOP),regular,0,1614,,,2020-03-19,"BOUNDARY OF COLONY CAN NOT BE DELINEATED AS PER ""SOP""",https://dda.gov.in/delineated-boundary
1684,"Taimoor Nagar, Kapasia Mohalla Delhi-25",27-(ELD),regular,0,1615,,,2020-03-19,"BOUNDARY OF COLONY CAN NOT BE DELINEATED AS PER ""SOP""",https://dda.gov.in/delineated-boundary
1685,Kadi Vihar Extn. Delhi 36,27-(LOP),regular,1,128,,https://dda.gov.in/sites/default/files/pmuday/128_821.pdf,2020-04-23,(1) REGD. NO.27-(LOP)_Kadi Vihar Extn. Delhi 36,https://dda.gov.in/delineated-boundary
1686,"Bakhtawar Pur Extn., Bakhtawar Pur, Delhi-36",28-(ELD),regular,0,1717,,,2020-04-27,"BOUNDARY OF COLONY CAN NOT BE DELINEATED AS PER ""SOP"" (""Shapefile"" of the colony is not available)",https://dda.gov.in/delineated-boundary
1687,"C-4, C-5, & G1 Block Village Aya Nagar New Delhi",28-(LOP),regular,0,1618,,,2020-04-27,"BOUNDARY OF COLONY CAN NOT BE DELINEATED AS PER ""SOP"" (""Shapefile"" of the colony is not available)",https://dda.gov.in/delineated-boundary
1688,"Extended Lal Dora Abad Area, Village Aya Nagar, New Delhi-47",29-(ELD),regular,1,452,,https://dda.gov.in/sites/default/files/pmuday/452_78.pdf,2020-05-22,"(1) 29-(ELD) Extended Lal Dora Abadi Area, Village Aya Nagar, New Delhi-47 (2) 1519 Aya Nagar Extn. B-Block, New Delhi-47",https://dda.gov.in/delineated-boundary
1689,"B-1, Block Bandh Road Village, Aya Nagar New Delhi",29-(LOP),regular,1,455,,https://dda.gov.in/sites/default/files/pmuday/455_860.pdf,2020-08-14,"(1) 29-(LOP) B-1, Block Bandh Road Village, Aya Nagar New Delhi",https://dda.gov.in/delineated-boundary
1690,"Badarpur Village, Delhi-44",3-(ELD),regular,0,1621,,,2020-04-27,"BOUNDARY OF COLONY CAN NOT BE DELINEATED AS PER ""SOP"" (""Shapefile"" of the colony is not available)",https://dda.gov.in/delineated-boundary
1691,Sushant Vihar Delhi 36,3-(LOP),regular,1,1217,,https://dda.gov.in/sites/default/files/pmuday/1217_03-(ELD).pdf,2020-06-12,,https://dda.gov.in/delineated-boundary
1692,"Aali Village Extended, Abadi, New Delhi-44",30-(ELD),regular,1,1186,,https://dda.gov.in/sites/default/files/pmuday/1186_1128.pdf,2020-06-10,"(1) REGD. NO.30-(ELD)_Aali Village Extended, Abadi, New Delhi-44",https://dda.gov.in/delineated-boundary
1693,"H1, Block Village Aya Nagar New Delhi",30-(LOP),regular,1,454,https://dda.gov.in/sites/default/files/pmuday/454_23_ELD.pdf,,2019-12-03,"(1) 30-(LOP) H1, Block Village Aya Nagar New Delhi",https://dda.gov.in/delineated-boundary
1694,"Bakhtawarpur Extn. III, Bakhtawarpur Delhi 36",32-(LOP),regular,0,1625,,,2020-04-27,"BOUNDARY OF COLONY CAN NOT BE DELINEATED AS PER ""SOP"" (""Shapefile"" of the colony is not available)",https://dda.gov.in/delineated-boundary
1695,Panchsheel Gardan Dwarika Puri Uldhan Pur Shahdara Delhi 32,33-(LOP),regular,1,102,,https://dda.gov.in/sites/default/files/pmuday/102_33-(LOP).pdf,2020-04-23,,https://dda.gov.in/delineated-boundary
1696,Adarsh Nagar Extn. Delhi 33,34-(LOP),regular,0,1627,,,2020-04-27,"BOUNDARY OF COLONY CAN NOT BE DELINEATED AS PER ""SOP"" (""Shapefile"" of the colony is not available)",https://dda.gov.in/delineated-boundary
1697,"Village Kondli, Delhi-96",35-(ELD),regular,1,109,,https://dda.gov.in/sites/default/files/pmuday/109_35.pdf,2020-04-23,,https://dda.gov.in/delineated-boundary
1698,"F2, Block Mahavir Enclave New Delhi 45",35-(LOP),regular,1,590,,https://dda.gov.in/sites/default/files/pmuday/590_573.pdf,2020-05-26,"(1) 35-(LOP) F2, Block Mahavir Enclave New Delhi 4",https://dda.gov.in/delineated-boundary
1699,"Rani Khera Village, Delhi-81",36-(ELD),regular,1,1049,,https://dda.gov.in/sites/default/files/pmuday/1049_36-%20(ELD).pdf,2020-06-05,,https://dda.gov.in/delineated-boundary
1700,"Om Vihar Ph- III, A,B,D Block & Phase III Extn. Uttam Nagar New Delhi 59",36-(LOP),regular,0,,,,,Boundary map pending or omitted from DDA portal table,https://dda.gov.in/sites/default/files/pmuday/1731_uc.pdf
1701,"Natural Growth of Kapashera Village, New Delhi- 37",37-(ELD),regular,0,1632,,,2020-04-27,"BOUNDARY OF COLONY CAN NOT BE DELINEATED AS PER ""SOP"" (""Shapefile"" of the colony is not available)",https://dda.gov.in/delineated-boundary
1702,"New Lahore Colony Shastri Nagar, Delhi 31",37-(LOP),regular,1,1022,,https://dda.gov.in/sites/default/files/pmuday/1022_1180.pdf,2020-06-05,"(1) REGD. NO.37-(LOP)_New Lahore Colony Shastri Nagar, Delhi 31",https://dda.gov.in/delineated-boundary
1703,"Chhatar Pur, Near Durga Ashram, New Delhi-74",38-(ELD),regular,0,,,,,Boundary map pending or omitted from DDA portal table,https://dda.gov.in/sites/default/files/pmuday/1731_uc.pdf
1704,Kardam Farm Colony Joharipur Delhi 94,38-(LOP),regular,0,1635,,,2020-04-27,"BOUNDARY OF COLONY CAN NOT BE DELINEATED AS PER ""SOP"" (""Shapefile"" of the colony is not available)",https://dda.gov.in/delineated-boundary
1705,"Shanti Kunj, Chhattarpur, Delhi-30",39-(ELD),regular,0,1636,,,2020-04-27,"BOUNDARY OF COLONY CAN NOT BE DELINEATED AS PER ""SOP"" (""Shapefile"" of the colony is not available)",https://dda.gov.in/delineated-boundary
1706,Ram Pura BE- Block Hari Nagar New Delhi,39-(LOP),regular,0,1637,,,2020-04-27,"BOUNDARY OF COLONY CAN NOT BE DELINEATED AS PER ""SOP"" (""Shapefile"" of the colony is not available)",https://dda.gov.in/delineated-boundary
1707,"C-Block, Pochanpur Village, Pochanpur, New Delhi-77",4-(ELD),regular,1,402,,https://dda.gov.in/sites/default/files/pmuday/402_319.pdf,2020-05-20,"(1) REGD. NO.4-(ELD)_C-Block, Pochanpur Village, Pochanpur, New Delhi-77",https://dda.gov.in/delineated-boundary
1708,"Old Village, Ushman Pur 3rd Pushta, Dhallan Road Delhi 53",4-(LOP),regular,0,1639,,,2020-04-27,"BOUNDARY OF COLONY CAN NOT BE DELINEATED AS PER ""SOP"" (""Shapefile"" of the colony is not available)",https://dda.gov.in/delineated-boundary
1709,Village Kishan Garh(Mehrauli) New Delhi-70,40-(ELD),regular,0,1640,,,2020-04-27,"BOUNDARY OF COLONY CAN NOT BE DELINEATED AS PER ""SOP"" (""Shapefile"" of the colony is not available)",https://dda.gov.in/delineated-boundary
1710,Lado Sarai Extn. New Delhi 30,40-(LOP),regular,0,,,,,Boundary map pending or omitted from DDA portal table,https://dda.gov.in/sites/default/files/pmuday/1731_uc.pdf
1711,"Village Madan Pur Dabas Extended Abadi, Delhi-81",41-(ELD),regular,1,1046,,https://dda.gov.in/sites/default/files/pmuday/1046_41(ELD).pdf,2020-06-05,,https://dda.gov.in/delineated-boundary
1712,Begumpur Post Office Malviya Nagar New Delhi 17,41-(LOP),regular,0,1643,,,2020-04-27,"BOUNDARY OF COLONY CAN NOT BE DELINEATED AS PER ""SOP"" (""Shapefile"" of the colony is not available)",https://dda.gov.in/delineated-boundary
1713,"Village Sahi Pur , Shalimar Bagh, New Delhi-88",42-(ELD),regular,0,1644,,,2020-04-27,"BOUNDARY OF COLONY CAN NOT BE DELINEATED AS PER ""SOP"" (""Shapefile"" of the colony is not available)",https://dda.gov.in/delineated-boundary
1714,"Qutub Vihar Phase I, Extn. E- Block New Delhi 59",42-(LOP),regular,0,1645,,,2020-04-27,"BOUNDARY OF COLONY CAN NOT BE DELINEATED AS PER ""SOP"" (""Shapefile"" of the colony is not available)",https://dda.gov.in/delineated-boundary
1715,"Dinpur Extn., Goyla More, Dinpur, Najafgarh, New Delhi-43",43-(ELD),regular,0,1646,,,2020-04-27,"BOUNDARY OF COLONY CAN NOT BE DELINEATED AS PER ""SOP"" (""Shapefile"" of the colony is not available)",https://dda.gov.in/delineated-boundary
1716,Palam Kunj (Harijan Basti) Palam New Delhi 45,43-(LOP),regular,0,1647,,,2020-04-27,"BOUNDARY OF COLONY CAN NOT BE DELINEATED AS PER ""SOP"" (""Shapefile"" of the colony is not available)",https://dda.gov.in/delineated-boundary
1717,"Nangli Poona Extn., Part-II, Delhi-36",44-(ELD),regular,0,1648,,,2020-04-27,"BOUNDARY OF COLONY CAN NOT BE DELINEATED AS PER ""SOP"" (""Shapefile"" of the colony is not available)",https://dda.gov.in/delineated-boundary
1718,"Holambi Khurd Extn., Delhi-82",45-(ELD),regular,1,195,,https://dda.gov.in/sites/default/files/pmuday/MAP%20195_75%20(ELD).pdf,2020-04-23,,https://dda.gov.in/delineated-boundary
1719,"Chandar Vihar Palam Extn. Part I, Delhi 45",45-(LOP),regular,0,1650,,,2020-04-27,"BOUNDARY OF COLONY CAN NOT BE DELINEATED AS PER ""SOP"" (""Shapefile"" of the colony is not available)",https://dda.gov.in/delineated-boundary
1720,"Kishan Garh Part Village, Mehrauli, Delhi",46-(ELD),regular,0,,,,,Boundary map pending or omitted from DDA portal table,https://dda.gov.in/sites/default/files/pmuday/1731_uc.pdf
1721,"Arya Nagar ( Harijan Basti ) Kakardooma, East Delhi 92",46-(LOP),regular,0,1652,,,2020-04-27,"BOUNDARY OF COLONY CAN NOT BE DELINEATED AS PER ""SOP"" (""Shapefile"" of the colony is not available)",https://dda.gov.in/delineated-boundary
1722,"Village Pooth Kalan Extn., Abadi, Delhi-86",47-(ELD),regular,0,1653,,,2020-04-27,"BOUNDARY OF COLONY CAN NOT BE DELINEATED AS PER ""SOP"" (""Shapefile"" of the colony is not available)",https://dda.gov.in/delineated-boundary
1723,"Harijan Basti Village, Jaunti, New Delhi-81",48-(ELD),regular,0,1654,,,2020-04-27,"BOUNDARY OF COLONY CAN NOT BE DELINEATED AS PER ""SOP"" (""Shapefile"" of the colony is not available)",https://dda.gov.in/delineated-boundary
1724,"Multan Vihar Extn., No. 2, Geeta Colony, 9- Block, Delhi 31",48-(LOP),regular,0,1655,,,2020-04-27,"BOUNDARY OF COLONY CAN NOT BE DELINEATED AS PER ""SOP"" (""Shapefile"" of the colony is not available)",https://dda.gov.in/delineated-boundary
1725,"Village Mandawali Fazalpur, Delhi-92",49-(ELD),regular,1,1009,,https://dda.gov.in/sites/default/files/pmuday/1009_49-(ELD).pdf,2020-06-05,"(1) REGD. NO.1583_Sewa Sadan, Mandawali, Fazalpur",https://dda.gov.in/delineated-boundary
1726,"W,X,Y,Z - Block Extn. Swaroop Nagar Delhi 42",49-(LOP),regular,1,196,,https://dda.gov.in/sites/default/files/pmuday/MAP%20196_904.pdf,2020-04-23,"(1) REGD. NO. 49-(LOP)W,X,Y,Z - Block Extn. Swaroop Nagar Delhi 42",https://dda.gov.in/delineated-boundary
1727,"Village Tukhmir Pur, Delhi-94",5-(ELD),regular,1,206,https://dda.gov.in/sites/default/files/pmuday/MAP%20206_435.pdf,,2019-12-01,"(1) REGD. NO. 5-(ELD)_Village Tukhmir Pur, Delhi-94, (2) REGD. NO. 650_Dayal Pur Extn. C-Block, Main Road, Tukmerpur, Delhi-94",https://dda.gov.in/delineated-boundary
1728,"D- Block, Gopal Nagar Najafgarh New Delhi",5-(LOP),regular,1,383,https://dda.gov.in/sites/default/files/pmuday/383_1134.pdf,,2019-12-02,"(1) REGD. NO.5-(LOP)_D- Block, Gopal Nagar Najafgarh New Delhi",https://dda.gov.in/delineated-boundary
1729,"Nangli Jalib Extn.,B-1 , Janakpuri, New Delhi-58",50-(ELD),regular,0,1660,,,2020-04-27,"BOUNDARY OF COLONY CAN NOT BE DELINEATED AS PER ""SOP"" (""Shapefile"" of the colony is not available)",https://dda.gov.in/delineated-boundary
1730,"R,C & B Block, Kewal Park Azad Pur Delhi 32",50-(LOP),regular,0,1719,,,2020-04-27,"BOUNDARY OF COLONY CAN NOT BE DELINEATED AS PER ""SOP"" (""Shapefile"" of the colony is not available)",https://dda.gov.in/delineated-boundary
1731,"R,C & B Block, Kewal Park Azad Pur Delhi 32",50-(LOP),regular,0,1719,,,2020-04-27,"BOUNDARY OF COLONY CAN NOT BE DELINEATED AS PER ""SOP"" (""Shapefile"" of the colony is not available)",https://dda.gov.in/delineated-boundary
1732,"Bindapur Extended, Abadi, Uttam Nagar, New Delhi-59",51-(ELD),regular,0,1663,,,2020-04-27,"BOUNDARY OF COLONY CAN NOT BE DELINEATED AS PER ""SOP"" (""Shapefile"" of the colony is not available)",https://dda.gov.in/delineated-boundary
1733,Sushila Gardan Mandoli ( Nandnagri) Delhi 93,51-(LOP),regular,1,91,,https://dda.gov.in/sites/default/files/pmuday/91_51-(LOP).pdf,2020-03-12,"(1) REGD. NO.863_Sushila Garden Mandoli Delhi-93, (2) REGD. NO.863_Sushila Garden Mandoli Delhi-94",https://dda.gov.in/delineated-boundary
1734,"Mahipal Pur Village Extended, Abadi, New Delhi- 37",52-(ELD),regular,0,1665,,,2020-04-27,"BOUNDARY OF COLONY CAN NOT BE DELINEATED AS PER ""SOP"" (""Shapefile"" of the colony is not available)",https://dda.gov.in/delineated-boundary
1735,Kewal Park Extn. Abadi Azad Pur Delhi 33,52-(LOP),regular,0,1666,,,2020-04-27,"BOUNDARY OF COLONY CAN NOT BE DELINEATED AS PER ""SOP"" (""Shapefile"" of the colony is not available)",https://dda.gov.in/delineated-boundary
1736,"East Azad Nagar, Delhi-51",53-(ELD),regular,1,98,,https://dda.gov.in/sites/default/files/pmuday/98_53-(ELD).pdf,2020-03-12,"(1) REGD. NO.10-(LOP)_East Azad Nagar, Delhi 51",https://dda.gov.in/delineated-boundary
1737,"Sheetal Vihar, Chhawala Extn., New Delhi-71",54-(ELD),regular,0,1668,,,2020-04-27,"BOUNDARY OF COLONY CAN NOT BE DELINEATED AS PER ""SOP"" (""Shapefile"" of the colony is not available)",https://dda.gov.in/delineated-boundary
1738,"Kadi Pur Extn., 'C' Block, Delhi-36",54-(LOP),regular,1,85,,https://dda.gov.in/sites/default/files/pmuday/85_612.pdf,2020-03-12,"(1) REGD. NO.54-(LOP)_Kadi Pur Extn., 'C' Block, Delhi-36",https://dda.gov.in/delineated-boundary
1739,Palam Village Extn. Area New Delhi-45,55-(ELD),regular,0,1670,,,2020-04-27,"BOUNDARY OF COLONY CAN NOT BE DELINEATED AS PER ""SOP"" (""Shapefile"" of the colony is not available)",https://dda.gov.in/delineated-boundary
1740,Rajokari Village New Delhi-38,56-(ELD),regular,0,1671,,,2020-04-27,"BOUNDARY OF COLONY CAN NOT BE DELINEATED AS PER ""SOP"" (""Shapefile"" of the colony is not available)",https://dda.gov.in/delineated-boundary
1741,"L.O.P. Janta Colony, Raghuveer Nagar, Delhi- 27",56-(LOP),regular,0,1672,,,2020-04-27,"BOUNDARY OF COLONY CAN NOT BE DELINEATED AS PER ""SOP"" (""Shapefile"" of the colony is not available)",https://dda.gov.in/delineated-boundary
1742,"Nahar Pur Sector-7, Rohini, Delhi-85",57-(ELD),regular,1,1060,https://dda.gov.in/sites/default/files/pmuday/1060_57%20ELD.pdf,,2019-12-15,,https://dda.gov.in/delineated-boundary
1743,"North Chhajupur, Delhi",57-(LOP),regular,0,1720,,,2020-04-27,"BOUNDARY OF COLONY CAN NOT BE DELINEATED AS PER ""SOP"" (""Shapefile"" of the colony is not available)",https://dda.gov.in/delineated-boundary
1744,"Tehkhand Village, Urbanised Village, Okhla Ph- I, New Delhi-20",58-(ELD),regular,0,1721,,,2020-04-27,"BOUNDARY OF COLONY CAN NOT BE DELINEATED AS PER ""SOP"" (""Shapefile"" of the colony is not available)",https://dda.gov.in/delineated-boundary
1745,"Samalka Village, New Delhi-37",58-(LOP),regular,1,640,https://dda.gov.in/sites/default/files/pmuday/640_1132.pdf,,2019-12-04,"(1)58-(LOP) Samalka Village, New Delhi-37 (2) 839 Samalka Extn.(East) Telephone Exchange Road Samalka,New Delhi (3) 901 Samalka Extn.Kapashera Chowk Najafgarh Road (4)83-(ELD) ichaon Kalan Extn, Main Dichaon Kalan Road, Najafgarh New Delhi 43",https://dda.gov.in/delineated-boundary
1746,"Sani Mohalla(Near Electrition Office) Bijwasan, New Delhi-61",59-(ELD),regular,0,,,,,Boundary map pending or omitted from DDA portal table,https://dda.gov.in/sites/default/files/pmuday/1731_uc.pdf
1747,"Sanjay Colony, Bhatti Mines, Bhagirath Nagar, New Delhi-74",59-(LOP),regular,0,1678,,,2020-04-27,"BOUNDARY OF COLONY CAN NOT BE DELINEATED AS PER ""SOP"" (""Shapefile"" of the colony is not available)",https://dda.gov.in/delineated-boundary
1748,"Masoodpur, Distt- South West, New Delhi-70",6-(ELD),regular,0,1679,,,2020-04-27,"BOUNDARY OF COLONY CAN NOT BE DELINEATED AS PER ""SOP"" (""Shapefile"" of the colony is not available)",https://dda.gov.in/delineated-boundary
1749,"Janhit Sewa Samiti, Shri Niwas Puri Extn., New Delhi 65",6-(LOP),regular,0,1680,,,2020-04-27,"BOUNDARY OF COLONY CAN NOT BE DELINEATED AS PER ""SOP"" (""Shapefile"" of the colony is not available)",https://dda.gov.in/delineated-boundary
1750,"Village Pansali & Extn. Abadi, Delhi 85",60-(ELD),regular,0,1681,,,2020-04-27,"BOUNDARY OF COLONY CAN NOT BE DELINEATED AS PER ""SOP"" (""Shapefile"" of the colony is not available)",https://dda.gov.in/delineated-boundary
1751,"Deep Vihar Colony, Pansali, Delhi",60-(LOP),regular,0,1722,,,2020-04-27,"BOUNDARY OF COLONY CAN NOT BE DELINEATED AS PER ""SOP"" (""Shapefile"" of the colony is not available)",https://dda.gov.in/delineated-boundary
1752,Village Prahladpur & Extn. Abadi Delhi 85,61-(ELD),regular,0,1683,,,2020-04-27,"BOUNDARY OF COLONY CAN NOT BE DELINEATED AS PER ""SOP"" (""Shapefile"" of the colony is not available)",https://dda.gov.in/delineated-boundary
1753,"Keshav Nagar, Garhi Khusro, Burari, Delhi",61-(LOP),regular,1,66,https://dda.gov.in/sites/default/files/pmuday/66_952.pdf,,2019-11-25,"(1) REGD. NO. 61-(LOP)_Keshav Nagar, Garhi Khusro, Burari, Delhi, (2) REGD. NO.1588_Mukti Aashram Colony, Ibrahim Pur",https://dda.gov.in/delineated-boundary
1754,Village Mundka Kanshi Ram Park Delhi 41,62-(ELD),regular,0,1685,,,2020-04-27,"BOUNDARY OF COLONY CAN NOT BE DELINEATED AS PER ""SOP"" (""Shapefile"" of the colony is not available)",https://dda.gov.in/delineated-boundary
1755,"State Bank Coop Housing Society, Nanak PIAO Factory Owner Association",62-(LOP),regular,0,,,,,Boundary map pending or omitted from DDA portal table,https://dda.gov.in/sites/default/files/pmuday/1731_uc.pdf
1756,Begumpur Village (South) New Delhi 17,63-(ELD),regular,0,1687,,,2020-04-27,"BOUNDARY OF COLONY CAN NOT BE DELINEATED AS PER ""SOP"" (""Shapefile"" of the colony is not available)",https://dda.gov.in/delineated-boundary
1757,"J & K Block, Swaroop Nagar, Delhi-42",63-(LOP),regular,0,1688,,,2020-04-27,"BOUNDARY OF COLONY CAN NOT BE DELINEATED AS PER ""SOP"" (""Shapefile"" of the colony is not available)",https://dda.gov.in/delineated-boundary
1758,"Bakhtawar Pur Extn.II, Bakhtawar Pur, Delhi-36",64-(ELD),regular,0,1689,,,2020-04-27,"BOUNDARY OF COLONY CAN NOT BE DELINEATED AS PER ""SOP"" (""Shapefile"" of the colony is not available)",https://dda.gov.in/delineated-boundary
1759,"Swaroop Nagar, Part-II, East G.T.Road to Buaradi Road, Delhi-42",64-(LOP),regular,0,1690,,,2020-04-27,"BOUNDARY OF COLONY CAN NOT BE DELINEATED AS PER ""SOP"" (""Shapefile"" of the colony is not available)",https://dda.gov.in/delineated-boundary
1760,"Mitroun Uthan Samiti, ICE Factory Road, Village- Mitraoun, New Delhi-43",65-(ELD),regular,0,1691,,,2020-04-27,"BOUNDARY OF COLONY CAN NOT BE DELINEATED AS PER ""SOP"" (""Shapefile"" of the colony is not available)",https://dda.gov.in/delineated-boundary
1761,"Indira Colony Near Sidharth Basti, Ashram, New Delhi-14",65-(LOP),regular,0,1692,,,2020-04-27,"BOUNDARY OF COLONY CAN NOT BE DELINEATED AS PER ""SOP"" (""Shapefile"" of the colony is not available)",https://dda.gov.in/delineated-boundary
1762,Bihari pur Village Fadaration (RWA) Karawal Nagar Delhi 94,66-(ELD),regular,1,209,,https://dda.gov.in/sites/default/files/pmuday/MAP%20209_66-(ELD).pdf,2020-05-16,,https://dda.gov.in/delineated-boundary
1763,Chotiyal Palam Village New Delhi 45,67-(ELD),regular,0,1694,,,2020-04-27,"BOUNDARY OF COLONY CAN NOT BE DELINEATED AS PER ""SOP"" (""Shapefile"" of the colony is not available)",https://dda.gov.in/delineated-boundary
1764,Hasanpur Delhi 92,69-(ELD),regular,1,1005,https://dda.gov.in/sites/default/files/pmuday/1005_69-(ELD).pdf,,2019-12-15,,https://dda.gov.in/delineated-boundary
1765,"Extended Abadi of Sawada Village, New Delhi- 81",7-(ELD),regular,0,1696,,,2020-04-27,"BOUNDARY OF COLONY CAN NOT BE DELINEATED AS PER ""SOP"" (""Shapefile"" of the colony is not available)",https://dda.gov.in/delineated-boundary
1766,"Sahabad Extn. Lal Dora Part II, Main Bawana Road, Sahabad Daulat Pur Delhi 42",7-(LOP),regular,0,1723,,,2020-04-27,"BOUNDARY OF COLONY CAN NOT BE DELINEATED AS PER ""SOP"" (""Shapefile"" of the colony is not available)",https://dda.gov.in/delineated-boundary
1767,"Laxman Colony Village Jindpur, Alipur Delhi 36",70-(ELD),regular,0,1698,,,2020-04-27,"BOUNDARY OF COLONY CAN NOT BE DELINEATED AS PER ""SOP"" (""Shapefile"" of the colony is not available)",https://dda.gov.in/delineated-boundary
1768,"Village Siraspur Part I, Delhi 42",71-(ELD),regular,0,1699,,,2020-04-27,"BOUNDARY OF COLONY CAN NOT BE DELINEATED AS PER ""SOP"" (""Shapefile"" of the colony is not available)",https://dda.gov.in/delineated-boundary
1769,"Extended Abadi of Siraspur Extn, Abadi Part II, Delhi 42",72-(ELD),regular,0,1700,,,2020-04-27,"BOUNDARY OF COLONY CAN NOT BE DELINEATED AS PER ""SOP"" (""Shapefile"" of the colony is not available)",https://dda.gov.in/delineated-boundary
1770,Pooth Kalan Extnded Abadi Delhi 86,73-(ELD),regular,0,1701,,,2020-04-27,"BOUNDARY OF COLONY CAN NOT BE DELINEATED AS PER ""SOP"" (""Shapefile"" of the colony is not available)",https://dda.gov.in/delineated-boundary
1771,Saini Mohalla Extn B- Block Bijwasan Village New Delhi 61,74-(ELD),regular,0,1702,,,2020-04-27,"BOUNDARY OF COLONY CAN NOT BE DELINEATED AS PER ""SOP"" (""Shapefile"" of the colony is not available)",https://dda.gov.in/delineated-boundary
1772,Village Sabha pur Extnded Abadi Delhi 94,75-(ELD),regular,1,200,,https://dda.gov.in/sites/default/files/pmuday/MAP%20200_75%20ELD.pdf,2020-04-23,,https://dda.gov.in/delineated-boundary
1773,Khera Kalan & Khera Garhi Extnded Abadi Post Office Khera Khalan Delhi 82,76-(ELD),regular,0,,,,,Boundary map pending or omitted from DDA portal table,https://dda.gov.in/sites/default/files/pmuday/1731_uc.pdf
1774,Village Khera Kalan Delhi 82,77-(ELD),regular,0,,,,,Boundary map pending or omitted from DDA portal table,https://dda.gov.in/sites/default/files/pmuday/1731_uc.pdf
1775,"Bhalaswa Village, Lal Dora Extn. Delhi 33",78-(ELD),regular,0,1706,,,2020-04-27,"BOUNDARY OF COLONY CAN NOT BE DELINEATED AS PER ""SOP"" (""Shapefile"" of the colony is not available)",https://dda.gov.in/delineated-boundary
1776,Village Garhi Mandu Extn Delhi 53,79-(ELD),regular,0,1707,,,2020-04-27,"BOUNDARY OF COLONY CAN NOT BE DELINEATED AS PER ""SOP"" (""Shapefile"" of the colony is not available)",https://dda.gov.in/delineated-boundary
1777,"Extended Abadi of Village, Basai Dara Pur, New Delhi-15",8-(ELD),regular,0,1708,,,2020-04-27,"BOUNDARY OF COLONY CAN NOT BE DELINEATED AS PER ""SOP"" (""Shapefile"" of the colony is not available)",https://dda.gov.in/delineated-boundary
1778,"A-Block, Majlis Park Village Bharola Delhi 33",8-(LOP),regular,0,1709,,,2020-04-27,"BOUNDARY OF COLONY CAN NOT BE DELINEATED AS PER ""SOP"" (""Shapefile"" of the colony is not available)",https://dda.gov.in/delineated-boundary
1779,"Extended Colony, New Mangla Puri New Delhi 30",80-(ELD),regular,0,1710,,,2020-04-27,"BOUNDARY OF COLONY CAN NOT BE DELINEATED AS PER ""SOP"" (""Shapefile"" of the colony is not available)",https://dda.gov.in/delineated-boundary
1780,Andheri More Extn. Village Mehrauli New Delhi 30,81-(ELD),regular,0,,,,,Boundary map pending or omitted from DDA portal table,https://dda.gov.in/sites/default/files/pmuday/1731_uc.pdf
1781,"Phase -II, Aya Nagar New Delhi 47",82-(ELD),regular,0,,,,,Boundary map pending or omitted from DDA portal table,https://dda.gov.in/sites/default/files/pmuday/1731_uc.pdf
1782,Bijwashan Extn. Bijwashan Village New Delhi 61,83-(ELD),regular,0,,,,,Boundary map pending or omitted from DDA portal table,https://dda.gov.in/sites/default/files/pmuday/1731_uc.pdf
1783,"Dichaon Kalan Extn, Main Dichaon Kalan Road, Najafgarh New Delhi 43",84-(ELD),regular,0,1714,,,2020-04-27,"BOUNDARY OF COLONY CAN NOT BE DELINEATED AS PER ""SOP"" (""Shapefile"" of the colony is not available)",https://dda.gov.in/delineated-boundary
1784,"Sai Lal Bagh Housing Complex, Village Jaffarpur Kalan, New Delhi 73",85-(ELD),regular,0,1715,,,2020-04-27,"BOUNDARY OF COLONY CAN NOT BE DELINEATED AS PER ""SOP"" (""Shapefile"" of the colony is not available)",https://dda.gov.in/delineated-boundary
1785,"Kapashera Extn., Village Kapashera , New Delhi 37",86-(ELD),regular,0,1616,,,2020-04-27,"BOUNDARY OF COLONY CAN NOT BE DELINEATED AS PER ""SOP"" (""Shapefile"" of the colony is not available)",https://dda.gov.in/delineated-boundary
1786,Janda Bakhtawarpur Extn.Delhi 36,87-(ELD),regular,0,1717,,,2020-04-27,"BOUNDARY OF COLONY CAN NOT BE DELINEATED AS PER ""SOP"" (""Shapefile"" of the colony is not available)",https://dda.gov.in/delineated-boundary
1787,Sultanpur Dabas Extn. Delhi 39,88-(ELD),regular,0,1718,,,2020-04-27,"BOUNDARY OF COLONY CAN NOT BE DELINEATED AS PER ""SOP"" (""Shapefile"" of the colony is not available)",https://dda.gov.in/delineated-boundary
1788,Prahlad pur (Banger) Extn. Delhi 42,89-(ELD),regular,0,1719,,,2020-04-27,"BOUNDARY OF COLONY CAN NOT BE DELINEATED AS PER ""SOP"" (""Shapefile"" of the colony is not available)",https://dda.gov.in/delineated-boundary
1789,"Extended Abadi of Village, Pehlad Pur Bangar Lal Dora, Delhi-42",9-(ELD),regular,1,507,,https://dda.gov.in/sites/default/files/pmuday/507_765.pdf,2020-05-22,"(1) 9-(ELD) Extended Abadi of Village, Pehlad Pur Bangar Lal Dora, Delhi-42",https://dda.gov.in/delineated-boundary
1790,"Kavita Colony, Nangloi, Extn Delhi 41",9-(LOP),regular,0,1721,,,2020-04-27,"BOUNDARY OF COLONY CAN NOT BE DELINEATED AS PER ""SOP"" (""Shapefile"" of the colony is not available)",https://dda.gov.in/delineated-boundary
1791,Extended Abadi of Ghitorni Extn Gitorni Village New Delhi 30,90-(ELD),regular,0,1722,,,2020-04-27,"BOUNDARY OF COLONY CAN NOT BE DELINEATED AS PER ""SOP"" (""Shapefile"" of the colony is not available)",https://dda.gov.in/delineated-boundary
1792,"Extneded Lal Dora, Village Nilothi Nangloi New Delhi 41",91-(ELD),regular,0,1723,,,2020-04-27,"BOUNDARY OF COLONY CAN NOT BE DELINEATED AS PER ""SOP"" (""Shapefile"" of the colony is not available)",https://dda.gov.in/delineated-boundary
1793,"Bharola Village, New Sabzi Mandi Azadpur Delhi 33",92-(ELD),regular,0,1724,,,2020-04-27,"BOUNDARY OF COLONY CAN NOT BE DELINEATED AS PER ""SOP"" (""Shapefile"" of the colony is not available)",https://dda.gov.in/delineated-boundary
1794,Molarband Village Badarpur New Delhi 44,93-(ELD),regular,0,1725,,,2020-04-27,"BOUNDARY OF COLONY CAN NOT BE DELINEATED AS PER ""SOP"" (""Shapefile"" of the colony is not available)",https://dda.gov.in/delineated-boundary
1795,Gautam Nagar Village Yusuf Sarai New Delhi,94-(ELD),regular,1,1072,,https://dda.gov.in/sites/default/files/pmuday/1072_94%20ELD.pdf,2020-06-08,,https://dda.gov.in/delineated-boundary
1796,Pochan Pur Extn. 'C' Block New Delhi 77,95-(ELD),regular,1,401,,https://dda.gov.in/sites/default/files/pmuday/401_1068.pdf,2020-05-20,(1) REGD. NO.95-(ELD)_Pochan Pur Extn. 'C' Block New Delhi 77,https://dda.gov.in/delineated-boundary
1797,E- Block Prem Nagar Najafgarh New Delhi 43,96-(ELD),regular,1,763,,https://dda.gov.in/sites/default/files/pmuday/763_1265.pdf,2020-06-01,(1) REGD. NO.96-(ELD)_E- Block Prem Nagar Najafgarh New Delhi 43,https://dda.gov.in/delineated-boundary
1798,Pooth Kalan Extn. Pooth Kalan Delhi 86,97-(ELD),regular,1,937,https://dda.gov.in/sites/default/files/pmuday/937_450.pdf,,2019-12-11,(1)97-(ELD) Pooth Kalan Extn. Pooth Kalan Delhi 86,https://dda.gov.in/delineated-boundary
1799,"Wazirpur Village Ashok Vihar Phase I, Delhi 52",98-(ELD),regular,0,1730,,,2020-04-27,"BOUNDARY OF COLONY CAN NOT BE DELINEATED AS PER ""SOP"" (""Shapefile"" of the colony is not available)",https://dda.gov.in/delineated-boundary
1800,"Raza Pur Village Vistar Abadi, sector - 9, Rohini Delhi 85",99-(ELD),regular,0,1731,,,2020-04-27,"BOUNDARY OF COLONY CAN NOT BE DELINEATED AS PER ""SOP"" (""Shapefile"" of the colony is not available)",https://dda.gov.in/delineated-boundary
